CODIGO;CODIGO EQUIVALENTE;LOCALIZAÇÃO;QUANTIDADE;;FORNECEDOR;FAMILIA;OBSER;;;ENTRADA;SAIDA;
CODIGO;CODIGO EQUIVALENTE;LOCALIZAÇAO;QUANTIDADE;QTD;FORNECEDOR;FAMILIA;OBSER;Coluna9;DESCRICAO;ENTRADA;SAIDA;O
63998931;63998931;ARMARIO 02;3;0;ABB;VENTILADOR;;;;5;2;O
64650424;64650424;ARMARIO 02;1;;ABB;;;;;2;1;
68257662;68257662;ARMARIO 01;0;0;ABB;;;;;3;3;
68569354;;ARMARIO 01;4;0;ABB;;;;;4;0;
100C09C200;100C09C200;F 34;6;0;ALLEN BRADLEY;;;#N/D;;6;0;
100C09EJ10;100C09EJ10;F 34;0;0;ALLEN BRADLEY;;;#N/D;;0;0;
100C16DJ10;100C16DJ10;F 34;0;0;ALLEN BRADLEY;;1- Fora da cx.;#N/D;;0;0;
100C23D10;100C23D10;F;1;0;ALLEN BRADLEY;;1- Fora da cx.;#N/D;;1;0;
100C23DJ10;100C23DJ10;F 34;3;0;ALLEN BRADLEY;;;#N/D;;3;0;
100C23EJ10;100C23EJ10;F 34;0;0;ALLEN BRADLEY;;;#N/D;;0;0;
100C23ZJ10;100C23ZJ10;F 34;6;0;ALLEN BRADLEY;;;#N/D;;6;0;
100C30D10;100C30D10;F;1;0;ALLEN BRADLEY;;;#N/D;;1;0;
100C30DJ10;100C30DJ10;F 34;1;0;ALLEN BRADLEY;;;#N/D;;1;0;
100C37DJ10;100C37DJ10;F 34;1;0;ALLEN BRADLEY;;;#N/D;;1;0;
100C43D00;100C43D00;F 34;0;0;ALLEN BRADLEY;;;#N/D;;0;0;
100C72KF00;100C72KF00;F 34;0;0;ALLEN BRADLEY;;;#N/D;;0;0;
100C85D10;100C85D10;F 34;0;0;ALLEN BRADLEY;;;#N/D;;0;0;
100C85KB10;100C85KB10;F 31;3;0;ALLEN BRADLEY;;;#N/D;;3;0;
100D210EA11;100D210EA11;F 35;1;0;ALLEN BRADLEY;;;#N/D;;1;0;
100D860;100D860;F 34;0;0;ALLEN BRADLEY;;CAIXA DANIFICADA;#N/D;;0;0;
100DC110;100DC110;F 34;1;0;ALLEN BRADLEY;;;#N/D;;1;0;
100DNY41R;100DNY41R;F 36;5;0;ALLEN BRADLEY;;;#N/D;;5;0;
100DS111;100DS111;F 34;1;0;ALLEN BRADLEY;;;#N/D;;1;0;
100DS211;100DS211;F 34;2;0;ALLEN BRADLEY;;2 PC-F/CAIXA (LOCALIZADO NA CAIXA 01);#N/D;;2;0;
100DTB420;100DTB420;F 35;1;0;ALLEN BRADLEY;;;#N/D;;1;0;
100-FA11;100-FA11;F 34;14;0;ALLEN BRADLEY;;;#N/D;;14;0;
100-FA22;100-FA22;F 34;7;0;ALLEN BRADLEY;;;;;7;0;
100FA31;100FA31;F 34;1;0;ALLEN BRADLEY;;;#N/D;;1;0;
100FA40;100FA40;F 34;0;0;ALLEN BRADLEY;;;#N/D;;0;0;
100FPTA180;100FPTA180;F 34;2;0;ALLEN BRADLEY;;;#N/D;;2;0;
100FPTB30;100FPTB30;F 34;3;0;ALLEN BRADLEY;;;#N/D;;3;0;
100FSV136;100FSV136;F 34;16;0;ALLEN BRADLEY;;;#N/D;;16;0;
100K05KA10;100K05KA10;F;1;0;ALLEN BRADLEY;;;#N/D;;1;0;
100K05ZJ300;100K05ZJ300;F;6;0;ALLEN BRADLEY;;;#N/D;;6;0;
100K09KF10;100K09KF10;F;9;0;ALLEN BRADLEY;;;#N/D;;9;0;
100KFA13E;100KFA13E;F 34;7;0;ALLEN BRADLEY;;F\CX;#N/D;;7;0;
100KFSD250;100KFSD250;F 34;1;0;ALLEN BRADLEY;;;#N/D;;1;0;
100M05NZ3;100M05NZ3;F;6;0;ALLEN BRADLEY;;F\CX;#N/D;;6;0;
100M09N3;100M09N3;F;2;0;ALLEN BRADLEY;;F\CX;#N/D;;2;0;
100NH00GB;100NH00GB;F 35;1;0;BUSMANN;;100A X 500V;#N/D;;1;0;
100SA01;100SA01;F;1;0;ALLEN BRADLEY;;;#N/D;;1;0;
100SA10;100SA10;F;48;0;ALLEN BRADLEY;;;#N/D;;48;0;
100SA11;100SA11;F 34;15;0;ALLEN BRADLEY;;;#N/D;;15;0;
100SB01;100SB01;F 34;9;0;ALLEN BRADLEY;;;#N/D;;9;0;
100SB20;100SB20;F 34;9;0;ALLEN BRADLEY;;;#N/D;;9;0;
100SC09KD14C;100SC09KD14C;F 35;2;0;ALLEN BRADLEY;;;#N/D;;2;0;
100SC09KJ14C;100SC09KJ14C;F 35;1;0;ALLEN BRADLEY;;;#N/D;;1;0;
100SC16DJ14C;100SC16DJ14C;F 34;2;0;ALLEN BRADLEY;;;#N/D;;2;0;
100SC60D14C;100SC60D14C;F;1;0;ALLEN BRADLEY;;;#N/D;;1;0;
100SC60KG14C;100SC60KG14C;F 31;1;0;ALLEN BRADLEY;;;#N/D;;1;0;
100SD110KF22C;100SD110KF22C;F 36;4;0;ALLEN BRADLEY;;1 PEÇA E SERIE A;#N/D;;4;0;
100SD300EZJ22C;100SD300EZJ22C;F 36;3;0;ALLEN BRADLEY;;;#N/D;;3;0;
105PW23;105PW23;F;22;0;ALLEN BRADLEY;;;#N/D;;22;0;
1202C03;1202C03;F 55;1;0;ALLEN BRADLEY;;F\CX;#N/D;;1;0;
1202C30A;1202C30A;F;1;0;ALLEN BRADLEY;;;#N/D;;1;0;
1202H30A;1202H30A;F;1;0;ALLEN BRADLEY;;;#N/D;;1;0;
1203USB;1203USB;F;0;0;ALLEN BRADLEY;;;#N/D;;0;0;
130B1096;130B1096;N/A;4;0;DANFOSS;;;#N/D;;4;0;
132B0100;132B0100;N/A;4;0;DANFOSS;;;#N/D;;4;0;
132F0002;132F0002;N/A;1;0;DANFOSS;;;#N/D;;1;0;
132F0003;132F0003;N/A;3;0;DANFOSS;;;#N/D;;3;0;
132F0007;132F0007;C 04;0;0;DANFOSS;;;#N/D;;0;0;
1336BDBSP17D;1336BDBSP17D;F;1;0;ALLEN BRADLEY;;;#N/D;;1;0;
1336F1SP20B;1336F1SP20B;F;1;0;ALLEN BRADLEY;;;#N/D;;1;0;
1336F1SP8B;1336F1SP8B;F;3;0;ALLEN BRADLEY;;;#N/D;;3;0;
1336FLA2;1336FLA2;F;1;0;ALLEN BRADLEY;;;#N/D;;1;0;
1336PBSP23D;1336PBSP23D;F;3;0;ALLEN BRADLEY;;;#N/D;;3;0;
1403-BA;1403-BA;F 06;1;0;ALLEN BRADLEY;;BATTERY;#N/D;;1;0;
1403CF003;1403CF003;F;2;0;ALLEN BRADLEY;;;#N/D;;2;0;
1403CF020;1403CF020;F 39;3;0;ALLEN BRADLEY;;;#N/D;;3;0;
140GG6C3C50;140GG6C3C50;F 33;2;0;ALLEN BRADLEY;;;#N/D;;2;0;
140GGRMX;140GGRMX;F 33;6;0;ALLEN BRADLEY;;;#N/D;;6;0;
140GGTC3H;140GGTC3H;F 33;1;0;ALLEN BRADLEY;;;#N/D;;1;0;
140GHEA3R1A;140GHEA3R1A;F 26;3;0;ALLEN BRADLEY;;;#N/D;;3;0;
140GNRPE10;140GNRPE10;F 26;1;0;ALLEN BRADLEY;;;#N/D;;1;0;
140MC2EB16;140MC2EB16;F;0;0;ALLEN BRADLEY;;;#N/D;;0;0;
140MC2EB63KY;140MC2EB63KY;F;1;0;ALLEN BRADLEY;;;#N/D;;1;0;
140MC2EC10;140MC2EC10;F;0;0;ALLEN BRADLEY;;;#N/D;;0;0;
140MC2EC20;140MC2EC20;F;0;0;ALLEN BRADLEY;;;#N/D;;0;0;
140MCAFA01;140MCAFA01;F 26;4;0;ALLEN BRADLEY;;;#N/D;;4;0;
140MCAFA11;140MCAFA11;F;0;0;ALLEN BRADLEY;;;#N/D;;0;0;
140MCASA11;140MCASA11;F;0;0;ALLEN BRADLEY;;;#N/D;;0;0;
140MCASA20;140MCASA20;F 33;2;0;ALLEN BRADLEY;;;#N/D;;2;0;
140MCASAR01M10;140MCASAR01M10;F 33;5;0;ALLEN BRADLEY;;;#N/D;;5;0;
140MCKN1;140MCKN1;F 26;1;0;ALLEN BRADLEY;;;#N/D;;1;0;
140MCN45;140MCN45;F 31;90;0;ALLEN BRADLEY;;;#N/D;;90;0;
140MCPNC23;140MCPNC23;F 26;1;0;ALLEN BRADLEY;;;#N/D;;1;0;
140MCSHS;140MCSHS;F 33;3;0;ALLEN BRADLEY;;;#N/D;;3;0;
140MCSNZJ;140MCSNZJ;F 33;1;0;ALLEN BRADLEY;;;#N/D;;1;0;
140MCW543;140MCW543;F 26;4;0;ALLEN BRADLEY;;;#N/D;;4;0;
140M-C-WTEN;140M-C-WTEN;F 26;48;0;ALLEN BRADLEY;;;#N/D;;48;0;
140MD8EC10;140MD8EC10;F;1;0;ALLEN BRADLEY;;;#N/D;;1;0;
140MH8PB70;140MH8PB70;F 32;1;0;ALLEN BRADLEY;;;#N/D;;1;0;
140MH8PC30;140MH8PC30;F 32;11;0;ALLEN BRADLEY;;;#N/D;;11;0;
140MH8PD10;140MH8PD10;F 26;1;0;ALLEN BRADLEY;;;#N/D;;1;0;
140MI8ED16CX;140MI8ED16CX;F 26;1;0;ALLEN BRADLEY;;;#N/D;;1;0;
140MPAAFA11;140MPAAFA11;F 26;90;0;ALLEN BRADLEY;;;#N/D;;90;0;
140N11;140N11;F 26;6;0;ALLEN BRADLEY;;;#N/D;;6;0;
140NW23;140NW23;F 26;4;0;ALLEN BRADLEY;;;#N/D;;4;0;
140UD6D2B30;140UD6D2B30;F 26;1;0;ALLEN BRADLEY;;;#N/D;;1;0;
140UD6D2C30;140UD6D2C30;F 26;1;0;ALLEN BRADLEY;;;#N/D;;1;0;
140UGRVM12B;140UGRVM12B;F 32;1;0;ALLEN BRADLEY;;;#N/D;;1;0;
140UH3C3C50;140UH3C3C50;F 32;7;0;ALLEN BRADLEY;;;#N/D;;7;0;
140UHEA1;140UHEA1;F 32;14;0;ALLEN BRADLEY;;;#N/D;;14;0;
140UHEA1R1;140UHEA1R1;F 32;6;0;ALLEN BRADLEY;;;#N/D;;6;0;
140UHRCR;140UHRCR;F 32;2;0;ALLEN BRADLEY;;;#N/D;;2;0;
140UHRM12B;140UHRM12B;F 33;2;0;ALLEN BRADLEY;;;#N/D;;2;0;
140UHS4;140UHS4;F 26;1;0;ALLEN BRADLEY;;;#N/D;;1;0;
140UHTS;140UHTS;F 31;9;0;ALLEN BRADLEY;;;#N/D;;9;0;
140UJ3X3;140UJ3X3;F;1;0;ALLEN BRADLEY;;;#N/D;;1;0;
140UJECM;140UJECM;F 31;1;0;ALLEN BRADLEY;;;#N/D;;1;0;
140UJRM12B;140UJRM12B;F 33;1;0;ALLEN BRADLEY;;;#N/D;;1;0;
140UJTL3C50;140UJTL3C50;F 32;1;0;ALLEN BRADLEY;;;#N/D;;1;0;
140UJTLS1;140UJTLS1;F 31;17;0;ALLEN BRADLEY;;;#N/D;;17;0;
140ULECM;140ULECM;F 31;9;0;ALLEN BRADLEY;;;#N/D;;9;0;
140UMTD3D70;140UMTD3D70;F 25;6;0;ALLEN BRADLEY;;;#N/D;;6;0;
140UNRM12B;140UNRM12B;F 43;1;0;ALLEN BRADLEY;;;#N/D;;1;0;
140UPB;140UPB;F 26;4;0;ALLEN BRADLEY;;;#N/D;;4;0;
140UPY;140UPY;F;1;0;ALLEN BRADLEY;;;#N/D;;1;0;
1426DM;1426DM;F 39;2;0;ALLEN BRADLEY;;;#N/D;;2;0;
1443CBL-MS2IBC-32S;1443CBL-MS2IBC-32S;F 54;1;0;ALLEN BRADLEY;;;#N/D;;1;0;
1485ACAP;1485ACAP;F 55;1;0;ALLEN BRADLEY;;;#N/D;;1;0;
1485AT1N5;1485AT1N5;F 55;4;0;ALLEN BRADLEY;;;#N/D;;4;0;
1485CP1A100;1485CP1A100;F;1;0;ALLEN BRADLEY;;;#N/D;;1;0;
1485CP1A150;1485CP1A150;F;1;0;ALLEN BRADLEY;;;#N/D;;1;0;
1485CP1C50A;1485CP1C50A;F;0;0;ALLEN BRADLEY;;;#N/D;;0;0;
1485GP4N5C;1485GP4N5C;F;6;0;ALLEN BRADLEY;;;#N/D;;6;0;
1485GP5N5C;1485GP5N5C;F;12;0;ALLEN BRADLEY;;;#N/D;;12;0;
1485PP1E4R5;1485PP1E4R5;F;0;0;ALLEN BRADLEY;;;#N/D;;0;0;
1485PP1E4S;1485PP1E4S;F;2;0;ALLEN BRADLEY;;;#N/D;;2;0;
1485PP1H4R5;1485PP1H4R5;F 55;6;0;ALLEN BRADLEY;;;#N/D;;6;0;
1485PP1N5MN5R1;1485PP1N5MN5R1;F;0;0;ALLEN BRADLEY;;;#N/D;;0;0;
1485PP2T5T5;1485PP2T5T5;F;0;0;ALLEN BRADLEY;;01 PÇ NO OBSOLETO;#N/D;;0;0;
1485RP2M5C;1485RP2M5C;F;0;0;ALLEN BRADLEY;;;#N/D;;0;0;
1485RP3V5C;1485RP3V5C;F;6;0;ALLEN BRADLEY;;;#N/D;;6;0;
1485RP5M5R5;1485RP5M5R5;F;4;0;ALLEN BRADLEY;;;#N/D;;4;0;
1485RP6M5C;1485RP6M5C;F;3;0;ALLEN BRADLEY;;;#N/D;;3;0;
1485RSP2M5C;1485RSP2M5C;F;3;0;ALLEN BRADLEY;;;#N/D;;3;0;
1489A3D060;1489A3D060;F 40;1;0;ALLEN BRADLEY;;;#N/D;;1;0;
1489M1C030;1489M1C030;F 40;2;0;ALLEN BRADLEY;;;#N/D;;2;0;
1489M1C050;1489M1C050;F 40;2;0;ALLEN BRADLEY;;;#N/D;;2;0;
1489M1C200;1489M1C200;F 40;2;0;ALLEN BRADLEY;;;#N/D;;2;0;
1489M1D130;1489M1D130;F 40;2;0;ALLEN BRADLEY;;;#N/D;;2;0;
1492AIFM6S3;1492AIFM6S3;F 39;3;0;ALLEN BRADLEY;;;#N/D;;3;0;
1492ASPCL306;1492ASPCL306;F 20;6;0;ALLEN BRADLEY;;;#N/D;;6;0;
1492ASPH3;1492ASPH3;F 20;0;0;ALLEN BRADLEY;;;#N/D;;0;0;
1492ASPLOA;1492ASPLOA;F 39;115;0;ALLEN BRADLEY;;;#N/D;;115;0;
1492CABLE010X;1492CABLE010X;F 54;1;0;ALLEN BRADLEY;;F\CX;#N/D;;1;0;
1492CABLE025C;1492CABLE025C;F 63;1;0;ALLEN BRADLEY;;;#N/D;;1;0;
1492CABLE050A;1492CABLE050A;F;1;0;ALLEN BRADLEY;;;#N/D;;1;0;
1492CJ610;1492CJ610;F 21;60;0;ALLEN BRADLEY;;;#N/D;;60;0;
1492CJJ510;1492CJJ510;F;29;0;ALLEN BRADLEY;;;#N/D;;29;0;
1492CJJ62;1492CJJ62;F 21;33;0;ALLEN BRADLEY;;;#N/D;;33;0;
1492CJK54;1492CJK54;F 21;120;0;ALLEN BRADLEY;;;#N/D;;120;0;
1492CJK62;1492CJK62;F 20;331;0;ALLEN BRADLEY;;;#N/D;;331;0;
1492CM1771LD007;1492CM1771LD007;F 21;1;0;ALLEN BRADLEY;;;#N/D;;1;0;
1492DN3TW;1492DN3TW;F 21;2;0;ALLEN BRADLEY;;;#N/D;;2;0;
1492EAJ35;1492EAJ35;F 21;0;0;ALLEN BRADLEY;;;#N/D;;7;7;
1492EB3;1492EB3;F 21;104;0;ALLEN BRADLEY;;;#N/D;;104;0;
1492EB3Y;1492EB3Y;F 20;100;0;ALLEN BRADLEY;;;#N/D;;100;0;
1492EBJ3;1492EBJ3;F 21;0;0;ALLEN BRADLEY;;;#N/D;;0;0;
1492EBJD3;1492EBJD3;F 21;0;0;ALLEN BRADLEY;;;#N/D;;3;3;
1492EBL2;1492EBL2;F 20;49;0;ALLEN BRADLEY;;;#N/D;;49;0;
1492EBL6;1492EBL6;F 20;50;0;ALLEN BRADLEY;;;#N/D;;50;0;
1492EBLD2;1492EBLD2;F;300;0;ALLEN BRADLEY;;;#N/D;;300;0;
1492-ERL35;1492-ERL35;F;1;0;ALLEN BRADLEY;;MATERIAIS RASURADOS;#N/D;;1;0;
1492GM35;1492GM35;F 20;0;0;ALLEN BRADLEY;;;#N/D;;10;10;
1492GS2G060H1;1492GS2G060H1;F 21;1;0;ALLEN BRADLEY;;;#N/D;;1;0;
1492-H;1492-H;F 39;3;0;ALLEN BRADLEY;;;#N/D;;3;0;
1492IFM20FN;1492IFM20FN;F 39;2;0;ALLEN BRADLEY;;;#N/D;;2;0;
1492IFM40DS1204;1492IFM40DS1204;F 31;5;0;ALLEN BRADLEY;;;#N/D;;5;0;
1492J35;1492J35;F 21;24;0;ALLEN BRADLEY;;;#N/D;;24;0;
1492J3TW-BCO;1492J3TW-BCO;F 21;59;0;ALLEN BRADLEY;;;#N/D;;59;0;
1492J3TW-CZ;1492J3TW-CZ;F 20;135;0;ALLEN BRADLEY;;;#N/D;;135;0;
1492J3WBCO;1492J3WBCO;F 20;100;0;ALLEN BRADLEY;;;#N/D;;100;0;
1492J4;1492J4;F 21;10;0;ALLEN BRADLEY;;;#N/D;;10;0;
1492J4B;1492J4B;F 21;194;0;ALLEN BRADLEY;;;#N/D;;194;0;
1492J50B;1492J50B;F 20;10;0;ALLEN BRADLEY;;;#N/D;;10;0;
1492JD3C;1492JD3C;F 20;68;0;ALLEN BRADLEY;;;#N/D;;68;0;
1492JD3P;1492JD3P;F 21;9;0;ALLEN BRADLEY;;;#N/D;;9;0;
1492JD3RB121;1492JD3RB121;F 21;19;0;ALLEN BRADLEY;;;#N/D;;19;0;
1492JG120;1492JG120;F 20;4;0;ALLEN BRADLEY;;;#N/D;;4;0;
1492JG16;1492JG16;F 21;13;0;ALLEN BRADLEY;;;#N/D;;13;0;
1492JG50;1492JG50;F 20;4;0;ALLEN BRADLEY;;F\CX;#N/D;;4;0;
1492L2TW;1492L2TW;F 21;100;0;ALLEN BRADLEY;;;#N/D;;100;0;
1492L4G;1492L4G;F 21;150;0;ALLEN BRADLEY;;;#N/D;;150;0;
1492L4T;1492L4T;F 21;28;0;ALLEN BRADLEY;;;#N/D;;28;0;
1492-LD4DR;1492-LD4DR;F 21;56;0;ALLEN BRADLEY;;;#N/D;;56;0;
1492LG3Q;1492LG3Q;F 20;90;0;ALLEN BRADLEY;;;#N/D;;90;0;
1492LMG3;1492LMG3;F 21;18;0;ALLEN BRADLEY;;;#N/D;;18;0;
1492M7X12;1492M7X12;F 20;35;0;ALLEN BRADLEY;;;#N/D;;35;0;
1492M8X5;1492M8X5;F 20;55;0;ALLEN BRADLEY;;;#N/D;;55;0;
1492MCEA215;1492MCEA215;F 40;1;0;ALLEN BRADLEY;;;#N/D;;1;0;
1492MS6X9HGND;1492MS6X9HGND;F 20;5;0;ALLEN BRADLEY;;;#N/D;;5;0;
1492MS8X9;1492MS8X9;F 20;6;0;ALLEN BRADLEY;;;#N/D;;6;0;
1492MS8X9H6170;1492MS8X9H6170;F 20;5;0;ALLEN BRADLEY;;;#N/D;;5;0;
1492N37;1492N37;F 21;10;0;ALLEN BRADLEY;;;#N/D;;10;0;
1492PD3C141;1492PD3C141;F 20;2;0;ALLEN BRADLEY;;;#N/D;;2;0;
1492-PLOTPEN25;1492-PLOTPEN25;F 39;3;0;ALLEN BRADLEY;;CAIXA DANIFICADA;#N/D;;3;0;
1492RCD2A25;1492RCD2A25;F 40;10;0;ALLEN BRADLEY;;;#N/D;;10;0;
1492RCD4A25;1492RCD4A25;F 40;1;0;ALLEN BRADLEY;;;#N/D;;1;0;
1492RCD4A80;1492RCD4A80;F 40;1;0;ALLEN BRADLEY;;;#N/D;;1;0;
1492SP1B400;1492SP1B400;F 40;1;0;ALLEN BRADLEY;;;#N/D;;1;0;
1492SP1C005;1492SP1C005;F 40;1;0;ALLEN BRADLEY;;F\CX;#N/D;;1;0;
1492SP1C040;1492SP1C040;F 40;1;0;ALLEN BRADLEY;;;#N/D;;1;0;
1492SP1C100;1492SP1C100;F 40;1;0;ALLEN BRADLEY;;F\CX;#N/D;;1;0;
1492SP1C150;1492SP1C150;F 40;2;0;ALLEN BRADLEY;;;#N/D;;2;0;
1492SP1C200;1492SP1C200;F 40;17;0;ALLEN BRADLEY;;;#N/D;;17;0;
1492SP1C630;1492SP1C630;F 40;1;0;ALLEN BRADLEY;;;#N/D;;1;0;
1492SP2B630;1492SP2B630;F 40;1;0;ALLEN BRADLEY;;;#N/D;;1;0;
1492SP2C020;1492SP2C020;F 40;2;0;ALLEN BRADLEY;;;#N/D;;2;0;
1492SP2D150;1492SP2D150;F 40;3;0;ALLEN BRADLEY;;;#N/D;;3;0;
1492SP3C160N;1492SP3C160N;F 40;1;0;ALLEN BRADLEY;;;#N/D;;1;0;
1492SP3D250;1492SP3D250;F 40;3;0;ALLEN BRADLEY;;;#N/D;;3;0;
1492SP3D400;1492SP3D400;F 40;1;0;ALLEN BRADLEY;;;#N/D;;1;0;
1492SPM1B020;1492SPM1B020;F 40;1;0;ALLEN BRADLEY;;;#N/D;;1;0;
1492SPM1B040;1492SPM1B040;F 40;1;0;ALLEN BRADLEY;;;#N/D;;1;0;
1492SPM1B050N;1492SPM1B050N;F 40;1;0;ALLEN BRADLEY;;;#N/D;;1;0;
1492SPM1B200;1492SPM1B200;F 40;1;0;ALLEN BRADLEY;;;#N/D;;1;0;
1492SPM1C020;1492SPM1C020;F 40;42;0;ALLEN BRADLEY;;;#N/D;;42;0;
1492SPM1C060;1492SPM1C060;F 40;9;0;ALLEN BRADLEY;;2 F/CX;#N/D;;9;0;
1492SPM1C100;1492SPM1C100;F 40;0;0;ALLEN BRADLEY;;;#N/D;;4;4;
1492SPM2B060;1492SPM2B060;F 40;0;0;ALLEN BRADLEY;;F\CX;#N/D;;2;2;
1492SPM2B100;1492SPM2B100;F 40;6;0;ALLEN BRADLEY;;;#N/D;;6;0;
1492SPM2C040;1492SPM2C040;F 40;0;0;ALLEN BRADLEY;;;#N/D;;0;0;
1492SPM2C250;1492SPM2C250;F 40;1;0;ALLEN BRADLEY;;;#N/D;;1;0;
1492SPM2C500;1492SPM2C500;F 40;0;0;ALLEN BRADLEY;;;#N/D;;0;0;
1492SPM2D300;1492SPM2D300;F 40;8;0;ALLEN BRADLEY;;;#N/D;;8;0;
1492SPM3C060;1492SPM3C060;F 40;2;0;ALLEN BRADLEY;;;#N/D;;2;0;
1492SPM3C100;1492SPM3C100;F 40;2;0;ALLEN BRADLEY;;;#N/D;;2;0;
1492W10;1492W10;F 21;177;0;ALLEN BRADLEY;;;#N/D;;177;0;
1492W16;1492W16;F 20;20;0;ALLEN BRADLEY;;F\CX;#N/D;;20;0;
1492W4;1492W4;F 21;7;0;ALLEN BRADLEY;;CZA;#N/D;;7;0;
1492W4B;1492W4B;F 21;145;0;ALLEN BRADLEY;;AZ;#N/D;;145;0;
1492WD4;1492WD4;F 20;19;0;ALLEN BRADLEY;;;#N/D;;19;0;
1492WFB4;1492WFB4;F 21;0;0;ALLEN BRADLEY;;;#N/D;;0;0;
1492WFB424;1492WFB424;F 21;0;0;ALLEN BRADLEY;;;#N/D;;0;0;
1492XIM2416RF;1492XIM2416RF;F 39;1;0;ALLEN BRADLEY;;;#N/D;;1;0;
1494VRA3;1494VRA3;F 39;4;0;ALLEN BRADLEY;;;#N/D;;4;0;
1500S;PV000019301;N/A;0;0;GROWATT;;;#N/D;;0;0;
150C30NBD;150C30NBD;F 37;2;0;ALLEN BRADLEY;;;#N/D;;2;0;
150C60NBD;150C60NBD;F;1;0;ALLEN BRADLEY;;;#N/D;;1;0;
150C9NBR;150C9NBR;F;0;0;ALLEN BRADLEY;;;#N/D;;0;0;
150CF147;150CF147;F;1;0;ALLEN BRADLEY;;;#N/D;;1;0;
150D32NBD;150D32NBD;F;1;0;ALLEN BRADLEY;;;#N/D;;1;0;
150D64NBD;150D64NBD;F;1;0;ALLEN BRADLEY;;;#N/D;;1;0;
1585J-M4TBJM1;1585J-M4TBJM1;F;0;0;ALLEN BRADLEY;;;#N/D;;0;0;
1585J-M4TBJM3;1585J-M4TBJM3;F;0;0;ALLEN BRADLEY;;;#N/D;;0;0;
1585J-M8CBJM0M3;1585J-M8CBJM0M3;F;1;0;ALLEN BRADLEY;;;#N/D;;1;0;
1585J-M8CBJM0M6;1585J-M8CBJM0M6;F;0;0;ALLEN BRADLEY;;;#N/D;;0;0;
1585J-M8CBJM-1;1585J-M8CBJM-1;F 16;1;0;ALLEN BRADLEY;;;#N/D;;2;1;
1585J-M8CBJM-2;1585J-M8CBJM-2;F 16;0;0;ALLEN BRADLEY;;;#N/D;;4;4;
1585J-M8CBJM-3;1585J-M8CBJM-3;F 16;0;0;ALLEN BRADLEY;;;#N/D;;5;5;
1585J-M8CBJM-4;1585J-M8CBJM-4;F 16;0;0;ALLEN BRADLEY;;;#N/D;;5;5;
1585J-M8CBJM-5;1585J-M8CBJM-5;;3;0;ALLEN BRADLEY;;;;;3;0;
1585J-M8CCC;1585J-M8CCC;F;650;0;ALLEN BRADLEY;;;#N/D;;650;0;
1585J-M8HBJM5;1585J-M8HBJM5;F;0;;ALLEN BRADLEY;;;#N/D;;0;0;
1585J-M8PBJM3;1585J-M8PBJM3;F;0;0;ALLEN BRADLEY;;;#N/D;;0;0;
1585J-M8PBJM5;1585J-M8PBJM5;F;1;0;ALLEN BRADLEY;;;#N/D;;1;0;
1585J-M8TBJM1M9;1585J-M8TBJM1M9;F;1;0;ALLEN BRADLEY;;;#N/D;;1;0;
1606XL120DR;1606XL120DR;F 14;1;0;ALLEN BRADLEY;;;#N/D;;1;0;
1606XL120E3;1606XL120E3;F 14;1;0;ALLEN BRADLEY;;PÇ CX. TROCADA;#N/D;;1;0;
1606XL240E;1606XL240E;F 14;0;0;ALLEN BRADLEY;;;#N/D;;0;0;
1606XL480E;1606XL480E;F 14;0;0;ALLEN BRADLEY;;;#N/D;;0;0;
1606XLB120E;1606XLB120E;F 14;0;0;ALLEN BRADLEY;;;#N/D;;0;0;
1606XLBUFFER;1606XLBUFFER;F 14;3;0;ALLEN BRADLEY;;1 F\CX;#N/D;;3;0;
1606XLDNET4;1606XLDNET4;F 14;0;0;ALLEN BRADLEY;;;#N/D;;0;0;
1606XLE120E;1606XLE120E;F 14;0;0;ALLEN BRADLEY;;;#N/D;;0;0;
1606XLE120E2;1606XLE120E2;F 14;2;0;ALLEN BRADLEY;;1 F/CX;#N/D;;2;0;
1606XLE240E;1606XLE240E;F 14;0;0;ALLEN BRADLEY;;;#N/D;;0;0;
1606XLP25A;1606XLP25A;F 14;0;0;ALLEN BRADLEY;;;#N/D;;0;0;
1606XLP50E;1606XLP50E;F 14;0;0;ALLEN BRADLEY;;;#N/D;;0;0;
1606XLP72E;1606XLP72E;F 14;0;0;ALLEN BRADLEY;;;#N/D;;2;2;
1606XLP90E2;1606XLP90E2;F 14;2;0;ALLEN BRADLEY;;1 F/CX;#N/D;;2;0;
1606XLRED20-30;1606XLRED20-30;F 14;1;0;ALLEN BRADLEY;;F\CX;#N/D;;1;0;
1606XLRED40;1606XLRED40;F 14;1;0;ALLEN BRADLEY;;;#N/D;;1;0;
1606XLS120E;1606XLS120E;F 14;0;CERTO;ALLEN BRADLEY;;;#N/D;;0;0;
1606XLS240E;1606XLS240E;F 14;0;0;ALLEN BRADLEY;;;#N/D;;0;0;
1606XLS480E3;1606XLS480E3;F 14;0;0;ALLEN BRADLEY;;;#N/D;;0;0;
1609U500E;1609U500E;F;0;0;ALLEN BRADLEY;;;#N/D;;0;0;
160DN2;160DN2;F;1;0;ALLEN BRADLEY;;;#N/D;;1;0;
165LTTM5TM5;1SNA216110R2200;N/A;18;0;ETE;;;#N/D;;18;0;
1694-PFA1244;1694-PFA1244;F;5;0;ALLEN BRADLEY;;;#N/D;;5;0;
16NHG000B690;16NHG000B690;N/A;2;0;BUSMANN;;16A X 690V;#N/D;;2;0;
170M1518;170M1518;N/A;1;0;BUSMANN;;125AX690V;#N/D;;1;0;
170M1558ABB;1SCA080880R1001;D 26;0;0;ABB;FUSIVEL ULTRARRAPIDO;;#N/D;;0;0;C
170M1559ABB;1SCA080881R1001 ;D 26;6;0;ABB;FUSIVEL ULTRARRAPIDO;16A X 690V;; B ;6;0;C
170M1560ABB;1SCA080882R1001;D 26;0;0;ABB;FUSIVEL ULTRARRAPIDO;20AX690V;#N/D;;0;0;C
170M1561ABB;1SCA080883R1001;D 26;3;0;ABB;FUSIVEL ULTRARRAPIDO;10A X 690V;#N/D; B ;3;0;C
170M1562ABB;1SCA080884R1001;D 26;1;0;ABB;FUSIVEL ULTRARRAPIDO;32A X 690V;#N/D; B ;1;0;C
170M1563ABB;1SCA080885R1001;D 26;0;0;ABB;FUSIVEL ULTRARRAPIDO;40A X 690V;#N/D;;8;8;
170M1564ABB;1SCA080886R1001;D 26;0;0;ABB;FUSIVEL ULTRARRAPIDO;50A X 690V;#N/D;;0;0;C
170M1565ABB;1SCA080887R1001;D 20;15;CERTO;ABB;FUSIVEL ULTRARRAPIDO;63A X 690V;#N/D; B ;18;3;
170M1566ABB;1SCA080888R1001;D 26;3;0;ABB;FUSIVEL ULTRARRAPIDO;80A X 690V;#N/D; B ;6;3;
170M1567ABB;1SCA080889R1001;D 26;0;0;ABB;FUSIVEL ULTRARRAPIDO;100A X 690V;#N/D;;3;3;C
170M1568ABB;1SCA080890R1001;D 26;3;0;ABB;FUSIVEL ULTRARRAPIDO;125A X 690V;#N/D; B ;3;0;C
170M1569ABB;1SCA080891R1001;D 26;12;0;ABB;FUSIVEL ULTRARRAPIDO;160A X 690V;#N/D; B ;12;0;C
170M1570ABB;1SCA080892R1001;D 26;5;0;ABB;FUSIVEL ULTRARRAPIDO;;#N/D; B ;6;1;
170M1572ABB;1SCA080894R1001;D 26;0;0;ABB;FUSIVEL ULTRARRAPIDO;315A X 690V;#N/D;;0;0;C
170M3813;170M3813;D 26;6;0;BUSMANN;;125AX660V;#N/D;;6;0;
170M3814ABB;170M3814ABB;N/A;6;CERTO;ABB;FUSIVEL ULTRARRAPIDO;;#N/D; B ;6;0;C
170M3816ABB;1SCA080902R1001;D  26;5;0;ABB;FUSIVEL ULTRARRAPIDO;;#N/D; B ;6;1;
170M3817ABB;1SCA080903R1001;D 26;2;0;ABB;FUSIVEL ULTRARRAPIDO;315A X 690V;#N/D; B ;2;0;C
170M3819ABB;1SCA080905R1001;D  26;0;0;ABB;FUSIVEL ULTRARRAPIDO;400A X 690V;#N/D;;0;0;C
170M4390;3AUA0000114933;ARMARIO 01;1;0;ABB;FUSIVEL ULTRARRAPIDO;;;;1;0;C
170M4908-ABB;68988900;ARMARIO 01;0;0;ABB;FUSIVEL ULTRARRAPIDO;                                         FUSIVEL ;;;2;2;
170M5015;170M5015;D  26;1;0;BUSMANN;;900AX690V;#N/D;;1;0;
170M5808ABB;1SCA080906R1001;D  26;3;0;ABB;FUSIVEL ULTRARRAPIDO;400A X 690V;#N/D; B ;3;0;C
170M5809ABB;1SCA080907R1001;D  26;18;0;ABB;FUSIVEL ULTRARRAPIDO;450A X 690V;#N/D; B ;18;0;C
170M5812ABB;1SCA080910R1001 ;D  26;15;0;ABB;FUSIVEL ULTRARRAPIDO;630A X 690V;#N/D; B ;15;0;C
170M5813ABB;1SCA080911R1001;D  26;0;0;ABB;FUSIVEL ULTRARRAPIDO;700AX 690V;#N/D;;3;3;
170M6166;170M6166;N/A;5;0;BUSMANN;;1250AX690V;#N/D;;5;0;
170M6663;170M6663;N/A;3;0;BUSMANN;;900AX690V;#N/D;;3;0;
170M6665;170M6665;N/A;0;0;BUSMANN;;1100AX690/700V;#N/D;;0;0;
170M8550;170M8550;D 25;3;0;BUSMANN;;1600AX690V;#N/D;;3;0;
170M8554DABB;1SCA080919R1001;N/A;2;0;ABB;;1250AX690V;#N/D; B ;2;0;C
17301A407;17301A407;N/A;1;0;ABB;;;#N/D; C ;1;0;C
1732DSIB8;1732DSIB8;F;0;0;ALLEN BRADLEY;;;#N/D;;0;0;
1732EIB16M12R;1732EIB16M12R;F;0;0;ALLEN BRADLEY;;;#N/D;;0;0;
1732ESIB12XOB4;1732ESIB12XOB4;F;0;0;ALLEN BRADLEY;;;#N/D;;0;0;
1734-ACNR;1734-ACNR;F 03;1;0;ALLEN BRADLEY;;;#N/D;;1;0;
1734-ADN;1734-ADN;F 03;2;0;ALLEN BRADLEY;;;#N/D;;2;0;
1734-AENT;1734-AENT;F 03;0;0;ALLEN BRADLEY;;;#N/D;;0;0;
1734-AENTR;1734-AENTR;F 03;0;CERTO;ALLEN BRADLEY;;;#N/D;;0;0;
1734-ARM;1734-ARM;F 03;1;0;ALLEN BRADLEY;;F/CX;#N/D;;1;0;
1734-EP24DC;1734-EP24DC;F 03;0;0;ALLEN BRADLEY;;;#N/D;;0;0;
1734-FPD;1734-FPD;F 03;2;0;ALLEN BRADLEY;;;#N/D;;2;0;
1734-IB2;1734-IB2;F 03;1;0;ALLEN BRADLEY;;F\CX;#N/D;;1;0;
1734-IB4;1734-IB4;F 03;2;0;ALLEN BRADLEY;;;#N/D;;2;0;
1734-IB8;1734-IB8;F 03;0;0;ALLEN BRADLEY;;;#N/D;;0;0;
1734-IB8S;1734-IB8S;F 03;0;0;ALLEN BRADLEY;;;#N/D;;0;0;
1734-IE2C;1734-IE2C;F 03;0;0;ALLEN BRADLEY;;F/CX;#N/D;;0;0;
1734-IE2V;1734-IE2V;F 03;0;0;ALLEN BRADLEY;;;#N/D;;0;0;
1734-IE4C;1734-IE4C;F 03;3;0;ALLEN BRADLEY;;;#N/D;;4;1;
1734-IM4;1734-IM4;F 03;2;0;ALLEN BRADLEY;;1 F/CX;#N/D;;2;0;
1734-IT2I;1734-IT2I;F 03;1;0;ALLEN BRADLEY;;F/CX;#N/D;;1;0;
1734-IV8;1734-IV8;F 03;9;0;ALLEN BRADLEY;;;#N/D;;9;0;
1734-MB;1734-MB;F 03;0;0;ALLEN BRADLEY;;;#N/D;;0;0;
1734-OB2;1734-OB2;F 03;9;0;ALLEN BRADLEY;;;#N/D;;9;0;
1734-OB4;1734-OB4;F 03;3;0;ALLEN BRADLEY;;;#N/D;;3;0;
1734-OB4E;1734-OB4E;F 03;0;0;ALLEN BRADLEY;;;#N/D;;0;0;
1734OB8;1734OB8;F 03;0;CERTO;ALLEN BRADLEY;;F/CX;#N/D;;0;0;
1734-OB8E;1734-OB8E;F 03;0;0;ALLEN BRADLEY;;1 F/CX;#N/D;;0;0;
1734-OB8S;1734-OB8S;F 03;1;0;ALLEN BRADLEY;;1 F/CX;#N/D;;1;0;
1734-OE2V;1734-OE2V;F 03;12;0;ALLEN BRADLEY;;;#N/D;;12;0;
1734-OW2;1734-OW2;F 03;2;0;ALLEN BRADLEY;;;#N/D;;2;0;
1734-OW4;1734-OW4;F 03;4;0;ALLEN BRADLEY;;;#N/D;;4;0;
1734-RTB;1734-RTB;F 03;55;0;ALLEN BRADLEY;;;#N/D;;55;0;
1734-RTB3;1734-RTB3;F 03;2;0;ALLEN BRADLEY;;FORA DA CAIXA;#N/D;;2;0;
1734-TB;1734-TB;F 03;13;0;ALLEN BRADLEY;;9 F/CX;#N/D;;13;0;
1734-TB3;1734-TB3;F 03;1;0;ALLEN BRADLEY;;;#N/D;;1;0;
1734-TB3S;1734-TB3S;F 03;16;0;ALLEN BRADLEY;;;#N/D;;16;0;
1734-TBS;1734-TBS;F 03;12;0;ALLEN BRADLEY;;17 F/CX;#N/D;;14;2;
1734-TOP;1734-TOP;F 03;0;0;ALLEN BRADLEY;;;#N/D;;0;0;
1734-TOP3S;1734-TOP3S;F 03;1;0;ALLEN BRADLEY;;;#N/D;;1;0;
1734-VHSC;1734-VHSC;F 03;1;0;ALLEN BRADLEY;;FORA DA CAIXA;#N/D;;1;0;
1734-VTM;1734-VTM;F 03;1;0;ALLEN BRADLEY;;F/CX;#N/D;;1;0;
1746A7;1746A7;F 09;0;0;ALLEN BRADLEY;;;#N/D;;0;0;
1746BAS;1746BAS;F 09;2;0;ALLEN BRADLEY;;;#N/D;;2;0;
1746BAS-BATERY;1746BAS-BATERY;F 09;2;0;ALLEN BRADLEY;;F\CX;#N/D;;2;0;
1746IB16;1746IB16;F 09;1;0;ALLEN BRADLEY;;;#N/D;;1;0;
1746IB32;1746IB32;F 09;0;0;ALLEN BRADLEY;;;#N/D;;0;0;
1746IB8;1746IB8;F 09;1;0;ALLEN BRADLEY;;;#N/D;;1;0;
1746IM16;1746IM16;F 09;0;0;ALLEN BRADLEY;;;#N/D;;0;0;
1746ITB16;1746ITB16;F 09;1;0;ALLEN BRADLEY;;;#N/D;;1;0;
1746-NI4;1746-NI4;F 09;1;0;ALLEN BRADLEY;;F\CX ;#N/D;;1;0;
1746NIO4I;1746NIO4I;F 09;1;0;ALLEN BRADLEY;;;#N/D;;1;0;
1746NIOAI;1746NIOAI;F 09;0;0;ALLEN BRADLEY;;;#N/D;;0;0;
1746NO4I;1746NO4I;F 09;0;0;ALLEN BRADLEY;;;#N/D;;0;0;
1746OA16;1746OA16;F 09;2;0;ALLEN BRADLEY;;;#N/D;;2;0;
1746OB16;1746OB16;F 09;0;0;ALLEN BRADLEY;;;#N/D;;0;0;
1746OB8;1746OB8;F 09;1;0;ALLEN BRADLEY;; F\CX ;#N/D;;1;0;
1746OW16;1746OW16;CAIXA 01;0;0;ALLEN BRADLEY;;F\CX;#N/D;;0;0;
1747BA;1747BA;F 09;9;0;ALLEN BRADLEY;;;#N/D;;16;7;
1747C20;1747C20;F;3;0;ALLEN BRADLEY;;F\CX;#N/D;;3;0;
1747CP3;1747CP3;F;0;0;ALLEN BRADLEY;;F\CX;#N/D;;0;0;
1747L551;1747L551;F;0;0;ALLEN BRADLEY;;*SS1FH6BC*;#N/D;;0;0;
1747PIC;1747PIC;F;0;0;ALLEN BRADLEY;;;#N/D;;0;0;
1756-A10;1756-A10;F 12;1;0;ALLEN BRADLEY;;sem etiqueta;#N/D;;1;0;
1756-A13K;1756-A13K;F 12;0;0;ALLEN BRADLEY;;;#N/D;;0;0;
1756-A4;1756-A4;F 12;3;0;ALLEN BRADLEY;;;#N/D;;3;0;
1756-A7;1756-A7;F 12;0;0;ALLEN BRADLEY;;;#N/D;;0;0;
1756-A7K;1756-A7K;F 12;0;0;ALLEN BRADLEY;;;#N/D;;0;0;
1756-BA1;1756-BA1;F 10;0;0;ALLEN BRADLEY;;4 SEM CAIXA;#N/D;;0;0;
1756-BA2;1756-BA2;F 10;5;0;ALLEN BRADLEY;;;#N/D;;8;3;
1756-BATM;1756-BATM;F 12;0;0;ALLEN BRADLEY;;;#N/D;;0;0;
1756-CN2/A;1756-CN2/A;F 11;0;0;ALLEN BRADLEY;;;#N/D;;2;2;
1756-CN2/B;1756-CN2/B;F 11;1;0;ALLEN BRADLEY;;S/EMBALAGEM;#N/D;;1;0;
1756-CN2R/B;1756-CN2R/B;F 11;1;0;ALLEN BRADLEY;;;#N/D;;1;0;
1756CN2R/C;1756CN2R/C;F 11;1;0;ALLEN BRADLEY;;;#N/D;;1;0;
1756-CNB;1756-CNB;F 11;0;0;ALLEN BRADLEY;;;#N/D;;0;0;
1756-CNBR;1756-CNBR;F 11;0;0;ALLEN BRADLEY;;C\AB;#N/D;;0;0;
1756-CPR2;1756-CPR2;F 10;4;0;ALLEN BRADLEY;;;#N/D;;4;0;
1756-DHRIO;1756-DHRIO;F 12;1;0;ALLEN BRADLEY;;SEM CAIXA / SEM MANUAL ;#N/D;;1;0;
1756-EN2T;1756-EN2T;F 11;1;CERTO;ALLEN BRADLEY;;;#N/D;;1;0;
1756-IA16;1756-IA16;F 11;1;0;ALLEN BRADLEY;;;#N/D;;1;0;
1756-IB16;1756-IB16;F 11;17;0;ALLEN BRADLEY;;5 F/ DA CAIXA ( LOCALIZADO NA CAIXA 01);#N/D;;17;0;
1756-IB16;1756-IB16;F 12;17;0;ALLEN BRADLEY;;;#N/D;;17;0;
1756-IB32;1756-IB32;F 11;0;0;ALLEN BRADLEY;;;#N/D;;0;0;
1756-IB32K;1756-IB32K;F 11;0;0;ALLEN BRADLEY;;;#N/D;;0;0;
1756-IF16;1756-IF16;F 11;0;0;ALLEN BRADLEY;;;#N/D;;0;0;
1756-IF16H;1756-IF16H;F 11;0;0;ALLEN BRADLEY;;;#N/D;;0;0;
1756-IF16HK;1756-IF16HK;F 10;1;0;ALLEN BRADLEY;;MODULO DE ENTRADA ANALÓGICA;#N/D;;1;0;
1756-IF6I;1756-IF6I;F 11;0;0;ALLEN BRADLEY;;;#N/D;;0;0;
1756-IF8;1756-IF8;F 11;0;0;ALLEN BRADLEY;;;#N/D;;0;0;
1756-IR6I;1756-IR6I;F 12;1;0;ALLEN BRADLEY;;F/CX;#N/D;;1;0;
1756-IT6I;1756-IT6I;F 12;1;0;ALLEN BRADLEY;;F/CX - ;#N/D;;1;0;
1756-L61;1756-L61;F 10;1;0;ALLEN BRADLEY;;CX.ABERTA;#N/D;;1;0;
1756-L61S;1756-L61S;F 10;0;0;ALLEN BRADLEY;;;#N/D;;0;0;
1756-L63;1756-L63;F 1O;0;0;ALLEN BRADLEY;;;#N/D;;0;0;
1756-L72;1756-L72;F 10;2;0;ALLEN BRADLEY;;;#N/D;;2;0;
1756-L73;1756-L73;F 10;0;0;ALLEN BRADLEY;;;#N/D;;0;0;
1756-M23;1756-M23;F 10;1;0;ALLEN BRADLEY;;;#N/D;;1;0;
1756-N2;1756-N2;F 10;6;0;ALLEN BRADLEY;;;#N/D;;6;0;
1756OA16;1756OA16;F 11;0;0;ALLEN BRADLEY;;;#N/D;;0;0;
1756OB16D;1756OB16D;F 11;0;0;ALLEN BRADLEY;;;#N/D;;0;0;
1756OB16E;1756OB16E;F 11;2;0;ALLEN BRADLEY;;CX/ABERTA;#N/D;;2;0;
1756OB16I;1756OB16I;F 11;1;0;ALLEN BRADLEY;;;#N/D;;2;1;
1756OB16IK;1756OB16IK;F 11;2;0;ALLEN BRADLEY;;;#N/D;;2;0;
1756OB32;1756OB32;F 11;0;0;ALLEN BRADLEY;;;#N/D;;0;0;
1756OB32K;1756OB32K;F 11;0;0;ALLEN BRADLEY;;;#N/D;;0;0;
1756OF8;1756OF8;F 11;0;0;ALLEN BRADLEY;;;;;1;1;
1756-OF8I;1756-OF8I;F 11;0;0;ALLEN BRADLEY;;;#N/D;;1;1;
1756OW16;1756OW16;F 12;1;0;ALLEN BRADLEY;;S/CX;#N/D;;1;0;
1756OW16I;1756OW16I;F 11;2;0;ALLEN BRADLEY;;;#N/D;;2;0;
1756PB72;1756PB72;F 12;0;0;ALLEN BRADLEY;;;#N/D;;0;0;
1756PB72K;1756PB72K;F 12;0;CERTO;ALLEN BRADLEY;;1 S/CX;#N/D;;0;0;
1756PB75R;1756PB75R;F 12;2;0;ALLEN BRADLEY;;1 S/CX - CAIXA SEM ETIQUETA;#N/D;;2;0;
1756PSCA2;1756PSCA2;F 11;2;0;ALLEN BRADLEY;;;#N/D;;2;0;
1756RMC1;1756RMC1;F 12;7;0;ALLEN BRADLEY;;1 CX/ABERTA;#N/D;;7;0;
1756TBCH;1756TBCH;F 10;9;0;ALLEN BRADLEY;;;#N/D;;9;0;
1756TBE;1756TBE;F 10;63;0;ALLEN BRADLEY;;C/AB;#N/D;;63;0;
1756TBNH;PLUG ESTANDARD COVER;F 10;3;0;ALLEN BRADLEY;;FORA DA CAIXA /COM DETALHE  ;#N/D;;3;0;
1757SRC1;1757SRC1;F 12;1;0;ALLEN BRADLEY;;;#N/D;;1;0;
1757SRC3;1757SRC3;F 12;1;0;ALLEN BRADLEY;;;#N/D;;1;0;
1760L12BWB;1760L12BWB;F 15;3;0;ALLEN BRADLEY;;;#N/D;;3;0;
1760L12BWBND;1760L12BWBND;F 15;5;0;ALLEN BRADLEY;;;#N/D;;5;0;
1760L18BWBEX;1760L18BWBEX;F 15;1;0;ALLEN BRADLEY;;;#N/D;;1;0;
1761-CBL-PM-02;CABO CINZA1;F;0;0;ALLEN BRADLEY;;;#N/D;;4;4;
1762IF2OF2;1762IF2OF2;F 15;0;0;ALLEN BRADLEY;;;#N/D;;0;0;
1762-IT4;1762-IT4;F 15;1;0;ALLEN BRADLEY;;;#N/D;;1;0;
1762L24AWA;1762L24AWA;F 15;0;0;ALLEN BRADLEY;;SEM CX;#N/D;;0;0;
1762L24BWAR;1762L24BWAR;F 15;1;0;ALLEN BRADLEY;;1 FORA DA CAIXA;#N/D;;1;0;
1762L24BXB;1762L24BXB;F 15;1;0;ALLEN BRADLEY;;SEM CX;#N/D;;1;0;
1762L40AWA;1762L40AWA;F 15;0;0;ALLEN BRADLEY;;;#N/D;;0;0;
1762L40BWA;1762L40BWA;F 15;1;0;ALLEN BRADLEY;;;#N/D;;1;0;
1762OF4;1762OF4;F 15;0;0;ALLEN BRADLEY;;;#N/D;;0;0;
1763BA;1763BA;F;0;0;ALLEN BRADLEY;;;#N/D;;0;0;
1763L16BBB;1763L16BBB;F;0;0;ALLEN BRADLEY;;;#N/D;;0;0;
1764LSP;1764LSP;F;0;0;ALLEN BRADLEY;;;#N/D;;0;0;
1766L32AWA;1766L32AWA;F 15;0;0;ALLEN BRADLEY;;;#N/D;;0;0;
1766L32BWA;1766L32BWA;F 15;0;0;ALLEN BRADLEY;;;#N/D;;0;0;
1766L32BXBA;1766L32BXBA;F 15;1;0;ALLEN BRADLEY;;CAIXA RASURADA;#N/D;;1;0;
1768ENBT;1768ENBT;F 16;0;0;ALLEN BRADLEY;;;#N/D;;0;0;
1768L43;1768L43;F 16;1;0;ALLEN BRADLEY;;;#N/D;;1;0;
1768PB3;1768PB3;F 16;0;0;ALLEN BRADLEY;;C\AB;#N/D;;0;0;
1769AENTR;1769AENTR;F;0;0;ALLEN BRADLEY;;FORA DA CAIXA;#N/D;;0;0;
1769ARM;1769ARM;F 16;2;0;ALLEN BRADLEY;;;#N/D;;2;0;
1769ASCII;1769ASCII;F 16;3;0;ALLEN BRADLEY;;S/EMBALAGEM;#N/D;;3;0;
1769BA;1769BA;F;0;0;ALLEN BRADLEY;;;#N/D;;0;0;
1769CRL3A;1769CRL3A;F;0;0;ALLEN BRADLEY;;;#N/D;;0;0;
1769CRR3;1769CRR3;F 16;1;0;ALLEN BRADLEY;;;#N/D;;1;0;
1769ECL;1769ECL;F 16;5;0;ALLEN BRADLEY;;1PÇ - S/EMBALAGEM;#N/D;;5;0;
1769ECR;1769ECR;CAIXA 01;0;0;ALLEN BRADLEY;;F/CAIXA;#N/D;;0;0;
1769ERM;1769ERM;F;0;0;ALLEN BRADLEY;;;#N/D;;0;0;
1769IF4;1769IF4;F;0;0;ALLEN BRADLEY;;;#N/D;;0;0;
1769IF8;1769IF8;F;0;0;ALLEN BRADLEY;;;#N/D;;0;0;
1769IQ16;1769IQ16;F;0;0;ALLEN BRADLEY;;;#N/D;;0;0;
1769IQ16F;1769IQ16F;F;0;0;ALLEN BRADLEY;;;#N/D;;0;0;
1769IQ32;1769IQ32;F;0;0;ALLEN BRADLEY;;;#N/D;;0;0;
1769L32E;1769L32E;F 16;0;0;ALLEN BRADLEY;;CAIXA DETONADA;#N/D;;0;0;
1769L33ERM;1769L33ERM;F;0;0;ALLEN BRADLEY;;caixa aberta;#N/D;;0;0;
1769L36ERM;1769L36ERM;F;0;0;ALLEN BRADLEY;;;#N/D;;0;0;
1769OB16;1769OB16;F;0;0;ALLEN BRADLEY;;;#N/D;;0;0;
1769OB16P;1769OB16P;F;0;0;ALLEN BRADLEY;;;#N/D;;0;0;
1769OB32;1769OB32;F;0;0;ALLEN BRADLEY;;;#N/D;;0;0;
1769OF2;1769OF2;F;0;0;ALLEN BRADLEY;;;#N/D;;0;0;
1769OF4;1769OF4;F 16;1;0;ALLEN BRADLEY;;;#N/D;;1;0;
1769OW16;1769OW16;F 16;1;0;ALLEN BRADLEY;;;#N/D;;1;0;
1769PA2;1769PA2;CAIXA 01;0;0;ALLEN BRADLEY;;F/CAIXA;#N/D;;0;0;
1769PA4;1769PA4;F;0;0;ALLEN BRADLEY;;;#N/D;;0;0;
1769PB2;1769PB2;F;0;0;ALLEN BRADLEY;;;#N/D;;0;0;
1769PB4;1769PB4;F;0;0;ALLEN BRADLEY;;;#N/D;;0;0;
1769SDN;1769SDN;F 16;0;CERTO;ALLEN BRADLEY;;;#N/D;;0;0;
176F3166;176F3166;N/A;2;0;DANFOSS;;;#N/D;;2;0;
176F3167;176F3167;N/A;1;0;DANFOSS;;;#N/D;;1;0;
1770XYB;1770XYB;F 06;6;0;ALLEN BRADLEY;;3PÇs F\CX;#N/D;;6;0;
1770XYC;1770XYC;F 06;1;0;ALLEN BRADLEY;;;#N/D;;1;0;
1770XYV;1770XYV;F 06;32;0;ALLEN BRADLEY;;;#N/D;;32;0;
1771ASB;1771ASB;F;0;0;ALLEN BRADLEY;;;#N/D;;0;0;
1771N0C;1771N0C;F 05;1;0;ALLEN BRADLEY;;F\CX;#N/D;;1;0;
1771OC;1771OC;F;2;0;ALLEN BRADLEY;;F\CX;#N/D;;2;0;
1771OFE2;1771OFE2;F 05;4;0;ALLEN BRADLEY;;F\CX;#N/D;;4;0;
1771OFE2K;1771OFE2K;F;1;0;ALLEN BRADLEY;;;#N/D;;1;0;
1771P4RK;1771P4RK;F;0;0;ALLEN BRADLEY;;;#N/D;;0;0;
1771P4SK;1771P4SK;F;1;0;ALLEN BRADLEY;;C\AB;#N/D;;1;0;
1771P5;1771P5;F;1;0;ALLEN BRADLEY;;;#N/D;;1;0;
1771P5EK;1771P5EK;F;1;0;ALLEN BRADLEY;;;#N/D;;1;0;
1771WB;1771WB;F 06;2;0;ALLEN BRADLEY;;;#N/D;;2;0;
1783BMS06TA;1783BMS06TA;F 17;1;0;ALLEN BRADLEY;;;#N/D;;1;0;
1783BMS10CGP;1783BMS10CGP;F 17;9;0;ALLEN BRADLEY;;;#N/D;;9;0;
1783EMS04T;1783EMS04T;F 17;2;0;ALLEN BRADLEY;;;#N/D;;2;0;
1783ETAP;1783ETAP;F 17;3;0;ALLEN BRADLEY;;;#N/D;;3;0;
1783MCF;1783MCF;F 17;1;0;ALLEN BRADLEY;;;#N/D;;1;0;
1783MS06T;1783MS06T;F;0;0;ALLEN BRADLEY;;;#N/D;;0;0;
1783MS10T;1783MS10T;F 17;0;0;ALLEN BRADLEY;;;#N/D;;0;0;
1783-MX08T;1783-MX08T;F 17;1;0;ALLEN BRADLEY;;;#N/D;;1;0;
1783NATR;1783NATR;F 17;2;0;ALLEN BRADLEY;;;#N/D;;2;0;
1783SFP100FX;1783SFP100FX;F 17;3;0;ALLEN BRADLEY;;1  CAIXA ABERTA;#N/D;;5;2;
1783SFP100LX;1783SFP100LX;;0;0;ALLEN BRADLEY;;F\CX;#N/D;;0;0;
1783SFP100T;1783SFP100T;F 17;1;0;ALLEN BRADLEY;; CAIXA ABERTA;#N/D;;1;0;
1783SFP1GSX;1783SFP1GSX;;0;0;ALLEN BRADLEY;;;#N/D;;0;0;
1783US16T;1783US16T;F;0;0;ALLEN BRADLEY;;;#N/D;;0;0;
1783US5TA;1783US5TA;F;0;0;ALLEN BRADLEY;;;#N/D;;0;0;
1783US5TB;1783US5TB;F;0;0;ALLEN BRADLEY;;;#N/D;;0;0;
1783US6T2F;1783US6T2F;F 17;1;0;ALLEN BRADLEY;;;#N/D;;1;0;
1783US6TG2CG;1783US6TG2CG;F 17;1;0;ALLEN BRADLEY;;1 caixa aberta;#N/D;;1;0;
1783US7T1F;1783US7T1F;F 17;0;0;ALLEN BRADLEY;;2 caixa aberta;#N/D;;1;1;
1783US8T;1783US8T;F;0;0;ALLEN BRADLEY;;;#N/D;;0;0;
1784CF128;1784CF128;F;0;0;ALLEN BRADLEY;;;#N/D;;0;0;
1784CF64;1784CF64;F;0;0;ALLEN BRADLEY;;;#N/D;;0;0;
1784SD2;1784SD2;F;1;0;ALLEN BRADLEY;;;#N/D;;1;0;
1786BNC;1786BNC;F 04;0;0;ALLEN BRADLEY;;;#N/D;;34;34;
1786BNCJ;1786BNCJ;F 04;1;0;ALLEN BRADLEY;;F\CX;#N/D;;1;0;
1786BNCP;1786BNCP;F 04;50;0;ALLEN BRADLEY;;;#N/D;;50;0;
1786RPA;1786RPA;F 04;1;0;ALLEN BRADLEY;;F\CX;#N/D;;1;0;
1786RPFRL/B;1786RPFRL/B;F 02;3;0;ALLEN BRADLEY;;S/EMBALAGEM;#N/D;;3;0;
1786TNCL10;1786TNCL10;F;30;0;ALLEN BRADLEY;;;#N/D;;30;0;
1786TPS;1786TPS;F;1;0;ALLEN BRADLEY;;;#N/D;;1;0;
1786XT;1786XT;F 04;52;0;ALLEN BRADLEY;;;#N/D;;52;0;
1787PLUG10R;1787PLUG10R;F 04;1;0;ALLEN BRADLEY;;;#N/D;;1;0;
1787USADPTR;1787USADPTR;F 04;1;0;ALLEN BRADLEY;;;#N/D;;1;0;
1788EN2DN;1788EN2DN;F 04;1;0;ALLEN BRADLEY;;;#N/D;;1;0;
1790DTN0C2;1790DTN0C2;F 05;1;0;ALLEN BRADLEY;;;#N/D;;1;0;
1790DTN0V2;1790DTN0V2;F 05;1;0;ALLEN BRADLEY;;;#N/D;;1;0;
17918AR;17918AR;F 05;1;0;ALLEN BRADLEY;;;#N/D;;1;0;
1791D0B16P;1791D0B16P;F 05;2;0;ALLEN BRADLEY;;;#N/D;;2;0;
1791D16B0;1791D16B0;F 05;1;0;ALLEN BRADLEY;;;#N/D;;1;0;
1791DN4CV2X;1791DN4CV2X;F 05;2;0;ALLEN BRADLEY;;;#N/D;;2;0;
1791ESIB16;1791ESIB16;F 05;1;0;ALLEN BRADLEY;;;#N/D;;1;0;
1794-ACN;1794-ACN;F 02;4;0;ALLEN BRADLEY;;;#N/D;;4;0;
1794-ACN15;1794-ACN15;F 02;0;0;ALLEN BRADLEY;;F\CX;#N/D;;0;0;
1794-ADN;1794-ADN;F 02;0;0;ALLEN BRADLEY;;;#N/D;;0;0;
1794-AENTR;1794-AENTR;F 02;2;CERTO;ALLEN BRADLEY;;F/CX;#N/D;;2;0;
1794-AENTRXT;1794-AENTRXT;F 02;0;0;ALLEN BRADLEY;;;#N/D;;0;0;
1794-IA16;1794-IA16;F 02;0;0;ALLEN BRADLEY;;F\CX;#N/D;;0;0;
1794-IB16;1794-IB16;F 02;1;0;ALLEN BRADLEY;;1 PÇ F\CX incompleta (painel);#N/D;;1;0;
1794-IB16XT;1794-IB16XT;F 02;2;0;ALLEN BRADLEY;;S/EMBALAGEM;#N/D;;2;0;
1794-IB32;1794-IB32;F 02;0;0;ALLEN BRADLEY;;N;#N/D;;0;0;
1794-IE8H;1794-IE8H;F 02;2;CERTO;ALLEN BRADLEY;;CX/ABERTA;#N/D;;2;0;
1794-IF4I;1794-IF4I;F 02;0;0;ALLEN BRADLEY;;F\CX;#N/D;;0;0;
1794-IF8IH;1794-IF8IH;F 02;0;0;ALLEN BRADLEY;;;#N/D;;0;0;
1794-IRT8K;1794-IRT8K;F 02;1;0;ALLEN BRADLEY;;;#N/D;;1;0;
1794-OB16;1794-OB16;F 02;0;0;ALLEN BRADLEY;;;#N/D;;0;0;
1794-OB16P;1794-OB16P;F 02;1;0;ALLEN BRADLEY;;;#N/D;;2;1;
1794-OB32P;1794-OB32P;F 02;0;0;ALLEN BRADLEY;;;#N/D;;0;0;
1794-OB8;1794-OB8;F 02;1;0;ALLEN BRADLEY;;S/EMBALAGEM;#N/D;;1;0;
1794-OE12;1794-OE12;F 02;0;0;ALLEN BRADLEY;;S/EMBALAGEM;#N/D;;0;0;
1794-OE4;1794-OE4;F 02;0;0;ALLEN BRADLEY;;S/EMBALAGEM;#N/D;;0;0;
1794-OE8H;1794-OE8H;F 02;3;CERTO;ALLEN BRADLEY;;S/EMBALAGEM;#N/D;;3;0;
1794-OW8;1794-OW8;F 02;0;0;ALLEN BRADLEY;;;#N/D;;0;0;
1794-PS13;1794-PS13;F 02;1;0;ALLEN BRADLEY;;;#N/D;;1;0;
1794-PS3;1794-PS3;F 02;2;0;ALLEN BRADLEY;;;#N/D;;2;0;
1794-TB3;1794-TB3;F 02;0;0;ALLEN BRADLEY;;;#N/D;;0;0;
1794-TB32;1794-TB32;F 02;0;0;ALLEN BRADLEY;;;#N/D;;0;0;
1794-TB3G;1794-TB3G;F 02;0;0;ALLEN BRADLEY;;;#N/D;;0;0;
1794-TB62DS;1794-TB62DS;F 02;4;0;ALLEN BRADLEY;;2 fora da caixa;#N/D;;4;0;
1797OE8;1797OE8;F 05;1;0;ALLEN BRADLEY;;;#N/D;;1;0;
1797TPS;1797TPS;F 05;8;0;ALLEN BRADLEY;;1 ABERTO ;#N/D;;8;0;
190HM4;190HM4;F ;1;0;ALLEN BRADLEY;;;#N/D;;1;0;
193CBCT1;193CBCT1;F 22;1;0;ALLEN BRADLEY;;;#N/D;;1;0;
193DNCTB;193DNCTB;F;0;0;ALLEN BRADLEY;;;#N/D;;0;0;
193DPD120;193DPD120;F 24;1;0;ALLEN BRADLEY;;;#N/D;;1;0;
193EA1JDA;193EA1JDA;F 24;3;0;ALLEN BRADLEY;;;#N/D;;3;0;
193EC1EE;193EC1EE;F 24;5;0;ALLEN BRADLEY;;;#N/D;;5;0;
193EC2DE;193EC2DE;F 24;3;0;ALLEN BRADLEY;;;#N/D;;3;0;
193EC2FF;193EC2FF;F 24;1;0;ALLEN BRADLEY;;;#N/D;;1;0;
193EC2KH;193EC2KH;F;0;0;ALLEN BRADLEY;;;#N/D;;0;0;
193EC3GF;193EC3GF;F 24;1;0;ALLEN BRADLEY;;;#N/D;;1;0;
193EC3GG;193EC3GG;F;0;0;ALLEN BRADLEY;;;#N/D;;0;0;
193EC3PB;193EC3PB;F 24;3;0;ALLEN BRADLEY;;;#N/D;;3;0;
193ECMDNT;193ECMDNT;F;0;0;ALLEN BRADLEY;;;#N/D;;0;0;
193ECPM1;193ECPM1;F 22;3;0;ALLEN BRADLEY;;;#N/D;;3;0;
193ECPM3;193ECPM3;F;0;0;ALLEN BRADLEY;;;#N/D;;0;0;
193ED1CB;193ED1CB;F 22;1;0;ALLEN BRADLEY;;;#N/D;;1;0;
193EDN;193EDN;F 22;1;0;ALLEN BRADLEY;;;#N/D;;1;0;
193EECD;193EECD;F 22;2;0;ALLEN BRADLEY;;;#N/D;;2;0;
193EEDD;193EEDD;F 22;3;0;ALLEN BRADLEY;;;#N/D;;3;0;
193EEEB;193EEEB;F 22;3;0;ALLEN BRADLEY;;;#N/D;;3;0;
193EEED;193EEED;F 22;2;0;ALLEN BRADLEY;;;#N/D;;2;0;
193EEFD;193EEFD;F 22;3;0;ALLEN BRADLEY;;;#N/D;;3;0;
193-EEGE;193-EEGE;F 24;10;0;ALLEN BRADLEY;;10 F/CX;#N/D;;10;0;
193EIO43120;193EIO43120;F 22;0;0;ALLEN BRADLEY;;;#N/D;;0;0;
193EIO6324D;193EIO6324D;F 22;0;0;ALLEN BRADLEY;;caixa aberta;#N/D;;0;0;
193EOSSCS;193EOSSCS;F 24;3;0;ALLEN BRADLEY;;3 CAIXA DANIFICA ;#N/D;;3;0;
193ESMI30AC23;193ESMI30AC23;F 24;1;0;ALLEN BRADLEY;;;#N/D;;1;0;
193ESMI30AE3T;193ESMI30AE3T;F 24;1;0;ALLEN BRADLEY;;;#N/D;;1;0;
193ESMI30AP;193ESMI30AP;F 24;1;0;ALLEN BRADLEY;;;#N/D;;1;0;
193ESMVIG30AT;193ESMVIG30AT;F 24;0;0;ALLEN BRADLEY;;;#N/D;;0;0;
193EXPDIO42120;193EXPDIO42120;F 22;1;0;ALLEN BRADLEY;;;#N/D;;1;0;
194E40C3;194E40C3;F;16;0;ALLEN BRADLEY;;;#N/D;;16;0;
194EA251756;194EA251756;F;1;0;ALLEN BRADLEY;;;#N/D;;1;0;
194EA321753;194EA321753;F;0;0;ALLEN BRADLEY;;;#N/D;;0;0;
194EAP11;194EAP11;F;0;0;ALLEN BRADLEY;;;#N/D;;0;0;
194EE80NP;194EE80NP;F;3;0;ALLEN BRADLEY;;;#N/D;;3;0;
194E-E80-NP;194E-E80-NP;F 22;2;CERTO;ALLEN BRADLEY;;;#N/D;;2;0;
194EEP11;194EEP11;F;1;0;ALLEN BRADLEY;;;#N/D;;1;0;
194EHE4G175;194EHE4G175;F;2;0;ALLEN BRADLEY;;F\CX;#N/D;;2;0;
194LE128751;194LE128751;F;1;0;ALLEN BRADLEY;;;#N/D;;1;0;
194LHE6L175;194LHE6L175;F;0;0;ALLEN BRADLEY;;;#N/D;;0;0;
194RFCC1;194RFCC1;F;1;0;ALLEN BRADLEY;;;#N/D;;1;0;
194RHS1;194RHS1;F;3;0;ALLEN BRADLEY;;;#N/D;;3;0;
194RND250P3;194RND250P3;F;2;0;ALLEN BRADLEY;;;#N/D;;2;0;
194RR3G;194RR3G;F;1;0;ALLEN BRADLEY;;;#N/D;;1;0;
195MB11;195MB11;F;4;0;ALLEN BRADLEY;;F\CX;#N/D;;4;0;
1ACII;1ACII;N/A;0;0;FLUKE;;VOLTIMETRO ATE 1.000Vca;#N/D;;0;0;
1B639NH000;1B639NH000;N/A;1;0;FERRAZ SHAWMUT;;25A X 500V;#N/D;;1;0;
1C763B228460;1C763B228460;N/A;9;0;FERRAZ SHAWMUT;;100A X 690V;#N/D;;9;0;
1MRS050698;1MRS050698;N/A;2;0;ABB;;CABLE;#N/D; C ;2;0;C
1SDA013327R1;1SDA013327R1;N/A;3;0;ABB;;Dispositivos piloto;#N/D;;3;0;C
1SDA013863R1;1SDA013863R1;N/A;21;0;ABB;;;#N/D;;21;0;C
1SDA014035R1;1SDA014035R1;N/A;1;0;ABB;;OBSOLETO;#N/D;;1;0;C
1SDA014192R1;1SDA014192R1;N/A;1;0;ABB;;;#N/D;;1;0;C
1SDA014209R1;1SDA014209R1;N/A;1;0;ABB;;;#N/D;;1;0;C
1SDA014217R1;1SDA014217R1;N/A;0;;ABB;; ;#N/D;;0;0;C
1SDA014227R1;1SDA065523R1;D 06;2;0;ABB;;;#N/D;;2;0;C
1SDA038286R1;1SDA038286R1;G 16;0;0;ABB;;24V;#N/D;;0;0;C
1SDA038290R1;1SDA038290R1;N/A;0;0;ABB;;;#N/D;;0;0;C
1SDA038291R1;1SDA038291R1;N/A;1;0;ABB;;;#N/D;;1;0;C
1SDA038292R1 - 1SDA038302R1;1SDA038292R1 - 1SDA038302R1;N/A;0;0;ABB;;220V;#N/D;;0;0;C
1SDA038296R1;1SDA038296R1;G 16;0;0;ABB;;;#N/D;;0;0;C
1SDA038300R1;1SDA038300R1;N/A;1;0;ABB;;;#N/D;;1;0;C
1SDA038302R1;1SDA038302R1;N/A;0;0;ABB;;;#N/D;;0;0;C
1SDA038306R1;1SDA062087R1;G 15;0;0;ABB;;;#N/D;;0;0;C
1SDA038306R1;1SDA038306R1;G 16;0;0;ABB;;;#N/D;;0;0;C
1SDA038310R1;1SDA038310R1;G 16;1;0;ABB;;;#N/D;;1;0;C
1SDA038312R1;1SDA038312R1;G 16;5;0;ABB;;;#N/D;;5;0;C
1SDA038319R1;1SDA038319R1;G 15;2;0;ABB;;;#N/D;;2;0;C
1SDA038326R1;1SDA038326R1;N/A;2;0;ABB;;;#N/D;;2;0;C
1SDA038327R1;1SDA038327R1;N/A;1;0;ABB;;;#N/D;;1;0;C
1SDA038344R1;1SDA038344R1;N/A;1;0;ABB;;;#N/D;;1;0;C
1SDA038351R1;1SDA038351R1;N/A;0;0;ABB;;;#N/D;;0;0;C
1SDA038361R1;1SDA038361R1;N/A;1;0;ABB;;;#N/D;;1;0;C
1SDA045039R1;1SDA045039R1;N/A;3;0;ABB;;;#N/D;;3;0;C
1SDA045691R1;1SDA045691R1;N/A;1;0;ABB;;;#N/D;;1;0;C
1SDA045692R1;1SDA045692R1;N/A;1;0;ABB;;;#N/D;;1;0;C
1SDA045697R1;1SDA045697R1;H 21;3;0;ABB;;;#N/D;;3;0;C
1SDA051342R1;1SDA051342R1;N/A;0;0;ABB;;;#N/D;;0;0;C
1SDA051352R1;1SDA051352R1;N/A;0;0;ABB;;;#N/D;;0;0;C
1SDA051353R1;1SDA051353R1;N/A;0;0;ABB;;;#N/D;;0;0;C
1SDA051354R1;1SDA051354R1;N/A;0;0;ABB;;;#N/D;;0;0;C
1SDA051355R1;1SDA051355R1;N/A;1;0;ABB;;;#N/D;;1;0;C
1SDA051448R1;1SDA051448R1;N/A;2;0;ABB;;;#N/D;;2;0;C
1SDA051472R1;1SDA051472R1;N/A;2;0;ABB;;;#N/D;;2;0;C
1SDA051496R1;1SDA051496R1;N/A;2;0;ABB;;;#N/D;;2;0;C
1SDA053990R1;1SDA053990R1;N/A;1;0;ABB;;;#N/D;;1;0;C
1SDA054743R1;1SDA054743R1;N/A;2;0;ABB;;;#N/D;;2;0;C
1SDA054755R1;1SDA054755R1;N/A;3;0;ABB;;;#N/D;;3;0;C
1SDA054873R1;1SDA054873R1;N/A;0;0;ABB;;;#N/D;;0;0;C
1SDA054875R1;1SDA054875R1;N/A;2;0;ABB;;;#N/D;;3;1;
1SDA054887R1;1SDA054887R1;N/A;0;0;ABB;;;#N/D;;0;0;C
1SDA054890R1;1SDA054890R1;N/A;2;0;ABB;;;#N/D;;2;0;C
1SDA054911R1;1SDA054911R1;H 20;2;0;ABB;;;#N/D;;2;0;C
1SDA054916R1;1SDA054916R1;H 20;1;0;ABB;;;#N/D;;1;0;C
1SDA054924R1;1SDA054924R1;N/A;1;0;ABB;;;#N/D;;1;0;C
1SDA054968R1;1SDA054968R1;H 03;1;CERTO;ABB;;;#N/D;;2;1;
1SDA054R11R0001;1SDA054R11R0001;N/A;1;0;ABB;;OBSOLETO;#N/D;;1;0;C
1SDA055006R1;1SDA055006R1;N/A;2;0;ABB;;;#N/D;;2;0;C
1SDA055008R1;1SDA055008R1;N/A;4;0;ABB;;;#N/D;;4;0;C
1SDA055014R1;1SDA055014R1;N/A;1;0;ABB;;;#N/D;;1;0;C
1SDA058189R1;1SDA058189R1;N/A;0;0;ABB;;;#N/D;;0;0;C
1SDA058197R1;1SDA058197R1;N/A;0;0;ABB;;;#N/D;;0;0;C
1SDA058271R1;1SDA058271R1;N/A;1;0;ABB;;;#N/D;;1;0;C
1SDA059598R1;1SDA059598R1;N/A;1;0;ABB;;;#N/D;;1;0;C
1SDA059667R1;1SDA059667R1;N/A;1;0;ABB;;;#N/D;;1;0;C
1SDA060425R1;1SDA060425R1;N/A;1;0;ABB;;;#N/D;;1;0;C
1SDA062076R1;1SDA062076R1;N/A;0;0;ABB;;;#N/D;;0;0;C
1SDA062080R1;1SDA062080R1;N/A;0;0;ABB;;;#N/D;;0;0;C
1SDA062091R1;1SDA062091R1;G 15;4;0;ABB;;;#N/D;;4;0;C
1SDA062101R1;1SDA062101R1;N/A;1;0;ABB;;;#N/D;;1;0;C
1SDA062109R1;1SDA062109R1;H 20;2;0;ABB ;;CONTATO DE COMUNICACAO ABERTO - FECHADO ;;;2;0;C
1SDA062116R1;1SDA062116R1;N/A;0;0;ABB;;;#N/D;;0;0;C
1SDA062125R1;1SDA062125R1;N/A;1;0;ABB;;;#N/D;;1;0;C
1SDA062161R1;1SDA062161R1;N/A;1;0;ABB;;;#N/D;;1;0;C
1SDA063401R1;1SDA063401R1;H 22;0;0;ABB;;;#N/D;;0;0;C
1SDA063547R1;1SDA063547R1;G 15;1;0;ABB;;110V;#N/D;;1;0;C
1SDA063548R1;1SDA063548R1;N/A;1;0;ABB;;;#N/D;;1;0;C
1SDA063550R1;1SDA063550R1;N/A;0;0;ABB;;220V;#N/D;;0;0;C
1SDA063552R1;1SDA063552R1;H 15;1;0;ABB;;SUBSTITUIDO QGBT SANTISTA-TATUI / 10/01/21;#N/D;;1;0;C
1SDA065703R1;1SDA065703R1;H 02;3;0;ABB;;;#N/D;;4;1;C
1SDA066137R1;1SDA066137R1;N/A;40;0;ABB;;110V;#N/D;;40;0;C
1SDA066149R1;1SDA066149R1;G 15;6;0;ABB;;;#N/D;;6;0;C
1SDA066155R1;1SDA066155R1;N/A;1;0;ABB;;;#N/D;;1;0;C
1SDA066171R1;1SDA066171R1;N/A;1;0;ABB;;;X;;1;0;C
1SDA066173R1;1SDA066173R1;N/A;4;0;ABB;;;#N/D;;4;0;C
1SDA066174R1;1SDA066174R1;N/A;3;0;ABB;;;X;;3;0;C
1SDA066324R1;1SDA066324R1;N/A;6;0;ABB;;;#N/D;;6;0;C
1SDA066325R1;1SDA066325R1;N/A;0;0;ABB;;;X;;3;3;
1SDA066399R1;1SDA066399R1;N/A;1;0;ABB;;;#N/D;;1;0;C
1SDA066422R1;1SDA066422R1;H 15;6;0;ABB;;;#N/D;;20;14;
1SDA066426R1;1SDA066426R1;N/A;0;0;ABB;;;#N/D;;0;0;C
1SDA066431R1;1SDA066431R1;H 15;1;CERTO;ABB;;;#N/D;;2;1;
1SDA066433R1;1SDA066433R1;N/A;2;0;ABB;;;#N/D;;2;0;C
1SDA066434R1;1SDA066434R1;H 15;1;0;ABB;;;;;1;0;C
1SDA066438R1;1SDA066438R1;G 15;1;0;ABB;;;#N/D;;1;0;C
1SDA066457R1;1SDA066457R1;N/A;1;0;ABB;;;#N/D;;1;0;C
1SDA066655R1;1SDA066655R1;G 02;0;0;ABB;;;#N/D;;11;11;
1SDA066657R1;1SDA066657R1;G 02;11;0;ABB;;;#N/D;;11;0;C
1SDA066913R1;1SDA066913R1;H 22;2;0;ABB;;;#N/D;;2;0;C
1SDA066937R1;1SDA066937R1;H 23;0;0;ABB;;;#N/D;;19;19;
1SDA066941R1;1SDA066941R1;N/A;3;0;ABB;;;#N/D;;3;0;C
1SDA066945R1;1SDA066945R1;N/A;0;0;ABB;;;#N/D;;18;18;
1SDA066949R1;1SDA066949R1;N/A;8;0;ABB;;;#N/D;;8;0;C
1SDA066988R1;1SDA066988R1;G 20;1;0;ABB;;;#N/D;;1;0;C
1SDA069234R1;1SDA069234R1;N/A;1;0;ABB;;;#N/D;;1;0;C
1SDA069247R1;1SDA069247R1;N/A;0;0;ABB;;;#N/D;;0;0;C
1SDA070245R1;1SDA070245R1;N/A;2;0;ABB;;;#N/D;;2;0;C
1SDA073668R1;1SDA073668R1;G 16;0;0;ABB;;;;;3;3;
1SDA073673R1;1SDA073673R1;G 16;1;0;ABB;;;#N/D;;1;0;C
1SDA073674R1/1SDA073687R1;1SDA073674R1/1SDA073687R1;G 16;2;0;ABB;;110VDC;#N/D;;2;0;C
1SDA073686R1;1SDA073686R1;N/A;0;0;ABB;;;#N/D;;1;1;
1SDA073694R1;1SDA073694R1;G 16;4;0;ABB;;;#N/D;;4;0;C
1SDA073699R1;1SDA073699R1;G 16;1;0;ABB;;;;;3;2;
1SDA073700R1;1SDA073700R1;G 16;0;0;ABB;;;#N/D;;0;0;C
1SDA073711R1;1SDA073711R1;N/A;0;0;ABB;;;#N/D;;0;0;C
1SDA073725R1;1SDA073725R1;G 17;1;0;ABB;;;#N/D;;1;0;C
1SDA073803R1;1SDA073803R1;H 02;3;0;ABB;;;#N/D;;6;3;
1SDA073881R1;1SDA073881R1;H 22;0;0;ABB;;;;;2;2;
1SDA073893R1;1SDA073893R1;G 22;0;0;ABB;;;;;2;2;
1SDA073906R1;1SDA073906R1;N/A;0;0;ABB;;;#N/D;;0;0;C
1SDA073989R1;1SDA073989R1;H 16.;1;0;ABB;;C/ABERTA;;;1;0;C
1SDA074155R1;1SDA074155R1;H 16;0;0;ABB;;;#N/D;;1;1;
1SDA074172R1;1SDA074172R1;H 03;0;0;ABB;;;#N/D;;0;0;C
1SDA074173R1;1SDA074173R1;H 16;0;0;ABB;;;;;2;2;
1SDA074194R1;1SDA074194R1;H 02;3;0;ABB;;ABERTO;#N/D;;3;0;C
1SDA074553R1;1SDA074553R1;G 16;1;0;ABB;;;#N/D;;1;0;C
1SDA0811433R1;1SDA0811433R1;N/A;1;0;ABB;;;#N/D;;1;0;C
1SDA104734R1;1SDA104734R1;N/A;4;0;ABB;;;#N/D;;4;0;C
1SDA104760R1;1SDA104760R1;G 07;0;0;ABB;;;;;11;11;
1SDA104843R1;1SDA104843R1;G 05;0;0;ABB;;;#N/D;;4;4;
1SDA105018R1;1SDA105018R1;G 03;10;0;ABB;;;;;10;0;C
1SDA105098R1;1SDA105098R1;H 22;4;0;ABB;;;;;4;0;C
1SFA611621R1075;1SFA611621R1075;N/A;6;0;ABB;;;#N/D;;6;0;C
1SL0325A00;1SL0325A00;B 03;0;0;ABB;;;#N/D;;1;1;
1SL1201A00;1SL1201A00;B 06;2;0;ABB;;;; C ;2;0;C
1SL2041A00;1SL2041A00;B 03;3;0;ABB;;;#N/D; C ;4;1;
1SL2045A00;1SL2045A00;B 03;6;0;ABB;;MAIS 8 SEM TAMPA;#N/D; C ;6;0;C
1SL2048A00;1SL2048A00;B 03;5;0;ABB;;;; C ;5;0;C
1SL2052A00;1SL2052A00;B 03;0;0;ABB;;;#N/D;;0;0;C
1SL2061A00;1SL2061A00;B 03;0;0;ABB;;;#N/D;;1;1;
1SL2063A00;1SL2063A00;B 03;6;0;ABB;;;; C ;6;0;C
1SL2065A00;1SL2065A00;B 03;6;0;ABB;;;#N/D; C ;6;0;C
1SL2067A00;1SL2067A00;B 03;3;0;ABB;;;#N/D; C ;3;0;C
1SL2752A01;1SL2752A01;B 06;6;0;ABB;;;#N/D; C ;6;0;C
1SLM300101A0790 ;1SLM300101A0790 ;B 09;33;0;ABB;;;#N/D; C ;33;0;C
1SNK338682061TC;1SNK338682061TC;N/A;0;0;ABB;;;#N/D;;0;0;C
1SNK338683073TC;1SNK338683073TC;N/A;0;0;ABB;;;#N/D;;0;0;C
1SPE007717F0320;1SPE007717F0320;B 06;8;0;ABB;;;X; C ;8;0;C
1SPE007717F0420;1SPE007717F0420;B 06;15;0;ABB;;;; C ;15;0;C
1SPE007717F0520;1SPE007717F0520;B 06;1;0;ABB;;0;X; C ;1;0;C
1VC113004225H05;1VC113004225H05;N/A;4;0;ABB;;;#N/D; C ;4;0;C
1VC121026685H08;1VC121026685H08;N/A;2;0;ABB;;;#N/D; C ;2;0;C
1VC121026915H08;1VC121026915H08;N/A;1;0;ABB;;;#N/D; C ;1;0;C
1VC1AH165X01C;1VC1AH165X01C;G 17;4;0;ABB;;;#N/D; C ;4;0;C
1VCR016225G0051P;1VCR016225G0051P;G 15;0;0;ABB;;;;;1;1;
1VCR016225G0052P;1VCR016225G0052P;G 17;16;0;ABB;;MO/MC;#N/D; C ;16;0;C
1VCR016228G0006P;1VCR016228G0006P;G 17;16;0;ABB;;MIN;#N/D; C ;16;0;C
1VCR016231G0005P;1VCR016231G0005P;G 15;0;0;ABB;;;;;1;1;
2001PZ10104B;2001PZ10104B;N/A;1;0;ABB;;;#N/D; C ;1;0;C
2003AZ10101A;2003AZ10101A;N/A;1;0;ABB;;;#N/D; C ;1;0;C
2006AZ10100A;2006AZ10100A;N/A;2;0;ABB;;;#N/D; C ;2;0;C
2007AZ10100A;2007AZ10100A;N/A;1;0;ABB;;;#N/D; C ;1;0;C
2009AZ10220A;2009AZ10220A;N/A;1;0;ABB;;;#N/D; C ;1;0;C
200-IP4;200-IP4;C 05;1;0;ABB;;PULSE COUNTER INPUT 4 CHANNEL;#N/D; C ;1;0;C
2013AZ10101B;2013AZ10101B;N/A;2;0;ABB;;;#N/D; C ;2;0;C
2032NZ10000C;2032NZ10000C;N/A;1;0;ABB;;;#N/D; C ;1;0;C
20-750-20COMM;20-750-20COMM;F;0;0;ALLEN BRADLEY;;;#N/D;;0;0;
20-750-2262C-2R;20-750-2262C-2R;F 13;1;CERTO;ALLEN BRADLEY;;CX/ABERTA;#N/D;;1;0;
20-750-APS;20-750-APS;F;2;0;ALLEN BRADLEY;;;#N/D;;2;0;
20-750-EMC1F4;20-750-EMC1F4;F 13;1;0;ALLEN BRADLEY;;;#N/D;;1;0;
20-750-ENC1;20-750-ENC1;F 13;1;0;ALLEN BRADLEY;;;#N/D;;1;0;
2080IF2;2080IF2;F 08;1;0;ALLEN BRADLEY;;;#N/D;;1;0;
2080IF4;2080IF4;F 08;1;0;ALLEN BRADLEY;;CAIXA DANIFICADA;#N/D;;2;1;
2080LC1012AWA;2080LC1012AWA;F 08;2;0;ALLEN BRADLEY;;;#N/D;;2;0;
2080LC2020QBB;2080LC2020QBB;F 08;0;0;ALLEN BRADLEY;;;#N/D;;0;0;
2080LC2020QWB;2080LC2020QWB;F 08;1;0;ALLEN BRADLEY;;;#N/D;;2;1;
2080LC5048QBB;2080LC5048QBB;F 08;3;0;ALLEN BRADLEY;;;#N/D;;3;0;
2080LC5048QWB;2080LC5048QWB;F 08;0;0;ALLEN BRADLEY;;;#N/D;;0;0;
2080LCD;2080LCD;F 08;1;0;ALLEN BRADLEY;;;#N/D;;1;0;
2080OB4;2080OB4;F 08;2;0;ALLEN BRADLEY;;;#N/D;;2;0;
2080OF2;2080OF2;F 08;4;0;ALLEN BRADLEY;;;#N/D;;4;0;
2080SERIALISOL;2080SERIALISOL;F 08;0;0;ALLEN BRADLEY;;;#N/D;;0;0;
2085ECR;2085ECR;F;0;0;ALLEN BRADLEY;;;#N/D;;0;0;
2085IF4;2085IF4;F;2;0;ALLEN BRADLEY;;;#N/D;;2;0;
2085IQ16;2085IQ16;F 08;1;0;ALLEN BRADLEY;;;#N/D;;1;0;
2085OF4;2085OF4;F;0;0;ALLEN BRADLEY;;;#N/D;;0;0;
2090CFBM6DFCBAA;2090CFBM6DFCBAA;F;1;0;ALLEN BRADLEY;;;#N/D;;1;0;
2090CPWM4E214TR;2090CPWM4E214TR;F;1;0;ALLEN BRADLEY;;;#N/D;;1;0;
2090CPWM7DF08AA09A;2090CPWM7DF08AA09A;F;3;0;ALLEN BRADLEY;;;#N/D;;3;0;
2090CPWM7DF08AA09A;2090CPWM7DF08AA09A;F;3;0;ALLEN BRADLEY;;;#N/D;;3;0;
2090DANPT16S03;2090DANPT16S03;F;1;0;ALLEN BRADLEY;;;#N/D;;1;0;
2090K2CK-COMBO;2090K2CK-COMBO;F;3;0;ALLEN BRADLEY;;;#N/D;;3;0;
2090K6CKD26M;2090K6CKD26M;F;5;0;ALLEN BRADLEY;;;#N/D;;5;0;
2090U3BCD4403;2090U3BCD4403;F;1;0;ALLEN BRADLEY;;;#N/D;;1;0;
2090UXLFHV330;2090UXLFHV330;F;1;0;ALLEN BRADLEY;;;#N/D;;1;0;
2090UXNFBMPS07;2090UXNFBMPS07;F;1;0;ALLEN BRADLEY;;;#N/D;;1;0;
2090XXNFMPS02;2090XXNFMPS02;F;1;0;ALLEN BRADLEY;;;#N/D;;1;0;
2090XXNFMPS09;2090XXNFMPS09;F;1;0;ALLEN BRADLEY;;;#N/D;;1;0;
2090XXNFMTS07;2090XXNFMTS07;F;1;0;ALLEN BRADLEY;;;#N/D;;1;0;
2090XXNPMF16S20;2090XXNPMF16S20;F;3;0;ALLEN BRADLEY;;;#N/D;;3;0;
2093PRF;2093PRF;F 08;1;0;ALLEN BRADLEY;;;#N/D;;1;0;
2094BM01S;2094BM01S;F 07;2;0;ALLEN BRADLEY;;;#N/D;;2;0;
2094PRF;2094PRF;F 08;1;0;ALLEN BRADLEY;;;#N/D;;1;0;
2094PRS7;2094PRS7;F;1;0;ALLEN BRADLEY;;;#N/D;;1;0;
20CD01;20CD01;F 13;1;0;ALLEN BRADLEY;;;#N/D;;1;0;
20CDA1A;20CDA1A;F 13;1;0;ALLEN BRADLEY;;;#N/D;;1;0;
20-COMMC;20-COMMC;F 13;1;0;ALLEN BRADLEY;;;#N/D;;1;0;
20-COMM-E;20-COMM-E;F 16;1;0;ALLEN BRADLEY;;S/EMBALAGEM;#N/D;;1;0;
20-COMME-B;20-COMME-B;F 13;4;0;ALLEN BRADLEY;;;#N/D;;4;0;
20-COMMH;20-COMMH;F 13;2;0;ALLEN BRADLEY;;;#N/D;;2;0;
20-COMMI;20-COMMI;F;1;0;ALLEN BRADLEY;;;#N/D;;1;0;
20DDL2CL3;20DDL2CL3;F;1;0;ALLEN BRADLEY;;;#N/D;;1;0;
20DDL2ENET0;20DDL2ENET0;F 13;1;0;ALLEN BRADLEY;;;#N/D;;1;0;
20F11NC037JANNNNN;20F11NC037JANNNNN;F;1;0;ALLEN BRADLEY;;;#N/D;;1;0;
20HIMA3-B;20HIMA3-B;F;0;0;ALLEN BRADLEY;;;#N/D;;0;0;
20HIMB1-A;20HIMB1-A;F 13;0;0;ALLEN BRADLEY;;;#N/D;;6;6;
20HIMC6S;20HIMC6S;F 13;0;0;ALLEN BRADLEY;;1 PÇ 2020;#N/D;;0;0;
20NHG000B690;20NHG000B690;N/A;36;0;BUSMANN;;20A X 690V;#N/D;;36;0;
216EC6;2CMA102003R1000;A 09;80;0;ABB;TOMADA IND;;#N/D; C ;80;0;C
216EP6;2CMA101947R1000;A 06;40;0;ABB;TOMADA IND;;#N/D; C ;80;40;
216R6;2CMA193146R1000;A 06;20;0;ABB;TOMADA IND;16A;#N/D; C ;20;0;C
216RS6;2CMA193098R1000;A 06;30;0;ABB;TOMADA IND;;#N/D; C ;30;0;C
2198-BARCON-+A620+A68+A681:A698;2198-BARCON-+A620+A68+A681:A698;F 08;1;0;ALLEN BRADLEY;;MATERIAIS RASURADOS;#N/D;;1;0;
2198-DBR20-F;2198-DBR20-F;F 07;2;0;ALLEN BRADLEY;;;#N/D;;2;0;
2198-H015-ERS;2198-H015-ERS;F 08;0;0;ALLEN BRADLEY;;;#N/D;;0;0;
2198-H040-P-T;2198-H040-P-T;F 08;0;0;ALLEN BRADLEY;;;#N/D;;0;0;
22AA1P5N104;22AA1P5N104;F 29;3;0;ALLEN BRADLEY;;;#N/D;;3;0;
22AA2P3N104;22AA2P3N104;F 29;2;0;ALLEN BRADLEY;;;#N/D;;2;0;
22BA5P0N104;22BA5P0N104;F 29;1;0;ALLEN BRADLEY;;;#N/D;;1;0;
22BCCC;22BCCC;F 29;0;0;ALLEN BRADLEY;;;#N/D;;0;0;
22BD017N104;22BD017N104;F 29;0;0;ALLEN BRADLEY;;;#N/D;;0;0;
22BD4P0N104;22BD4P0N104;F 29;2;0;ALLEN BRADLEY;;;#N/D;;2;0;
22CD010N103;22CD010N103;F 29;1;0;ALLEN BRADLEY;;;#N/D;;1;0;
22CD045A103;22CD045A103;F 29;0;0;ALLEN BRADLEY;;;#N/D;;0;0;
22-COMM-D;22-COMM-D;F 16;5;0;ALLEN BRADLEY;;3 PÇ- S/EMBALAGEM;#N/D;;5;0;
22COMMD-A;22COMMD-A;F 19;0;0;ALLEN BRADLEY;;;#N/D;;0;0;
22HIMA3-C;22HIMA3-C;F 19;6;0;ALLEN BRADLEY;;8 PEÇAS 2020;#N/D;;6;0;
22HIMB1;22HIMB1;F 19;10;0;ALLEN BRADLEY;;2020;#N/D;;10;0;
22RF5P7AL;22RF5P7AL;F 19;2;0;ALLEN BRADLEY;;;#N/D;;2;0;
22RF5P7AS;22RF5P7AS;F 29;0;0;ALLEN BRADLEY;;;#N/D;;0;0;
232BC6;2CMA102205R1000;A 09;20;0;ABB;TOMADA IND;32A;#N/D; C ;20;0;C
232BC6W;2CMA102215R1000;A 09;15;0;ABB;TOMADA IND;32A;#N/D; C ;16;1;
232BP6W;2CMA102214R1000;A 06;15;0;ABB;TOMADA IND;32A;#N/D; C ;15;0;C
232EC6;2CMA102031R1000;A 09;100;0;ABB;TOMADA IND;;; C ;100;0;C
232EP6;2CMA101975R1000;A 09;40;0;ABB;TOMADA IND;;#N/D; C ;170;130;
232P6;2CMA166722R1000;;1;0;ABB;TOMADA IND;32A;#N/D; C ;1;0;C
232RU6;2CMA193242R1000;A 06;17;0;ABB;TOMADA IND;32A;#N/D; C ;17;0;C
2410ML;PM3Y801R3R6;N/A;0;0;NMB;;VENTILADOR 24V  ;#N/D;;0;0;
2410ML-05W-B60;PM6Y801R2IP21;N/A;2;0;NMB;;VENTILADOR 24 V DC;#N/D;;2;0;
25AD4P0N104;25AD4P0N104;F;0;0;ALLEN BRADLEY;;;#N/D;;0;0;
25BA2P5N104;25BA2P5N104;F;0;0;ALLEN BRADLEY;;;#N/D;;0;0;
25BD013N114;25BD013N114;F;0;0;ALLEN BRADLEY;;;#N/D;;0;0;
25COMMD;25COMMD;F 19;2;0;ALLEN BRADLEY;;;#N/D;;2;0;
25COMME2P;25COMME2P;F;2;0;ALLEN BRADLEY;;;#N/D;;2;0;
25RF021BL;25RF021BL;F 19;1;0;ALLEN BRADLEY;;;#N/D;;1;0;
2711CBLPM10;2711CBLPM10;F;0;0;ALLEN BRADLEY;;;#N/D;;0;0;
2711CK3M;2711CK3M;F;1;0;ALLEN BRADLEY;;;#N/D;;1;0;
2711CT3M;2711CT3M;F 47;1;0;ALLEN BRADLEY;;;#N/D;;1;0;
2711NL3;2711NL3;F 47;4;0;ALLEN BRADLEY;;;#N/D;;4;0;
2711NV4T;2711NV4T;F;1;0;ALLEN BRADLEY;;;#N/D;;1;0;
2711PB12C4D1;2711PB12C4D1;F;1;0;ALLEN BRADLEY;;;#N/D;;1;0;
2711PB15C4A1;PANELVIEWPLUS1500;F;0;0;ALLEN BRADLEY;;F/CX;#N/D;;0;0;
2711PB6C20D;2711PB6C20D;F 47;1;0;ALLEN BRADLEY;;;#N/D;;1;0;
2711PCBLEX04;2711PCBLEX04;F;1;0;ALLEN BRADLEY;;;#N/D;;1;0;
2711PCK4M20D;2711PCK4M20D;F 47;1;0;ALLEN BRADLEY;;;#N/D;;2;1;
2711PRCH;2711PRCH;F 47;4;0;ALLEN BRADLEY;;;#N/D;;4;0;
2711PRDB7C;2711PRDB7C;F 48;1;0;ALLEN BRADLEY;;;;;1;0;
2711PRDB7CB;2711PRDB7CB;F;0;0;ALLEN BRADLEY;;F/CX;#N/D;;0;0;
2711PRDT10CB;2711PRDT10CB;F;0;0;ALLEN BRADLEY;;F\CX;#N/D;;0;0;
2711PRDT15TP/C;2711PRDT15TP/C;F;0;0;ALLEN BRADLEY;;F\CX;#N/D;;0;0;
2711P-RDT7TP;2711P-RDT7TP;F 47;1;0;ALLEN BRADLEY;;;#N/D;;1;0;
2711PRP1;2711PRP1;F;0;0;ALLEN BRADLEY;;F\CX;#N/D;;0;0;
2711P-RP1;2711P-RP1;F 48;1;0;ALLEN BRADLEY;;;#N/D;;1;0;
2711PRP1AF;2711PRP1AF;F;0;0;ALLEN BRADLEY;;F/CX;#N/D;;0;0;
2711PRP2DTP;2711PRP2DTP;F;0;0;ALLEN BRADLEY;;F/CX;#N/D;;0;0;
2711PRP2DTPG;2711PRP2DTPG;F;0;0;ALLEN BRADLEY;;F/CX;#N/D;;0;0;
2711PRP8D;2711PRP8D;F;0;0;ALLEN BRADLEY;;;#N/D;;0;0;
2711PT10C21D8S;2711PT10C21D8S;F;0;0;ALLEN BRADLEY;;;#N/D;;0;0;
2711PT10C4D1;2711PT10C4D1;F;0;0;ALLEN BRADLEY;;;#N/D;;0;0;
2711PT10C4D8;2711PT10C4D8;F;0;0;ALLEN BRADLEY;;;#N/D;;0;0;
2711PT12C4D1;2711p-t12c4d1 a;F;2;0;ALLEN BRADLEY;;;#N/D;;2;0;
2711PT15C4D2TP/B;2711PT15C4D2TP/B;F;0;0;ALLEN BRADLEY;;;#N/D;;0;0;
2711PT15C4D8TP;2711PT15C4D8TP;F 48;1;0;ALLEN BRADLEY;;;#N/D;;1;0;
2711PT6C20D8;2711PT6C20D8;F;0;0;ALLEN BRADLEY;;;#N/D;;0;0;
2711PT7C4D1;2711PT7C4D1;F;0;0;ALLEN BRADLEY;;Fora da cx.;#N/D;;0;0;
2711PT7C4D2TP;2711PT7C4D2TP;F;0;0;ALLEN BRADLEY;;F\CX;#N/D;;0;0;
2711RT4T;2711RT4T;F;0;0;ALLEN BRADLEY;;;#N/D;;0;0;
2711RT7T;2711RT7T;F;0;0;ALLEN BRADLEY;;;#N/D;;0;0;
2711T5A3L1;2711T5A3L1;F 47;1;0;ALLEN BRADLEY;;;#N/D;;1;0;
284DFVD2P3Z10CREMI;NX2;F;2;0;ALLEN BRADLEY;;;#N/D;;2;0;
291EFAZG13FR;291EFAZG13FR;F;1;0;ALLEN BRADLEY;;;#N/D;;1;0;
2CDS200922R0001;2CDS200922R0001;N/A;0;0;ABB;;;#N/D;;0;0;C
2F3F4PN7WX1;2F3F4PN7WX1;F;0;0;ALLEN BRADLEY;;;#N/D;;0;0;
2MBI600VX-120-50;2MBI600VX-120-50;ARMARIO 01;1;CERTO;ABB;;;#N/D;;1;0;C
2TLA020051R0700;2TLA020051R0700;N/A;0;0;ABB;;;#N/D;;0;0;C
2UEA000651;2UEA000651;ARMARIO 01;1;0;ABB;;CABO 64 POSICÕES 2 POLEGADAS;#N/D;;1;0;C
2UEA002152;2UEA002152;ARMARIO 01;1;CERTO;ABB;;;#N/D;;1;0;C
316P6;2CMA193506R1000;;1;0;ABB;TOMADA IND;16A;#N/D; C ;1;0;C
316R6;2CMA193154R1000;;1;0;ABB;TOMADA IND;16A;#N/D; C ;1;0;C
316R9;2CMA193156R1000;;1;0;ABB;TOMADA IND;16A;#N/D; C ;1;0;C
33080122XXTLW01;33080122XXTLW01;F;2;0;ALLEN BRADLEY;;MATERIAIS RASURADOS;#N/D;;2;0;
332BP6W;2CMA102233R1000;A 06;20;0;ABB;TOMADA IND;32A;#N/D; C ;22;2;
332EC6;2CMA102040R1000;A 09;47;0;ABB;TOMADA IND;;#N/D; C ;147;100;
332EP6;2CMA101984R1000;A 09;47;0;ABB;;;; C ;47;0;C
332ERU6W;2CMA101313R1000;;1;0;ABB;TOMADA IND;;#N/D; C ;1;0;C
332RU9;2CMA193252R1000;;0;0;ABB;TOMADA IND;32A;#N/D;;1;1;
3615KL;PM6Y801R3IP21;N/A;1;0;NMB;;VENTILADOR 24 V DC;#N/D;;1;0;
3AFE61353381;BR.CHOPPER CONTR / NBRC-51C;ARMARIO 01;0;CERTO;ABB;;;#N/D;;0;0;C
3AFE64607901;3AXD50000048249;ARMARIO 01;0;CERTO;ABB;;DRIVE CTRL UNIT;#N/D;;2;2;
3AUA0000083491;3AUA0000083491;;4;0;ABB;;;#N/D;;7;3;
3115PS-12W-B30;3115PS-12W-B30;ARMARIO 02;2;0;ABB;;;;;2;0;
3AUA0000097468;3AUA0000097468;;3;0;ABB;;;#N/D;;4;1;
3AUA0000100122;3AUA0000100122;;1;0;ABB;;;#N/D; C ;1;0;C
3AUA0000083491;3AUA0000083491;ARMARIO 02;4;0;ABB;;;;;7;3;
3AUA0000120015;3AUA0000120015;ARMARIO 01;1;0;ABB;;;;;1;0;
3AXD50000027349 - FAST;;;2;0;ABB;;;;;2;0;
3AXD50000260324;3AXD50000260324;N/A;1;0;ABB;;;#N/D; C ;1;0;C
3AUA0000088115;3AUA0000088115;ARMARIO 02;7;0;ABB;;;#N/D;;9;2;
3AXD50000260379;ACS800-104R8I;N/A;4;0;ABB;;;#N/D; C ;4;0;C
3AXD50000260546;ACS800;N/A;0;0;ABB;;;#N/D;;2;2;
3AXD50000260621;ACS800/550;ARMARIO 01;0;CERTO;ABB;;;#N/D;;1;1;
3AUA0000097468;3AUA0000097468;ARMARIO 02;3;0;ABB;VENTILADOR;;;;4;1;
3AXD50000265411;3AXD50000265411;;0;0;ABB;;;#N/D;;1;1;
3AXD50000265640;ACS800-X1/X4 R6 KT6;N/A;1;0;ABB;;;#N/D; C ;1;0;C
3AXD50000422975;3AXD50000422975;;1;0;ABB;;;#N/D; C ;1;0;C
3GZE425205-1;3GZE425205-1;N/A;2;0;ABB;;;#N/D; C ;2;0;C
3GZV214017-1;3GZV214017-1;N/A;3;0;ABB;;;#N/D; C ;3;0;C
3NA3252NH2;3NA3252NH2;N/A;3;0;SIEMENS;;315A X 500V;#N/D;;3;0;
3NH3030ZNH00;3NH3030ZNH00;N/A;18;0;SIEMENS;;160A X 660V;#N/D;;18;0;
3NW6220-1;3NW6220-1;D 16;10;0;SIEMENS;;50A X 690V a.c.;#N/D;;10;0;
3SB34000C;3SB34000C;N/A;10;0;SIEMENS;;;#N/D;;10;0;
3TCS+3TPS+N;1SNS320001Z0105;N/A;10;0;ETE;;;#N/D;;10;0;
400-AB6;400-AB6;F;1;0;ALLEN BRADLEY;;MATERIAIS RASURADOS;#N/D;;1;0;
41P12X12;41P12X12;N/A;15;0;ABB;;;#N/D; C ;15;0;C
42CAR1LPAA2;42CAR1LPAA2;F 52;1;0;ALLEN BRADLEY;;;#N/D;;1;0;
42EFB1MPBCA2;42EFB1MPBCA2;F 52;1;0;ALLEN BRADLEY;;;#N/D;;1;0;
42EFC2KBAF4;42EFC2KBAF4;F;0;0;ALLEN BRADLEY;;;#N/D;;0;0;
42EFD2JBAKF4;42EFD2JBAKF4;F 52;3;0;ALLEN BRADLEY;;;#N/D;;3;0;
42EFE1EZBF4;42EFE1EZBF4;F;0;0;ALLEN BRADLEY;;;#N/D;;0;0;
42EFP2MPBF4;42EFP2MPBF4;F;0;0;ALLEN BRADLEY;;;#N/D;;0;0;
42EFR9JBBF4;42EFR9JBBF4;F;0;0;ALLEN BRADLEY;;;#N/D;;0;0;
42EFR9MPBF4;42EFR9MPBF4;F 52;11;0;ALLEN BRADLEY;;;#N/D;;11;0;
42GRC9203QD;42GRC9203QD;F 52;1;0;ALLEN BRADLEY;;;#N/D;;1;0;
42GRP9000QD;42GRP9000QD;F 52;1;0;ALLEN BRADLEY;;;#N/D;;1;0;
42GRU9001;42GRU9001;F;0;0;ALLEN BRADLEY;;;#N/D;;0;0;
42KAD2JPFCA2;42KAD2JPFCA2;F 39;1;0;ALLEN BRADLEY;;;#N/D;;1;0;
42KDB2LAT1Y4;42KDB2LAT1Y4;CAIXA 2;23;0;ALLEN BRADLEY;;;#N/D;;23;0;
42KDB2LAT1-Y4;42KDB2LAT1-Y4;F;24;0;ALLEN BRADLEY;;MATERIAIS RASURADOS;#N/D;;24;0;
42KLD1LBF4;42KLD1LBF4;F 52;3;0;ALLEN BRADLEY;;;#N/D;;3;0;
42SRP6012QD;42SRP6012QD;F 52;1;0;ALLEN BRADLEY;;;#N/D;;1;0;
432C6W;2CMA166618R1000;;1;0;ABB;TOMADA IND;32A;#N/D; C ;1;0;C
440CENET;440CENET;F 28;2;0;ALLEN BRADLEY;;;#N/D;;2;0;
440E-A13078;440E-A13078;;1;0;ALLEN BRADLEY;;;;;1;0;
440EA13084;440EA13084;F 28;1;0;ALLEN BRADLEY;;falta o cabo;#N/D;;1;0;
440EA13501;440EA13501;F 28;0;0;ALLEN BRADLEY;;;#N/D;;0;0;
440EA17003;440EA17003;F;0;0;ALLEN BRADLEY;;;#N/D;;0;0;
440ED13120;440ED13120;F;0;0;ALLEN BRADLEY;;;#N/D;;0;0;
440EL13043;440EL13043;F;0;0;ALLEN BRADLEY;;;#N/D;;0;0;
440EL13166;440EL13166;F 28;1;0;ALLEN BRADLEY;;;#N/D;;1;0;
440EL13193;440EL13193;F;0;0;ALLEN BRADLEY;;;#N/D;;0;0;
440EL22BNSM;440EL22BNSM;F;0;0;ALLEN BRADLEY;;;#N/D;;0;0;
440EL22BNST;440EL22BNST;F;0;0;ALLEN BRADLEY;;;#N/D;;0;0;
440ELL5SE8;440ELL5SE8;F 27;4;0;ALLEN BRADLEY;;;#N/D;;4;0;
440FA1306;440FA1306;F 62;1;0;ALLEN BRADLEY;;;#N/D;;1;0;
440FC252D;440FC252D;F;0;0;ALLEN BRADLEY;;;#N/D;;0;0;
440GA27011;440GA27011;F;0;0;ALLEN BRADLEY;;;#N/D;;0;0;
440GA27143;440GA27143;F;0;0;ALLEN BRADLEY;;;#N/D;;0;0;
440GMT47037;440GMT47037;F 27;1;0;ALLEN BRADLEY;;;#N/D;;1;0;
440GT27127;440GT27127;F;0;0;ALLEN BRADLEY;;;#N/D;;0;0;
440GT27183;440GT27183;F 28;4;0;ALLEN BRADLEY;;;#N/D;;4;0;
440GTZS21UPRH;440GTZS21UPRH;F 27;0;0;ALLEN BRADLEY;;;#N/D;;0;0;
440HE22027;440HE22027;F 27;2;0;ALLEN BRADLEY;;;#N/D;;2;0;
440KA11238;440KA11238;F 28;17;0;ALLEN BRADLEY;;F\CX;#N/D;;17;0;
440KE33014;440KE33014;F 27;3;0;ALLEN BRADLEY;;;#N/D;;3;0;
440KE33046;440KE33046;F;0;0;ALLEN BRADLEY;;F\CX;#N/D;;0;0;
440KMT55029;440KMT55029;F;2;0;ALLEN BRADLEY;;;#N/D;;2;0;
440KT11147;440KT11147;F 28;1;0;ALLEN BRADLEY;;;#N/D;;1;0;
440KT11202;440KT11202;F 62;1;0;ALLEN BRADLEY;;;#N/D;;1;0;
440KT11269;440KT11269;F;1;0;ALLEN BRADLEY;;F\CX;#N/D;;1;0;
440KT11333;440KT11333;F 27;1;0;ALLEN BRADLEY;;;#N/D;;1;0;
440LP4J0480YD;440LP4J0480YD;F;1;0;ALLEN BRADLEY;;;#N/D;;1;0;
440NA32019;440NA32019;F 27;2;0;ALLEN BRADLEY;;F\CX;#N/D;;2;0;
440NG02112;440NG02112;F 62;1;0;ALLEN BRADLEY;;;#N/D;;1;0;
440NG02123;440NG02123;F 27;0;0;ALLEN BRADLEY;;;#N/D;;0;0;
440NS32015;440NS32015;F 27;2;0;ALLEN BRADLEY;;;#N/D;;2;0;
440NS32024;440NS32024;F 27;5;0;ALLEN BRADLEY;;;#N/D;;5;0;
440NZ18;440NZ18;F;5;0;ALLEN BRADLEY;;F\CX;#N/D;;5;0;
440NZ21S16A;440NZ21S16A;F;0;0;ALLEN BRADLEY;;;#N/D;;0;0;
440NZ21S16H;440NZ21S16H;F;0;0;ALLEN BRADLEY;;;#N/D;;0;0;
440NZ21SS2A;440NZ21SS2A;F;0;0;ALLEN BRADLEY;;;#N/D;;0;0;
440NZ21SS2B;440NZ21SS2B;F;0;0;ALLEN BRADLEY;;;#N/D;;0;0;
440NZ21SS2H;440NZ21SS2H;F;0;0;ALLEN BRADLEY;;;#N/D;;0;0;
440NZ21U16B;440NZ21U16B;F 28;1;0;ALLEN BRADLEY;;;#N/D;;1;0;
440NZ21W1PA;440NZ21W1PA;F 62;0;0;ALLEN BRADLEY;;EMBALAGEM DANIFICADA;#N/D;;10;10;
440NZ2NRS1A;440NZ2NRS1A;F;0;0;ALLEN BRADLEY;;;#N/D;;0;0;
440NZ2NRS1B;440NZ2NRS1B;F;0;0;ALLEN BRADLEY;;;#N/D;;0;0;
440NZ30;440NZ30;F;1;0;ALLEN BRADLEY;;F\CX;#N/D;;1;0;
440NZPRECB;440NZPRECB;F 28;3;0;ALLEN BRADLEY;;;#N/D;;3;0;
440PCALB12E;440PCALB12E;F 28;11;0;ALLEN BRADLEY;;;#N/D;;11;0;
440PCRPB12B;440PCRPB12B;F;1;0;ALLEN BRADLEY;;;#N/D;;1;0;
440PMSRB22E;440PMSRB22E;F;2;0;ALLEN BRADLEY;;;#N/D;;2;0;
440PMSRS11E;440PMSRS11E;F 28;1;0;ALLEN BRADLEY;;;#N/D;;1;0;
440RD22R2;440RD22R2;F;0;0;ALLEN BRADLEY;;;#N/D;;0;0;
440RD23163;440RD23163;F 27;4;0;ALLEN BRADLEY;;;#N/D;;4;0;
440RD23171;440RD23171;F;0;0;ALLEN BRADLEY;;;#N/D;;0;0;
440RE21356;440RE21356;F 27;1;0;ALLEN BRADLEY;;;#N/D;;1;0;
440RE23191;440RE23191;F 27;5;0;ALLEN BRADLEY;;;#N/D;;5;0;
440REM4R2D;440REM4R2D;F;0;0;ALLEN BRADLEY;;;#N/D;;0;0;
440RH23183;440RH23183;F 27;1;0;ALLEN BRADLEY;;;#N/D;;1;0;
440RN23114;440RN23114;F;0;0;ALLEN BRADLEY;;;#N/D;;0;0;
440RN23126;440RN23126;F;0;0;ALLEN BRADLEY;;;#N/D;;0;0;
440RN23132;440RN23132;F;0;0;ALLEN BRADLEY;;;#N/D;;0;0;
440RP23074;440RP23074;F 28;1;0;ALLEN BRADLEY;;;#N/D;;1;0;
440RS07139;440RS07139;F 28;1;0;ALLEN BRADLEY;;;#N/D;;1;0;
440RS07279;440RS07279;F 62;6;0;ALLEN BRADLEY;;;#N/D;;6;0;
440RS12R2;440RS12R2;F 27;0;0;ALLEN BRADLEY;;;#N/D;;0;0;
440TAKEYE100W;440TAKEYE100W;F 39;1;0;ALLEN BRADLEY;;;#N/D;;1;0;
440TMRKSE10AA;440TMRKSE10AA;F 27;1;0;ALLEN BRADLEY;;;#N/D;;1;0;
440TMRPSE10DI;440TMRPSE10DI;F 27;1;0;ALLEN BRADLEY;;;#N/D;;1;0;
440TMRPSE11;440TMRPSE11;F 27;1;0;ALLEN BRADLEY;;;#N/D;;1;0;
440TMRPSE11CA;440TMRPSE11CA;F 27;1;0;ALLEN BRADLEY;;;#N/D;;1;0;
440TMSALE55;440TMSALE55;F 28;1;0;ALLEN BRADLEY;;;#N/D;;1;0;
440TMSSLE11BL;440TMSSLE11BL;F 27;1;0;ALLEN BRADLEY;;;#N/D;;1;0;
3AUA0000118672;3AUA0000118672;ARMARIO 02;0;0;ABB;;;#N/D;;1;1;
3AUA0000123676;3AUA0000123676;ARMARIO 02;5;0;ABB;VENTILADOR;;;;5;0;
3AUA0000125293;3AUA0000125293;ARMARIO 02;1;0;ABB;GRILLPLASTIC;;;;1;0;
442GMABRBULE0JP4679;442GMABRBULE0JP4679;F;2;0;ALLEN BRADLEY;;;#N/D;;2;0;
442GMABRBURE0JP4679;442GMABRBURE0JP4679;F;2;0;ALLEN BRADLEY;;;#N/D;;2;0;
445LP2S0480YD;445LP2S0480YD;F;2;0;ALLEN BRADLEY;;;#N/D;;2;0;
445LP4S0480YD;445LP4S0480YD;F;1;0;ALLEN BRADLEY;;;#N/D;;1;0;
44RSD1JPC38A2;44RSD1JPC38A2;F 52;2;0;ALLEN BRADLEY;;;#N/D;;2;0;
4515MS-12T;VENTILADOR;N/A;1;0;N;;;#N/D;;1;0;
45LST1LEA1P4;45LST1LEA1P4;F 38;1;0;ALLEN BRADLEY;;;#N/D;;1;0;
4712KL-05W-B40;PM6Y801R4IP21;N/A;3;0;NMB;;VENTILADOR 24 V DC;#N/D;;3;0;
4715KL-04W-B30;4715KL-04W-B30;N/A;0;0;NMB;;VENTILADOR 12V;#N/D;;0;0;
4715MS-12TB5A;4715MS-12TB5A;N/A;0;0;NMB;;127V;#N/D;;0;0;
4715MS-23T-B5A;4715MS-23T-B5A;N/A;4;0;NMB;;VENTILADOR 230V;#N/D;;4;0;
4715SL-05W-B60-D01;3AUA0000059275;N/A;0;CERTO;NMB;;;#N/D;;1;1;
4983DS230401;4983DS230401;caixa 02;14;0;ALLEN BRADLEY;;;#N/D;;14;0;
4983DS230401;4983DS230401;F;14;0;ALLEN BRADLEY;;;#N/D;;14;0;
4983DS277403;4983DS277403;F;3;0;ALLEN BRADLEY;;;#N/D;;3;0;
4Q 400V E1.2-XT7-XT7M;1SDA073750R1;G 02;4;0;ABB;;;#N/D; C ;4;0;C
5069OB16;5069OB16;F;0;0;ALLEN BRADLEY;;;#N/D;;0;0;
5069RTB18-SCREW;5069RTB18-SCREW;F 08;0;0;ALLEN BRADLEY;;;#N/D;;0;0;
5069RTB64-SCREW;5069RTB64-SCREW;F 08;0;0;ALLEN BRADLEY;;;#N/D;;0;0;
5069RTB64-SPRING;5069RTB64-SPRING;F 08;5;0;ALLEN BRADLEY;;;#N/D;;5;0;
57RFDF150F;57RFDF150F;F;1;0;ALLEN BRADLEY;;;#N/D;;1;0;
5983PB22Y;5983PB22Y;F;0;0;ALLEN BRADLEY;;;#N/D;;2;2;
598BS933;598BS933;F;0;0;ALLEN BRADLEY;;;#N/D;;0;0;
599-PBF-SS;599-PBF-SS;N/A;3;0;N;;;#N/D;;3;0;
610A51HCNT;610A51HCNT;N/A;1;0;ABB;;;#N/D; C ;1;0;C
6181X12TPXPDC;6181X12TPXPDC;F;1;0;ALLEN BRADLEY;;;#N/D;;1;0;
6189VACPSWS;6189VACPSWS;F 38;1;0;ALLEN BRADLEY;;;#N/D;;1;0;
630NHG3B;630NHG3B;N/A;0;0;BUSSMANN;;630A X 500V;#N/D;;0;0;
64528564 - FAST;;;7;0;ABB;;;;;7;0;
3AXD50000014387;3AXD50000014387;ARMARIO 02;2;0;ABB;VENTILADOR;;;;2;0;
65P08X12;1SL1201A00;N/A;2;CERTO;ABB;;;X; C ;2;0;C
6844AGM-204-500;6844AGM-204-500;N/A;1;0;NIESSEN;;WATCHDOG  BASICLINE;#N/D;;1;0;
68569427 - FAST;;;2;0;ABB;;;;;2;0;
69569583 - FAST;;;1;0;ABB;;;;;1;0;
6av6640-0ca01-0ax0;6av6640-0ca01-0ax0;F;1;0;ALLEN BRADLEY;;;#N/D;;1;0;
6SE64402UD33-7EA1;6SE64402UD337EA1;N/A;1;0;SIEMENS;;;#N/D;;1;0;
700CF220D;700CF220D;F 41;0;0;ALLEN BRADLEY;;;#N/D;;0;0;
700CF220J;700CF220J;F 41;1;0;ALLEN BRADLEY;;;#N/D;;1;0;
700CF220L;700CF220L;F 41;2;0;ALLEN BRADLEY;;;#N/D;;2;0;
700CF310J;700CF310J;F 41;1;0;ALLEN BRADLEY;;;#N/D;;1;0;
700CP1;700CP1;F 41;5;0;ALLEN BRADLEY;;F\CX;#N/D;;5;0;
700DCMB310;700DCMB310;F;5;0;ALLEN BRADLEY;;;#N/D;;5;0;
700FEM3TU23;700FEM3TU23;F;0;0;ALLEN BRADLEY;;;#N/D;;0;0;
700FSA3CU23;700FSA3CU23;F 41;3;0;ALLEN BRADLEY;;;#N/D;;3;0;
700FSK3CU23;700FSK3CU23;F;0;0;ALLEN BRADLEY;;;#N/D;;0;0;
700FSY2DU23;700FSY2DU23;F;1;0;ALLEN BRADLEY;;;#N/D;;1;0;
700HA32Z12;700HA32Z12;F 41;1;0;ALLEN BRADLEY;;;#N/D;;1;0;
700HA33A1-3-4;700HA33A1-3-4;F 41;1;0;ALLEN BRADLEY;;;#N/D;;1;0;
700HAB3Z013;700HAB3Z013;F 41;16;0;ALLEN BRADLEY;;C\AB;#N/D;;16;0;
700HB32A12;700HB32A12;F 41;2;0;ALLEN BRADLEY;;F\CX;#N/D;;2;0;
700HC14Z24;700HC14Z24;F 41;2;0;ALLEN BRADLEY;;;#N/D;;2;0;
700HC24A2;700HC24A2;F 41;6;0;ALLEN BRADLEY;;;#N/D;;6;0;
700HK32A1;700HK32A1;F 41;43;0;ALLEN BRADLEY;;F\CX;#N/D;;43;0;
700HK32A2;700HK32A2;F 41;17;0;ALLEN BRADLEY;;;#N/D;;17;0;
700HK32A24;700HK32A24;F;0;0;ALLEN BRADLEY;;C\AB;#N/D;;0;0;
700HK32Z24;700HK32Z24;F 41;18;0;ALLEN BRADLEY;;C\AB;#N/D;;39;21;
700HK32Z24-4;700HK32Z24-4;F 41;8;0;ALLEN BRADLEY;;C\AB;#N/D;;8;0;
700HK36A1;700HK36A1;F;0;0;ALLEN BRADLEY;;;#N/D;;0;0;
700HK36A2;700HK36A2;F 41;0;0;ALLEN BRADLEY;;;#N/D;;1;1;
700HK36Z24;700HK36Z24;F;1;0;ALLEN BRADLEY;;;#N/D;;1;0;
700HK36Z244;700HK36Z244;F 41;1;0;ALLEN BRADLEY;;C\AB;#N/D;;1;0;
700HLS1Z24;700HLS1Z24;F 41;18;0;ALLEN BRADLEY;;BASE COM RELE PT;#N/D;;20;2;
700HLT12;700HLT12;F 41;2;0;ALLEN BRADLEY;;SEM RELE;#N/D;;2;0;
700HLT12Z244;700HLT12Z244;F;0;0;ALLEN BRADLEY;;COM RELE;#N/D;;0;0;
700HLT1L1;700HLT1L1;F 41;1;0;ALLEN BRADLEY;;SEM RELE;#N/D;;1;0;
700HLT1U;700HLT1U;F 41;28;0;ALLEN BRADLEY;;SEM RELE;#N/D;;28;0;
700HLT1U1;700HLT1U1;F 41;0;0;ALLEN BRADLEY;;;#N/D;;0;0;
700HLT1U2;700HLT1U2;F;0;0;ALLEN BRADLEY;;COM RELE;#N/D;;0;0;
700HLT1U260;700HLT1U260;F;0;0;ALLEN BRADLEY;;COM RELE;#N/D;;0;0;
700HLT1Z24;700HLT1Z24;F 41;7;CERTO;ALLEN BRADLEY;;;#N/D;;31;24;
700HLT22;700HLT22;F 41;43;CERTO;ALLEN BRADLEY;;BASE;#N/D;;43;0;
700HLT22Z24;700HLT22Z24;F;122;0;ALLEN BRADLEY;;BASE COM RELE;#N/D;;122;0;
700HLT2Z;700HLT2Z;F 41;17;0;ALLEN BRADLEY;;700HLS2Z - BASE SEM RELE;#N/D;;17;0;
700HN119;700HN119;F 41;10;0;ALLEN BRADLEY;;;#N/D;;10;0;
700-HN122;700-HN122;F 41;41;0;ALLEN BRADLEY;;F/CX;#N/D;;41;0;
700HN123;700HN123;F;0;0;ALLEN BRADLEY;;;#N/D;;0;0;
700HN138;700HN138;F 41;1;0;ALLEN BRADLEY;;;#N/D;;1;0;
700HN221;700HN221;F 41;2;0;ALLEN BRADLEY;;F\CX;#N/D;;2;0;
700HP32A2;700HP32A2;F 41;4;0;ALLEN BRADLEY;;F\CX;#N/D;;4;0;
700K40EKF;700K40EKF;F 41;3;0;ALLEN BRADLEY;;;#N/D;;3;0;
700MB220;700MB220;F;0;0;ALLEN BRADLEY;;F\CX;#N/D;;0;0;
700MB400;700MB400;F;1;0;ALLEN BRADLEY;;F\CX;#N/D;;1;0;
700SCF440DC;700SCF440DC;F 41;19;0;ALLEN BRADLEY;;;#N/D;;19;0;
700SH40GZ25;700SH40GZ25;F;0;0;ALLEN BRADLEY;;;#N/D;;0;0;
700SH40HZ25;700SH40HZ25;F 41;2;0;ALLEN BRADLEY;;;#N/D;;2;0;
700TBR2110;700TBR2110;F 41;1;0;ALLEN BRADLEY;;F\CX;#N/D;;4;3;
700TBR224;700TBR224;F 41;0;0;ALLEN BRADLEY;;RELE;#N/D;;22;22;
700TBR24;700TBR24;F 41;55;CERTO;ALLEN BRADLEY;;RELE;#N/D;;99;44;
700TBR60;700TBR60;F 41;0;0;ALLEN BRADLEY;;;#N/D;;0;0;
700TBS24;700TBS24;F 41;0;0;ALLEN BRADLEY;;RELE  PT;#N/D;;0;0;
3AXD50000026331;3AUA0000019968;ARMARIO 02;4;0;ABB;VENTILADOR;;;;4;0;
72PANDRA4BWUBXD6;72PANDRA4BWUBXD6;N/A;1;0;VAGON;;;#N/D;;1;0;
72PANHMGR116KT4;72PANHMGR116KT4;N/A;1;0;VAGON;;;#N/D;;1;0;
8000MTLS;8000MTLS;F;0;0;GROWATT;;;#N/D;;0;0;
800EAF5;800EAF5;F;0;0;ALLEN BRADLEY;;;#N/D;;0;0;
800EAP5;800EAP5;F;0;0;ALLEN BRADLEY;;;#N/D;;0;0;
800EMF3;800EMF3;F;0;0;ALLEN BRADLEY;;;#N/D;;0;0;
800EMF5;800EMF5;F;0;0;ALLEN BRADLEY;;;#N/D;;0;0;
800EMF9;800EMF9;F;0;0;ALLEN BRADLEY;;;#N/D;;0;0;
800EMHM22;800EMHM22;F;0;0;ALLEN BRADLEY;;;#N/D;;0;0;
800EMHM32;800EMHM32;F;0;0;ALLEN BRADLEY;;;#N/D;;0;0;
800EMKM23;800EMKM23;F;0;0;ALLEN BRADLEY;;;#N/D;;0;0;
800EMLMP3R4;800EMLMP3R4;F;0;0;ALLEN BRADLEY;;;#N/D;;0;0;
800EMM4;800EMM4;F;0;0;ALLEN BRADLEY;;;#N/D;;0;0;
800EMP3;800EMP3;F;0;0;ALLEN BRADLEY;;;#N/D;;0;0;
800EMP6;800EMP6;F;0;0;ALLEN BRADLEY;;;#N/D;;0;0;
800EMPL5;800EMPL5;F;0;0;ALLEN BRADLEY;;;#N/D;;0;0;
800EPE3;800EPE3;F;0;0;ALLEN BRADLEY;;;#N/D;;0;0;
800EPE4;800EPE4;F;0;0;ALLEN BRADLEY;;;#N/D;;0;0;
800EPF2;800EPF2;F;0;0;ALLEN BRADLEY;;;#N/D;;0;0;
800EPF4;800EPF4;F;0;0;ALLEN BRADLEY;;;#N/D;;0;0;
800EPF5;800EPF5;F;0;0;ALLEN BRADLEY;;;#N/D;;0;0;
800EPF6;800EPF6;F;0;0;ALLEN BRADLEY;;;#N/D;;0;0;
800EPF9;800EPF9;F;0;0;ALLEN BRADLEY;;;#N/D;;0;0;
800EPHL32;800EPHL32;F;0;0;ALLEN BRADLEY;;;#N/D;;0;0;
800EPHM23;800EPHM23;F;0;0;ALLEN BRADLEY;;;#N/D;;0;0;
800EPHM32;800EPHM32;F;0;0;ALLEN BRADLEY;;;#N/D;;0;0;
800EPHR22;800EPHR22;F;0;0;ALLEN BRADLEY;;;#N/D;;0;0;
800EPLF3;800EPLF3;F;0;0;ALLEN BRADLEY;;;#N/D;;0;0;
800EPLSR24;800EPLSR24;F;0;0;ALLEN BRADLEY;;;#N/D;;0;0;
800EPLU2C0;800EPLU2C0;F;0;0;ALLEN BRADLEY;;;#N/D;;0;0;
800EPM2;800EPM2;F;0;0;ALLEN BRADLEY;;;#N/D;;0;0;
800EPM4;800EPM4;F;0;0;ALLEN BRADLEY;;;#N/D;;0;0;
800EPMT4;800EPMT4;F;0;0;ALLEN BRADLEY;;;#N/D;;0;0;
800EPP3;800EPP3;F;0;0;ALLEN BRADLEY;;;#N/D;;0;0;
800EPP4;800EPP4;F;0;0;ALLEN BRADLEY;;;#N/D;;0;0;
800EPP6;800EPP6;F;0;0;ALLEN BRADLEY;;;#N/D;;0;0;
800EPP9;800EPP9;F;0;0;ALLEN BRADLEY;;;#N/D;;0;0;
800EPSL32;800EPSL32;F;0;0;ALLEN BRADLEY;;;#N/D;;0;0;
800EPSM21;800EPSM21;F;0;0;ALLEN BRADLEY;;;#N/D;;0;0;
800EPSR22;800EPSR22;F;0;0;ALLEN BRADLEY;;;#N/D;;0;0;
800F15YE112;15YE112;F 44;3;0;ALLEN BRADLEY;;;#N/D;;3;0;
800F15YSP112;15YSP112;F 44;4;0;ALLEN BRADLEY;;;#N/D;;4;0;
800FAB7;800FAB7;F 45;12;0;ALLEN BRADLEY;;;#N/D;;12;0;
800FALM;800FALM;F 44;0;0;ALLEN BRADLEY;;;#N/D;;0;0;
800FALP;800FALP;F 44;14;CERTO;ALLEN BRADLEY;;;#N/D;;113;99;
800FBN3G;800FBN3G;F 44;5;0;ALLEN BRADLEY;;;#N/D;;5;0;
800FBN3R;800FBN3R;F 44;4;0;ALLEN BRADLEY;;;#N/D;;4;0;
800FBN5Y;800FBN5Y;F 44;20;0;ALLEN BRADLEY;;;#N/D;;20;0;
800FC5Z;800FC5Z;F 45;1;0;ALLEN BRADLEY;;;#N/D;;1;0;
800FD1P;800FD1P;F 45;5;0;ALLEN BRADLEY;;;#N/D;;5;0;
800FME4;800FME4;F 44;4;0;ALLEN BRADLEY;;;#N/D;;4;0;
800FME402;800FME402;F 44;50;0;ALLEN BRADLEY;;;#N/D;;50;0;
800FMF3;800FMF3;F 44;1;0;ALLEN BRADLEY;;;#N/D;;1;0;
800FMF301;800FMF301;F 44;26;0;ALLEN BRADLEY;;;#N/D;;26;0;
800FMLF3;800FMLF3;F;1;0;ALLEN BRADLEY;;;#N/D;;1;0;
800FMMM43;800FMMM43;F 44;3;0;ALLEN BRADLEY;;;#N/D;;3;0;
800FMMM44;800FMMM44;F 44;1;0;ALLEN BRADLEY;;;#N/D;;1;0;
800FMMT44;800FMMT44;F 44;0;0;ALLEN BRADLEY;;;#N/D;;2;2;
800FN3B;800FN3B;F 44;1;0;ALLEN BRADLEY;;;#N/D;;1;0;
800FN3G;800FN3G;F 44;0;0;ALLEN BRADLEY;;;#N/D;;0;0;
800FN3R;800FN3R;F;5;0;ALLEN BRADLEY;;;#N/D;;5;0;
800FN3W;800FN3W;F;0;0;ALLEN BRADLEY;;;#N/D;;0;0;
800FN5G;800FN5G;F;0;0;ALLEN BRADLEY;;;#N/D;;0;0;
800FPF2;800FPF2;F;0;0;ALLEN BRADLEY;;;#N/D;;0;0;
800FPF4;800FPF4;F 44;20;0;ALLEN BRADLEY;;;#N/D;;20;0;
800FPF6;800FPF6;F;2;0;ALLEN BRADLEY;;;#N/D;;2;0;
800FPLE4;800FPLE4;F;0;0;ALLEN BRADLEY;;;#N/D;;0;0;
800FPLF3;800FPLF3;F;0;0;ALLEN BRADLEY;;;#N/D;;0;0;
800FPLF4;800FPLF4;F;2;0;ALLEN BRADLEY;;;#N/D;;6;4;
800FPLF5;800FPLF5;F;1;0;ALLEN BRADLEY;;;#N/D;;1;0;
800FPLF6;800FPLF6;F;0;0;ALLEN BRADLEY;;;#N/D;;0;0;
800FPLSM24;800FPLSM24;F;1;0;ALLEN BRADLEY;;;#N/D;;1;0;
800FPLU2F3F4;800FPLU2F3F4;F;2;0;ALLEN BRADLEY;;;#N/D;;2;0;
800FPMP42;800FPMP42;F;0;0;ALLEN BRADLEY;;;#N/D;;0;0;
800FPMP44;800FPMP44;F 44;1;0;ALLEN BRADLEY;;;#N/D;;1;0;
800FPMT44;800FPMT44;F;0;0;ALLEN BRADLEY;;;#N/D;;0;0;
800FPP3;800FPP3;F;0;0;ALLEN BRADLEY;;;#N/D;;0;0;
800FPP4;800FPP4;F 44;7;0;ALLEN BRADLEY;;;#N/D;;17;10;
800FPP5;800FPP5;F;0;0;ALLEN BRADLEY;;;#N/D;;0;0;
800FPP6;800FPP6;F;0;0;ALLEN BRADLEY;;;#N/D;;0;0;
800FPP6PN3B;800FPP6PN3B;F;0;0;ALLEN BRADLEY;;;#N/D;;0;0;
800FPPOT5A;800FPPOT5A;F;0;0;ALLEN BRADLEY;;;#N/D;;0;0;
800FPSM22;800FPSM22;F;0;0;ALLEN BRADLEY;;;#N/D;;0;0;
800FPSM32PX21;800FPSM32PX21;F;0;0;ALLEN BRADLEY;;;#N/D;;0;0;
800FQ7R;800FQ7R;F 44;10;0;ALLEN BRADLEY;;;#N/D;;10;0;
800FX01;800FX01;F 44;34;CERTO;ALLEN BRADLEY;;;#N/D;;123;89;
800FX01S;800FX01S;F 44;8;0;ALLEN BRADLEY;;;#N/D;;8;0;
800FX10;800FX10;F 44;0;CERTO;ALLEN BRADLEY;;;#N/D;;77;77;
800G1P;800G1P;F 45;2;0;ALLEN BRADLEY;;;#N/D;;2;0;
800G2F2AF2A3;800G2F2AF2A3;F 45;3;0;ALLEN BRADLEY;;;#N/D;;3;0;
800GMPE;800GMPE;F;0;0;ALLEN BRADLEY;;;#N/D;;0;0;
800H2HZ4Y;800H2HZ4Y;F;0;0;ALLEN BRADLEY;;;#N/D;;0;0;
800HAR1AF;800HAR1AF;F 45;1;0;ALLEN BRADLEY;;;#N/D;;1;0;
800HAR6D2P;800HAR6D2P;F 45 ;4;0;ALLEN BRADLEY;;;#N/D;;4;0;
800HCFRXMQ24WG1V;800HCFRXMQ24WG1V;F 45;1;0;ALLEN BRADLEY;;;#N/D;;1;0;
800HFRXT6;800HFRXT6;F 45;4;0;ALLEN BRADLEY;;;#N/D;;4;0;
800HN101B;800HN101B;F;0;0;ALLEN BRADLEY;;;#N/D;;0;0;
800MN15;800MN15;F;0;0;ALLEN BRADLEY;;;#N/D;;0;0;
800MRH33BLA;800MRH33BLA;F 45;1;0;ALLEN BRADLEY;;;#N/D;;1;0;
800T4TZ;800T4TZ;F 45;1;0;ALLEN BRADLEY;;;#N/D;;1;0;
800TA1D1;800TA1D1;F 45;2;0;ALLEN BRADLEY;;;#N/D;;2;0;
800TA6A;800TA6A;F;0;0;ALLEN BRADLEY;;;#N/D;;0;0;
800TCA2A;800TCA2A;F 45;1;0;ALLEN BRADLEY;;;#N/D;;1;0;
800TCA7D1;800TCA7D1;F 45;1;0;ALLEN BRADLEY;;;#N/D;;1;0;
800TCB6D2;800TCB6D2;F 45;1;0;ALLEN BRADLEY;;;#N/D;;1;0;
800TC-FX2A5S;800TC-FX2A5S;F;0;0;ALLEN BRADLEY;;MATERIAIS RASURADOS;#N/D;;0;0;
800TC-TFXTQH2RL;800TC-TFXTQH2RL;F;0;0;ALLEN BRADLEY;;MATERIAIS RASURADOS;#N/D;;0;0;
800TFX2D4;800TFX2D4;F 45;1;0;ALLEN BRADLEY;;;#N/D;;1;0;
800TFX6D4;800TFX6D4;F 45;1;0;ALLEN BRADLEY;;;#N/D;;1;0;
800TFX9;800TFX9;F 45;1;0;ALLEN BRADLEY;;;#N/D;;1;0;
800TH42A;800TH42A;F 45;2;0;ALLEN BRADLEY;;;#N/D;;2;0;
800TJ2;800TJ2;F 38;2;0;ALLEN BRADLEY;;CX/AB;#N/D;;2;0;
800TJ2;800TJ2;F 46;2;0;ALLEN BRADLEY;;;#N/D;;2;0;
800TJ20A;800TJ20A;F;0;0;ALLEN BRADLEY;;;#N/D;;0;0;
800TJ2B;800TJ2B;F;0;0;ALLEN BRADLEY;;;#N/D;;0;0;
800TJ44A;800TJ44A;F 45;1;0;ALLEN BRADLEY;;;#N/D;;1;0;
800T-KC;800T-KC;CAIXA 01;0;0;ALLEN BRADLEY;;F\CX;#N/D;;0;0;
800TKC2AAXX;800TKC2AAXX;F;0;0;ALLEN BRADLEY;;;#N/D;;0;0;
800TN320R;800TN320R;F;0;0;ALLEN BRADLEY;;;#N/D;;0;0;
800TN327;800TN327;F 45;3;0;ALLEN BRADLEY;;;#N/D;;3;0;
800TN330;800TN330;F 45;2;0;ALLEN BRADLEY;;;#N/D;;2;0;
800TN61KF4;800TN61KF4;F 45;1;0;ALLEN BRADLEY;;;#N/D;;1;0;
800TP26A;800TP26A;F;2;0;ALLEN BRADLEY;;;#N/D;;2;0;
800TP26A;800TP26A;F 45;2;0;ALLEN BRADLEY;;;#N/D;;2;0;
800TPST16A;800TPST16A;F 45;2;0;ALLEN BRADLEY;;;#N/D;;2;0;
800TQ20G;800TQ20G;F 45;1;0;ALLEN BRADLEY;;;#N/D;;1;0;
800TQA10A;800TQA10A;F 45;1;0;ALLEN BRADLEY;;;#N/D;;1;0;
800TQBH10G;800TQBH10G;F;0;0;ALLEN BRADLEY;;;#N/D;;0;0;
800TQH10R;800TQH10R;F 45;1;0;ALLEN BRADLEY;;;#N/D;;1;0;
800TQH24W;800TQH24W;F 45;1;0;ALLEN BRADLEY;;;#N/D;;1;0;
800TQH2R;800TQH2R;F;0;0;ALLEN BRADLEY;;;#N/D;;0;0;
800TT2F1DDXXT;800TT2F1DDXXT;F 45;2;0;ALLEN BRADLEY;;;#N/D;;2;0;
800TX559;800TX559;F;0;0;ALLEN BRADLEY;;;#N/D;;0;0;
800TX621;800TX621;F;0;0;ALLEN BRADLEY;;;#N/D;;0;0;
800ZG3AG1;800ZG3AG1;F 45;1;0;ALLEN BRADLEY;;;#N/D;;1;0;
8015835751R;8015835751R;F;1;0;ALLEN BRADLEY;;;#N/D;;1;0;
8019078001R;8019078001R;F;21;0;ALLEN BRADLEY;;;#N/D;;21;0;
802MKY5;802MKY5;F 38;1;0;ALLEN BRADLEY;;;#N/D;;1;0;
802TW1A;802TW1A;F;10;0;ALLEN BRADLEY;;;#N/D;;10;0;
813SV1500V48;813SV1500V48;F 39;1;0;ALLEN BRADLEY;;;#N/D;;1;0;
825MST;825MST;F;1;0;ALLEN BRADLEY;;;#N/D;;1;0;
836EDA1EU3D4;836EDA1EU3D4;F 38;2;0;ALLEN BRADLEY;;;#N/D;;2;0;
847HDN2CRE00360;847HDN2CRE00360;F 38;1;0;ALLEN BRADLEY;;;#N/D;;1;0;
855BSS35B14;855BSS35B14;F;0;0;ALLEN BRADLEY;;;#N/D;;0;0;
855BSS35BL4;855BSS35BL4;F;1;0;ALLEN BRADLEY;;;#N/D;;1;0;
855E10TL3;855E10TL3;F 46;1;0;ALLEN BRADLEY;;;#N/D;;1;0;
855E20DN8;855E20DN8;F;1;0;ALLEN BRADLEY;;;#N/D;;1;0;
855E24FN7;855E24FN7;F;1;0;ALLEN BRADLEY;;;#N/D;;1;0;
855E24TL8;855E24TL8;caixa 02;0;0;ALLEN BRADLEY;;;#N/D;;0;0;
855E-B24SA3;855E-B24SA3;caixa 02;0;0;ALLEN BRADLEY;;;#N/D;;0;0;
855EVB24D4D3;855EVB24D4D3;F 46;1;0;ALLEN BRADLEY;;;#N/D;;1;0;
855HBA10ED;855HBA10ED;F 46;1;0;ALLEN BRADLEY;;;#N/D;;1;0;
855HBCA10ADR5;855HBCA10ADR5;F;0;0;ALLEN BRADLEY;;;#N/D;;0;0;
855HBCA20CDR8;855HBCA20CDR8;F;1;0;ALLEN BRADLEY;;;#N/D;;1;0;
855HBCD24EDR4;855HBCD24EDR4;F;0;0;ALLEN BRADLEY;;;#N/D;;0;0;
855PB20LE22;855PB20LE22;F 46;7;0;ALLEN BRADLEY;;;#N/D;;7;0;
855PB20SE22;855PB20SE22;F 46;0;0;ALLEN BRADLEY;;;#N/D;;0;0;
855PB30ME22;855PB30ME22;F;0;0;ALLEN BRADLEY;;;#N/D;;0;0;
855TABCAP;855TABCAP;F 46;1;0;ALLEN BRADLEY;;;#N/D;;1;0;
855TALSG;855TALSG;F;0;0;ALLEN BRADLEY;;;#N/D;;0;0;
855TB10DN4;855TB10DN4;F 46;1;0;ALLEN BRADLEY;;;#N/D;;1;0;
855TB20TL3;855TB20TL3;F 46;1;0;ALLEN BRADLEY;;;#N/D;;1;0;
855TB24DN6;855TB24DN6;F 46;1;0;ALLEN BRADLEY;;;#N/D;;1;0;
855TB24SA1;855TB24SA1;F 46;3;0;ALLEN BRADLEY;;;#N/D;;3;0;
855TB24SA2;855TB24SA2;F 46;0;0;ALLEN BRADLEY;;;#N/D;;0;0;
855TB24TL3;855TB24TL3;F 46;2;0;ALLEN BRADLEY;;;#N/D;;2;0;
855TBCBC;855TBCBC;F 46;5;0;ALLEN BRADLEY;;;#N/D;;5;0;
855TG10DN3;855TG10DN3;F 46;1;0;ALLEN BRADLEY;;;#N/D;;1;0;
855TL24;855TL24;F 46;0;0;ALLEN BRADLEY;;;#N/D;;0;0;
855TPB24Y3Y5Y4W1;855TPB24Y3Y5Y4W1;F 46;1;0;ALLEN BRADLEY;;;#N/D;;1;0;
871ATR3R1;871ATR3R1;F;2;0;ALLEN BRADLEY;;;#N/D;;2;0;
871ATS4D;871ATS4D;F;25;0;ALLEN BRADLEY;;;#N/D;;25;0;
871ATS5DM1;871ATS5DM1;F;9;0;ALLEN BRADLEY;;;#N/D;;9;0;
871ATS5NM3;871ATS5NM3;F;0;0;ALLEN BRADLEY;;;#N/D;;0;0;
871CD1NP5E2;871CD1NP5E2;F;4;0;ALLEN BRADLEY;;;#N/D;;4;0;
871CDT10NP30U2;CABO AMARELO1;F 54;2;0;ALLEN BRADLEY;;;#N/D;;2;0;
871RD20NP73E2;871RD20NP73E2;F;2;0;ALLEN BRADLEY;;;#N/D;;2;0;
871TMBH10N30A2;871TMBH10N30A2;F;1;0;ALLEN BRADLEY;;;#N/D;;1;0;
871TMD15ED30S2;CABO AMARELO2;F 54;1;0;ALLEN BRADLEY;;;#N/D;;1;0;
871TMDH10NP30N4;871TMDH10NP30N4;F;0;0;ALLEN BRADLEY;;;#N/D;;0;0;
872CA10C18A2;872CA10C18A2;F;2;0;ALLEN BRADLEY;;;#N/D;;2;0;
872CA10C30A2;872CA10C30A2;F;4;0;ALLEN BRADLEY;;;#N/D;;4;0;
872CA5N18A2;872CA5N18A2;F;1;0;ALLEN BRADLEY;;;#N/D;;1;0;
872CD10NP30D4;872CD10NP30D4;F 53;3;0;ALLEN BRADLEY;;;#N/D;;3;0;
872CD15NP30E2;872CD15NP30E2;F;1;0;ALLEN BRADLEY;;;#N/D;;1;0;
872CD3NN12E2;872CD3NN12E2;F;1;0;ALLEN BRADLEY;;;#N/D;;1;0;
872CD3NP12E2;872CD3NP12E2;F;1;0;ALLEN BRADLEY;;;#N/D;;1;0;
872CD4CE12D4;872CD4CE12D4;F;2;0;ALLEN BRADLEY;;;#N/D;;2;0;
872CD4CP12D4;872CD4CP12D4;F 38;1;0;ALLEN BRADLEY;;;#N/D;;1;0;
872CDH3NP12D4;872CDH3NP12D4;F;2;0;ALLEN BRADLEY;;;#N/D;;2;0;
872CK15C30A2;CABO CINZA2;F 53;0;CERTO;ALLEN BRADLEY;;;#N/D;;0;0;
872CM4NP12D4;872CM4NP12D4;F;1;0;ALLEN BRADLEY;;;#N/D;;1;0;
872CM8CP18D4;872CM8CP18D4;F;2;0;ALLEN BRADLEY;;;#N/D;;2;0;
872D10NP30;872D10NP30;F 38;1;0;ALLEN BRADLEY;;;#N/D;;1;0;
873P-D30AI-6000-D4;873P-D30AI-6000-D4;F;1;0;ALLEN BRADLEY;;MATERIAIS RASURADOS;#N/D;;1;0;
873PDBAC2D4;873PDBAC2D4;F;3;0;ALLEN BRADLEY;;;#N/D;;3;0;
879DF4BCDM0M3;879DF4BCDM0M3;F;3;0;ALLEN BRADLEY;;;#N/D;;3;0;
889D418UDM;889D418UDM;F;1;0;ALLEN BRADLEY;;;#N/D;;1;0;
889D81RUDM;889D81RUDM;F;1;0;ALLEN BRADLEY;;;#N/D;;1;0;
889DF4AC15;889DF4AC15;F;2;0;ALLEN BRADLEY;;SERIE-B;#N/D;;2;0;
889DF4AC2;CABO AMARELO3;F;1;0;ALLEN BRADLEY;;;#N/D;;1;0;
889DF8AB10;889DF8AB10;F;0;0;ALLEN BRADLEY;;;#N/D;;0;0;
889DF8AB2;889DF8AB2;F;0;0;ALLEN BRADLEY;;;#N/D;;0;0;
889DF8AB5;889DF8AB5;F;0;0;ALLEN BRADLEY;;;#N/D;;0;0;
889DF8ABDM5;889DF8ABDM5;F;0;0;ALLEN BRADLEY;;;#N/D;;0;0;
889DP4AC5;CABO AMARELO4;F;1;0;ALLEN BRADLEY;;;#N/D;;1;0;
889DR4AC15;889DR4AC15;F;1;0;ALLEN BRADLEY;;;#N/D;;1;0;
889DR4AC5;CABO AMARELO5;F;1;0;ALLEN BRADLEY;;;#N/D;;1;0;
889DR8AB5;889DR8AB5;F;0;0;ALLEN BRADLEY;;;#N/D;;0;0;
889PR3AB2;CABO AMARELO6;F;1;0;ALLEN BRADLEY;;;#N/D;;1;0;
889RF3AERM5;CABO AMARELO7;F;2;0;ALLEN BRADLEY;;;#N/D;;2;0;
889RF3ECA5;CABO AMARELO8;F;2;0;ALLEN BRADLEY;;;#N/D;;2;0;
889RR4AEA15;889RR4AEA15;F;1;0;ALLEN BRADLEY;;;#N/D;;1;0;
898D53PYD5;898D53PYD5;F;11;0;ALLEN BRADLEY;;;#N/D;;11;0;
898DP54PTA5;CABO AMARELO9;F;1;0;ALLEN BRADLEY;;;#N/D;;1;0;
9300RADES;9300RADES;F;0;0;ALLEN BRADLEY;;C\AB;#N/D;;0;0;
9300VSE0EM;9300VSE0EM;F;2;0;ALLEN BRADLEY;;;#N/D;;2;0;
A0C100R100;1SDA079814R1;H 09;5;CERTO;ABB;;TMF 100;#N/D;;11;6;
A0C100R40;1SDA079811R1;H 09;4;CERTO;ABB;Disjuntor em Caixa Moldada - Formula;TMF40;#N/D;;4;0;C
A0C100R63;1SDA079812R1;H 09;0;CERTO;ABB;Disjuntor em Caixa Moldada - Formula;;X;;2;2;
A0C100R80;1SDA079813R1;H 09;5;CERTO;ABB;Disjuntor em Caixa Moldada - Formula;TMF 80;#N/D;;9;4;
A12DA-30-10;1SBL911072R8110;N/A;8;0;ABB;;24V;#N/D;;8;0;C
A145-30-11-80;1SFL471001R8011;F 14;0;0;ABB;CONTATOR ;;#N/D;;0;0;C
A145-30-11-86;1SFL471001R8611;F 14;2;0;ABB;CONTATOR ;440V;#N/D;;2;0;C
A16DA-30-01;1SBL921072R7501;N/A;1;CERTO;ABB;;220V;#N/D;;1;0;C
A1A125R125;1SDA066521R1;H 10;5;CERTO;ABB;;2 PC - CX/ABERTA;X;;9;4;
A1A125R16;1SDA068746R1;H 10;0;CERTO;ABB;DISJ.FORMULA;;#N/D;;0;0;C
A1A125R20;1SDA066511R1;H 10;1;CERTO;ABB;DISJ.FORMULA;;X;;1;0;C
A1A125R32;1SDA068757R1;H 10;2;CERTO;ABB;DISJ.FORMULA;;#N/D;;9;7;
A1A125R50;1SDA066515R1;H 10;3;CERTO;ABB;DISJ.FORMULA;;#N/D;;4;1;
A1A125R60;1SDA066530R1;H 05;7;CERTO;ABB;DISJ.FORMULA;4 POLO;#N/D;;7;0;C
A1A125R70;1SDA066517R1;H 10;1;CERTO;ABB;DISJ.FORMULA;;#N/D;;1;0;C
A1B125R100;1SDA066743R1;H 05;4;CERTO;ABB;DISJ.FORMULA;4 POLO;X;;5;1;C
A1B125R100;1SDA066707R1;H 11;4;CERTO;ABB;DISJ.FORMULA;;;;5;1;C
A1B125R125;1SDA066708R1;H 11;0;CERTO;ABB;DISJ.FORMULA;;#N/D;;0;0;C
A1B125R15;1SDA066697R1;H 11;0;CERTO;ABB;DISJ.FORMULA;;#N/D;;1;1;
A1B125R32;1SDA068758R1;H 11;8;CERTO;ABB;DISJ.FORMULA;;X;;8;0;C
A1B125R40;1SDA066701R1;H 11;3;CERTO;ABB;DISJ.FORMULA;1 PC - SEM C/X -INC;#N/D;;3;0;C
A1B125R50;1SDA066702R1;H 11;2;0;ABB;DISJ.FORMULA;2 PC - SEM C/X -INC;;;2;0;C
A1B125R63;1SDA068769R1;H 11;1;CERTO;ABB;DISJ.FORMULA;;X;;6;5;
A1B125R80;1SDA066705R1;H 11;3;CERTO;ABB;DISJ.FORMULA;;X;;4;1;
A1C125R125;1SDA066496R1;H 06;0;CERTO;ABB;DISJ.FORMULA;1PC - F/CX 1 POLO;#N/D;;2;2;
A1C125R125;1SDA066720R1;H 12;0;CERTO;ABB;DISJ.FORMULA;;#N/D;;2;2;
A1C125R20;1SDA066486R1;H 06;1;CERTO;ABB;DISJ.FORMULA;1 POLO;#N/D;;1;0;C
A1C125R20;1SDA066710R1;H 12;1;CERTO;ABB;DISJ.FORMULA;INC;#N/D;;1;0;C
A1C125R25;1SDA066711R1;H 12;0;CERTO;ABB;DISJ.FORMULA;;X;;0;0;C
A1C125R32;1SDA068754R1;H 06;1;CERTO;ABB;DISJ.FORMULA;;#N/D;;2;1;
A1C125R32;1SDA068759R1;H 12;1;CERTO;ABB;DISJ.FORMULA;1 POLO;X;;2;1;
A1C125R40;1SDA066713R1;H 12;0;CERTO;ABB;DISJ.FORMULA;;#N/D;;0;0;C
A1C125R50;1SDA066714R1;H 12;0;CERTO;ABB;DISJ.FORMULA;;#N/D;;0;0;C
A1C125R60;1SDA066715R1;H 12;0;CERTO;ABB;DISJ.FORMULA;;#N/D;;0;0;C
A1C125R80;1SDA066717R1;H 12;1;CERTO;ABB;DISJ.FORMULA;;#N/D;;1;0;C
A1N125R125;1SDA066732R1;H 05;0;CERTO;ABB;DISJ.FORMULA;;#N/D;;0;0;C
A1N125R16;1SDA068790R1;H 06;1;CERTO;ABB;DISJ.FORMULA;2 POLO;#N/D;;1;0;C
A1N125R20;1SDA066497R1;H 06;1;CERTO;ABB;DISJ.FORMULA;2 POLO;X;;1;0;C
A1N125R50;1SDA066726R1;H 06;6;0;ABB;DISJ.FORMULA;;;;7;1;
A1N125R60;1SDA066727R1;H 05;1;CERTO;ABB;DISJ.FORMULA;;X;;1;0;C
A1N125R80;1SDA066729R1;H 05;4;CERTO;ABB;DISJ.FORMULA;2 PC - SEM C/X -INC;#N/D;;4;0;C
A26-22-00;1SBL241501R2600;N/A;1;0;ABB;;127V;#N/D;;1;0;C
A26DA-30;A26DA-30;N/A;1;0;ABB;;;#N/D;;1;0;C
A26DA-30-10;1SBL931072R8110;N/A;2;0;ABB;;24V;#N/D;;2;0;C
A2A250R160;1SDA069408R1;H 13;0;0;ABB;;;#N/D;;0;0;C
A2A250R200;1SDA069410R1;H 13;0;CERTO;ABB;;sem caixa /painel;X;;8;8;
A2A250R250;1SDA069412R1;H 13;0;CERTO;ABB;;;X;;1;1;
A2B250R125;1SDA066548R1;H 18;0;CERTO;ABB;;;#N/D;;2;2;
A2B250R200;1SDA066551R1;H 18;1;CERTO;ABB;;;X;;1;0;C
A2B250R250;1SDA066553R1;H 18;0;CERTO;ABB;;;X;;3;3;
A2C250R150;1SDA068780R1;H 18;0;0;ABB;DISJ.FORMULA;;#N/D;;0;0;C
A2C250R200;1SDA066778R1;H 18;0;0;ABB;;;#N/D;;1;1;
A2C250R250;1SDA066780R1;H 18;1;CERTO;ABB;DISJ.FORMULA;;;;2;1;
A2N250R125;1SDA066781R1;H 18;5;CERTO;ABB;;;X;;5;0;C
A2N250R150;1SDA068781R1;H 18;0;CERTO;ABB;DISJ.FORMULA;;#N/D;;0;0;C
A2N250R250;1SDA066547R1;H 18;0;CERTO;ABB;;2 POLO;#N/D;;1;1;
A30-30-10;1SBL281001R7510;N/A;6;0;ABB;;220V;#N/D;;6;0;C
A30-30-10;1SBL281001R8410;N/A;6;0;ABB;;120V;#N/D;;6;0;C
A32D-30-10;1SBL241073R7510;F 32;0;0;ABB;;220-220V;#N/D;;0;0;C
A38D-30-10;1SBL281073R7510;N/A;0;0;ABB;;220V;#N/D;;0;0;C
A3N400R300;1SDA068960R1;G 08;0;CERTO;ABB;DISJ.FORMULA;;#N/D;;0;0;C
A3N400R320;1SDA066560R1;G 07;0;CERTO;ABB;;1SEM/CAIXA;#N/D;;4;4;
A3N400R400;1SDA066561R1;N/A;0;CERTO;ABB;;;#N/D;;0;0;C
A3N630R500;1SDA066564R1;H 07;0;CERTO;ABB;;;#N/D;;0;0;C
A3N630R630;1SDA066566R1;H 07;0;CERTO;ABB;;;X;;4;4;
A3S400R400;1SDA066563R1;H 07;1;CERTO;ABB;;;X;;2;1;
A43-112-100;2CMA100244R1000;K 01;0;CERTO;ABB;;;X;;0;0;C
A45D-30-10;1SBL311073R7510;N/A;0;0;ABB;;220V;#N/D;;0;0;C
A50-30-11-26;A50-30-11-26;C 33;0;CERTO;ABB;;;#N/D;;1;1;
A50-30-11-75;1SBL351001R7511;N/A;0;0;ABB;;220V;#N/D;;0;0;C
A50-30-11-84;1SBL351001R8411;N/A;0;0;ABB;;127V;#N/D;;1;1;
A60D-30-00-75;1SBL951073R7511;N/A;6;0;ABB;;220V;#N/D;;6;0;C
A63-30-00;1SBL371001R7500;N/A;0;0;ABB;;110V;#N/D;;0;0;C
A65D-30-00-75;1SBL951073R8411;N/A;1;0;ABB;;190-220V;#N/D;;1;0;C
A65D-30-10-36;1SBL961073R3611;N/A;0;0;ABB;;190/220V;#N/D;;0;0;C
A65D-30-10-75;1SBL961073R7511;N/A;1;0;ABB;;200/220V;#N/D;;1;0;C
A6BAT;A6BAT;N/A;0;CERTO;MITSUBISHI;;;#N/D;;0;0;
A85D30-11-75;1SBL971073R7511;N/A;0;0;ABB;;220V;#N/D;;0;0;C
A85D30-11-84;1SBL971073R8411;N/A;7;0;ABB;;120V;#N/D;;7;0;C
A9DA-30;A9DA-30;N/A;3;0;ABB;;;#N/D;;3;0;C
AA4-110V;1SAM401907R1002;N/A;12;0;ABB;;;#N/D;;12;0;C
AA8002;AA8002;N/A;3;0;ABB;;;#N/D;;3;0;C
AB8052552;1SDA063010R1;N/A;0;0;ABB;;;#N/D;;0;0;C
AB8097399;1SDA060214R1;N/A;0;0;ABB;;;#N/D;;0;0;C
ABB C571-AC;1SAR501020R0004;N/A;32;0;ABB;;RELE DE DE SEGURANÇA;#N/D;;32;0;C
ABETHERNET-IP-1;1SFA899300R1005;D 03;1;0;ABB;;;#N/D;;1;0;C
AB-PROFIBUS-1;1SFA899300R1001;D 03;1;0;ABB;;;;;1;0;C
AB-PROFINET-IO-2;1SFA899300R1010;D 03;5;0;ABB;;;#N/D;;5;0;C
ABRC-01C;68258511;ARMARIO 01;3;CERTO;ABB;Módulo de comunicação p/ inversores (fieldbus);BRAKE CHOPPER CONTR ABRC-01C;#N/D;;3;0;C
ABRC-01C;;;3;CERTO;ABB;;;;;3;0;
ACL1XX230V;ACL1XX230V;N/A;0;0;ABB;;FAN KIT;#N/D;;0;0;C
ACQ580-01-018A-4;ACQ580-01-018A-4;A 02;0;CERTO;ABB;;;#N/D;;0;0;C
ACQ580-01-026A-4;ACQ580-01-026A-4;A 02;0;CERTO;ABB;;;#N/D;;0;0;C
ACQ580-01-033A-4;ACQ580-01-033A-4;A 02;0;CERTO;ABB;;;#N/D;;0;0;C
ACQ580-01-046A-4;ACQ580-01-046A-4;A 02;0;CERTO;ABB;;;#N/D;;1;1;
ACQ580-01-073A-4;ACQ580-01-073A-4;A 02;0;CERTO;ABB;;;#N/D;;0;0;C
ACQ580-01-09A5-4;ACQ580-01-09A5-4;A 02;0;CERTO;ABB;;;#N/D;;0;0;C
ACS/H-CP-EXT;ACS/H-CP-EXT;C 04;3;CERTO;ABB;;;X;;3;0;C
ACS150-01E-07A5-2;ACS150-01E-07A5-2;A 03;0;CERTO;ABB;Inversor de frequência;;#N/D;;0;0;C
ACS150-03E-01A2-4;ACS150-03E-01A2-4;A 03;0;CERTO;ABB;Inversor de frequência;;#N/D;;0;0;C
ACS150-03E-02A4-2;ACS150-03E-02A4-2;A 03;0;CERTO;ABB;Inversor de frequência;;#N/D;;1;1;
ACS350-03E-01A9-4;ACS350-03E-01A9-4;A 03;1;CERTO;ABB;Inversor de frequência;;#N/D;;2;1;
ACS350-03E-03A5-2;ACS350-03E-03A5-2;A 03;13;CERTO;ABB;Inversor de frequência;;#N/D;;14;1;
ACS355-01E-02A4-2;ACS355-01E-02A4-2;A 03;0;CERTO;ABB;Inversor de frequência;;#N/D;;0;0;C
ACS355-01E-04A7-2;ACS355-01E-04A7-2;A 03;0;CERTO;ABB;Inversor de frequência;;#N/D;;0;0;C
ACS355-01E-06A7-2;ACS355-01E-06A7-2;A 03;0;CERTO;ABB;Inversor de frequência;;X;;1;1;
ACS355-01E-07A5-2;ACS355-01E-07A5-2;A 03;0;CERTO;ABB;Inversor de frequência;;#N/D;;0;0;C
ACS355-01E-09A8-2;ACS355-01E-09A8-2;A 03;0;CERTO;ABB;Inversor de frequência;;#N/D;;0;0;C
ACS355-03E-01A2-4;ACS355-03E-01A2-4;A 03;0;CERTO;ABB;Inversor de frequência;;#N/D;;0;0;C
ACS355-03E-02A4-2;ACS355-03E-02A4-2;A 03;0;CERTO;ABB;Inversor de frequência;;#N/D;;0;0;C
ACS355-03E-02A4-4;ACS355-03E-02A4-4;A 03;0;CERTO;ABB;Inversor de frequência;;#N/D;;0;0;C
ACS355-03E-03A5-2;ACS355-03E-03A5-2;A 03;0;CERTO;ABB;Inversor de frequência;;#N/D;;0;0;C
ACS355-03E-04A1-4;ACS355-03E-04A1-4;A 03;0;CERTO;ABB;Inversor de frequência;;#N/D;;0;0;C
ACS355-03E-05A6-4;ACS355-03E-05A6-4;A 03;0;CERTO;ABB;Inversor de frequência;;X;;1;1;
ACS355-03E-08A8-4;ACS355-03E-08A8-4;A 03;0;CERTO;ABB;Inversor de frequência;;X;;2;2;
ACS355-03E-09A8-2;ACS355-03E-09A8-2;A 03;0;CERTO;ABB;Inversor de frequência;;#N/D;;0;0;C
ACS355-03E-12A5-4;ACS355-03E-12A5-4;A 03;0;CERTO;ABB;Inversor de frequência;;#N/D;;0;0;C
ACS355-03E-13A3-2;ACS355-03E-13A3-2;A 03;0;CERTO;ABB;Inversor de frequência;;#N/D;;0;0;C
ACS355-03E-15A6-4;ACS355-03E-15A6-4;A 03;0;CERTO;ABB;Inversor de frequência;;#N/D;;0;0;C
ACS355-03E-24A4-2;ACS355-03E-24A4-2;A 03;0;CERTO;ABB;Inversor de frequência;;#N/D;;0;0;C
ACS380-040S-032A-4;ACS380-040S-032A-4;A 03;0;CERTO;ABB;Inversor de frequência;;#N/D;;1;1;
ACS380-040S-038A-4;ACS380-040S-038A-4;A 02;2;0;ABB;Inversor de frequência;;;;2;0;C
ACS380-040S-045A-4;ACS380-040S-045A-4;A 03;2;CERTO;ABB;Inversor de frequência;;#N/D;;2;0;C
ACS380-040S-05A6-4;ACS380-040S-05A6-4;A 03;6;CERTO;ABB;Inversor de frequência;;X;;7;1;
ACS380-040S-09A4-4;ACS380-040S-09A4-4;A 03;1;CERTO;ABB;Inversor de frequência;220V;X;;6;5;
ACS380-040S-09A8-1;ACS380-040S-09A8-1;A 03;0;CERTO;ABB;Inversor de frequência;;#N/D;;0;0;C
ACS380-040S-09A8-2;ACS380-040S-09A8-2;A 03;0;CERTO;ABB;Inversor de frequência;R110;X;;1;1;
ACS380-040S-12A2-1;ACS380-040S-12A2-1;A 03;0;CERTO;ABB;Inversor de frequência;;#N/D;;0;0;C
ACS380-040S-12A6-4;ACS380-040S-12A6-4;A 03;4;0;ABB;Inversor de frequência;;;;5;1;
ACS380-040S-17A0-4;ACS380-040S-17A0-4;A 03;2;CERTO;ABB;Inversor de frequência;;#N/D;;7;5;
ACS380-040S-17A5-2;ACS380-040S-17A5-2;A 03;0;0;ABB;Inversor de frequência;;;;1;1;
ACS380-040S-25A0-4;ACS380-040S-25A0-4;A 03;2;CERTO;ABB;Inversor de frequência;;X;;2;0;C
ACS50-POT;68226716;C 02;4;0;ABB;Acessório de controle p/ inversor;;#N/D;;4;0;C
ACS55;ACS5501N02A22;C 03;0;0;ABB;Inversor de frequência;;#N/D;;0;0;C
ACS550-01-03A3-4+B055;ACS550-01-03A3-4+B055;A 04;0;CERTO;ABB;Inversor de frequência;SEM PLACA;#N/D;;1;1;
ACS550-01-04A6-2;ACS550-01-04A6-2;A 04;0;CERTO;ABB;Inversor de frequência;1 SEM PLACA;#N/D;;1;1;
ACS550-01-07A5-2;ACS550-01-07A5-2;C 03;0;0;ABB;Inversor de frequência;;#N/D;;0;0;C
ACS55-01N-01A4-1;ACS55-01N-01A4-1;C 03;0;CERTO;ABB;Inversor de frequência;;X;;1;1;
ACS55-01N-01A4-2;ACS55-01N-01A4-2;C 03;17;CERTO;ABB;Inversor de frequência;24V;X;;17;0;C
ACS55-01N-04A3-2;ACS55-01N-04A3-2;C 03;1;CERTO;ABB;Inversor de frequência;24-60V;X;;1;0;C
ACS55-01N-07A6-2;ACS55-01N-07A6-2;C 03;5;0;ABB;Inversor de frequência;;#N/D;;5;0;C
ACS55-01N-09A8-2;ACS55-01N-09A8-2;FASTDRIVE;2;0;ABB;Inversor de frequência;;;;2;0;C
ACS580-01-018A-4;ACS580-01-018A-4;A 05;3;CERTO;ABB;Inversor de frequência;F/CX;X;;5;2;
ACS580-01-026A-4;ACS580-01-026A-4;A 05;5;CERTO;ABB;Inversor de frequência;220V;X;;17;12;
ACS580-01-032A-4;ACS580-01-032A-4;A 02;0;CERTO;ABB;Inversor de frequência;;#N/D;;0;0;C
ACS580-01-033A-4;ACS580-01-033A-4;A 02;1;CERTO;ABB;Inversor de frequência;;X;;5;4;
ACS580-01-038A-4;ACS580-01-038A-4;A 02;0;CERTO;ABB;Inversor de frequência;;#N/D;;0;0;C
ACS580-01-039A-4;ACS580-01-039A-4;A 02;3;CERTO;ABB;Inversor de frequência;;#N/D;;6;3;
ACS580-01-03A3-4;ACS580-01-03A3-4;A 04;0;CERTO;ABB;Inversor de frequência;SEM PLACA 2pc;#N/D;;0;0;C
ACS580-01-046A-4;ACS580-01-046A-4;A 02;3;CERTO;ABB;Inversor de frequência;;X;;9;6;
ACS580-01-04A1-4;ACS580-01-04A1-4;FASTDRIVE;3;0;ABB;Inversor de frequência;;;;3;0;C
ACS580-01-05A7-4;ACS580-01-05A7-4;A 05;0;CERTO;ABB;Inversor de frequência;;#N/D;;0;0;C
ACS580-01-062A-4;ACS580-01-062A-4;A 02;2;CERTO;ABB;Inversor de frequência;;#N/D;;6;4;
ACS580-01-073A-4;ACS580-01-073A-4;A 02;2;CERTO;ABB;Inversor de frequência;;#N/D;;7;5;
ACS580-01-088A-4;ACS580-01-088A-4;A 02;0;CERTO;ABB;Inversor de frequência;;#N/D;;0;0;C
ACS580-01-089A-4;ACS580-01-089A-4;;2;0;ABB;Inversor de frequência;;;;2;0;
ACS580-01-09A5-4;ACS580-01-09A5-4;A 05;0;CERTO;ABB;Inversor de frequência;;#N/D;;0;0;C
ACS580-01-106A-4;ACS580-01-106A-4;A 01;3;CERTO;ABB;Inversor de frequência;;X;;5;2;
ACS580-01-12A7-4;ACS580-01-12A7-4;A 05;3;CERTO;ABB;Inversor de frequência;;#N/D;;3;0;C
ACS580-01-12A7-4;ACS580-01-12A7-4;FASTDRIVE;3;CERTO;ABB;Inversor de frequência;;;;3;0;C
ACS580-01-145A-4;ACS580-01-145A-4;N/A;2;0;ABB;Inversor de frequência;;;;4;2;
ACS580-01-169A-4;ACS580-01-169A-4;A 01;0;CERTO;ABB;Inversor de frequência;;X;;2;2;
ACS580-01-206A-4;ACS580-01-206A-4;A 01;1;0;ABB ;Inversor de frequência;;;;1;0;
ACS580-01-246A-4;ACS580-01-246A-4;A 01;3;CERTO;ABB;Inversor de frequência;;#N/D;;4;1;
ACS580-01-293A-4;ACS580-01-293A-4;A 01;0;CERTO;ABB;Inversor de frequência;;#N/D;;1;1;C
ACS580-01-2A7-4;ACS580-01-2A7-4;FASTDRIVE;3;0;ABB;Inversor de frequência;;;;3;0;C
ACS580-01-363A-4;ACS580-01-363A-4;A 01;0;CERTO;ABB;Inversor de frequência;2 - S/CX;X;;2;2;
ACS580-01-430A-4;ACS580-01-430A-4;A 07;1;0;ABB;Inversor de frequência;;;;1;0;C
ACS580-04-725A-4;ACS580-04-725A-4;A 07;1;0;ABB;Inversor de frequência;;;;1;0;C
ACS800;64623729;ARMARIO 01;1;CERTO;ABB;;HANDLE;#N/D;;4;3;
3AXD50000049368;3AXD50000049368;ARMARIO 02;1;0;ABB;VENTILADOR;VENTILADOR DC24V;#N/D;;1;0;
ACS800-04-0001-2;ACS800-04-0001-2;A 01;0;CERTO;ABB;Inversor de frequência;;#N/D;;0;0;C
ACS800-04-0006-2;ACS800-04-0006-2;A 01;0;CERTO;ABB;Inversor de frequência;1 SEM PLACA;#N/D;;2;2;
ACS800-04-0009-2;ACS800-04-0009-2;A 01;0;CERTO;ABB;Inversor de frequência;1 SEM PLACA;#N/D;;1;1;
ACS800-04-0050-5+D150;ACS800-04-0050-5+D150;A 01;0;CERTO;ABB;Inversor de frequência;;#N/D;;1;1;
ACS800R7;64532588;ARMARIO 01;3;CERTO;ABB;; ;#N/D;;3;0;C
ACS800R8;10024943;ARMARIO 01;0;0;EUROSTAT;;FLAT CABLE;#N/D;;0;0;
ACS800-X1/X4-0050-5;PM9Y80100505;N/A;1;0;ABB;;VENTILADOR;#N/D;;1;0;C
ACS800-X2/X4-R8 KIT 2 ;3AXD50000265466;ARMARIO 01;1;0;ABB;;INCOMPLETO;;ACS800-X2/X4-R8 KIT 2 ;1;0;C
ACS800-X2/X4-R8KIT1;3AXD50000265459;;1;0;ABB;;KIT CAPACITOR;#N/D;;1;0;C
ACS880-01-031A-2;3BBR0000123756;A 05;0;0;ABB;Inversor de frequência;;#N/D;;0;0;C
ACS880-01-065A-4;3BBR0000082214;A 05;0;0;ABB;Inversor de frequência;;#N/D;;0;0;C
ACS880-04-635A-5;ACS880-04-635A-5;A 07;1;0;ABB;Inversor de frequência;;;;1;0;C
ACS880-04-650A-7 +D150;;;0;0;ABB;Inversor de frequência;;;;1;1;
ACS-AP-S;ACS-AP-S;C 02;0;0;ABB;;;#N/D;;1;1;
ACS-BP-S;ACS-BP-S;C 02;0;CERTO;ABB;;;X;;1;1;
ACS-CP-A;ACS-CP-A;C 02;42;CERTO;ABB;;;X;;48;6;
ACS-CP-C;ACS-CP-C;C 02;9;CERTO;ABB;;;X;;82;73;
3AXD50000049368;D1751P24B8CP355;ARMARIO 02;1;0;ABB;VENTILADOR;;;;1;0;
3AXD50000260331;3AXD50000260331;ARMARIO 02;0;CERTO;ABB;;VENTILADOR ;#N/D;;1;1;
ACX55001124A4;PM6Y550R64;N/A;0;0;ABB;;PREV. MAINT KIT 6 YEARS;#N/D;;0;0;C
ADAM DYN;2TLA020051R5100;C 09;0;0;ABB;;;#N/D;;3;3;
ADAM OSSD;2TLA020051R5400;C 09;3;0;ABB;;;#N/D;;3;0;C
AE16-30-10;1SBL189001R8700;N/A;1;0;ABB;CONTATOR ;125V;#N/D;;1;0;C
AE26-30-00;1SBL249001R8600;N/A;28;0;ABB;CONTATOR ;110VDC;#N/D;;28;0;C
AE26-30-00;1SBL249001R8800;N/A;28;0;ABB;CONTATOR ;220VDC;#N/D;;28;0;C
AE40-30-00;1SBL329001R8800;N/A;4;0;ABB;CONTATOR ;220VDC;#N/D;;4;0;C
AE50-40-00;1SBL359201R8700;N/A;17;0;ABB;CONTATOR ;125VDC;#N/D;;17;0;C
AE-9-30-00;1SBL149001R8600;N/A;8;0;ABB;CONTATOR ;110V;#N/D;;8;0;
AF09-22-00-13;1SBL137501R1300;C 13;2;CERTO;ABB;CONTATOR ;;X;;3;1;
AF09-30-01-11;1SBL137001R1101;C 13;0;CERTO;ABB;CONTATOR ;;#N/D;;0;0;
AF09-30-01-13;1SBL137001R1301;C 13;0;CERTO;ABB;CONTATOR ;;#N/D;;6;6;
AF09-30-01-14;1SBL137001R1401;C 13;0;CERTO;ABB;CONTATOR ;;#N/D;;0;0;
AF09-30-10-11;1SBL137001R1110;C 13;2;CERTO;ABB;CONTATOR ;1PC F/CAIXA;#N/D;;11;9;
AF09-30-10-13;1SBL137001R1310;C 13;0;CERTO;ABB;CONTATOR ;;X;;9;9;
AF110-30-11-70;1SFL457001R7011;C 33;0;CERTO;ABB;CONTATOR ;100-250V;#N/D;;0;0;
AF116-30-11-14;1SFL427001R1411;C 30;13;CERTO;ABB;CONTATOR ;;#N/D;;13;0;
AF12-30-01-13;1SBL157001R1301;;1;0;ABB;;;;;1;0;
AF12-30-10-11;1SBL157001R1110;N/A;0;CERTO;ABB;CONTATOR ;;#N/D;;0;0;
AF12-30-10-13;1SBL157001R1310;N/A;2;CERTO;ABB;CONTATOR ;;X;;3;1;
AF140-30-11-13;1SFL447001R1311;C 33;0;CERTO;ABB;CONTATOR ;;X;;1;1;
AF140-40-11-13;1SFL447101R1311;C 35;0;CERTO;ABB;CONTATOR ;;#N/D;;0;0;
AF145-30-11-70;1SFL477001R7011;N/A;0;CERTO;ABB;CONTATOR ;100-250V;#N/D;;0;0;
AF146-30/48-130V-BOBINA;CODE 12;C 25;1;CERTO;ABB;CONTATOR ;;#N/D;;1;0;
AF16-30-01-11;1SBL177001R1101;C 13 ;1;0;ABB ;CONTATOR ;;;;2;1;
AF16-30-01-13;1SBL177001R1301;C 13;0;CERTO;ABB;CONTATOR ;;#N/D;;2;2;
AF16-30-10-11;1SBL177001R1110;C 13;0;CERTO;ABB;CONTATOR ;;#N/D;;3;3;
AF16-30-10-13;1SBL177001R1310;C 13;2;CERTO;ABB;CONTATOR ;;#N/D;;3;1;
AF16-40-00-13;1SFL177201R1300;C 13;0;CERTO;ABB;CONTATOR ;100-250V;#N/D;;0;0;
AF16Z-30-10-23;1SBL176001R2310;C 13;3;CERTO;ABB;CONTATOR ;1PC F/CAIXA;#N/D;;3;0;
AF185-30-11;1SFL497001R6911;N/A;0;CERTO;ABB;CONTATOR ;48-130V;#N/D;;0;0;
AF190-30-11-13;1SFL487002R1311;N/A;0;CERTO;ABB;CONTATOR ;100-250V;#N/D;;0;0;
AF205-30-11;1SFL707001R7011;N/A;0;CERTO;ABB;CONTATOR ;;#N/D;;0;0;
AF205-30-11-13;1SFL527002R1311;N/A;1;CERTO;ABB;CONTATOR ;100-250V;#N/D;;1;0;
AF26-30-00-11;1SBL237001R1100;C 13;0;CERTO;ABB;CONTATOR ;;#N/D;;0;0;
AF26-30-00-13;1SBL237001R1300;C 13;0;CERTO;ABB;CONTATOR ;;#N/D;;0;0;
AF26-30-11-11;1SBL237001R1111;C 13;3;CERTO;ABB;CONTATOR ;;#N/D;;6;3;
AF26-30-11-13;1SBL237001R1311;C 13;0;CERTO;ABB;CONTATOR ;100-250V;#N/D;;7;7;
AF265-30-11-13;1SBL547002R1311;C 13;0;CERTO;ABB;CONTATOR ;100-250V;#N/D;;0;0;
AF30-30-11-11;1SBL277001R1111;N/A;1;CERTO;ABB;CONTATOR ;;X;;4;3;
AF30-30-11-13;1SBL277001R1311;N/A;0;CERTO;ABB;CONTATOR ;;X;;2;2;
AF305-30-11-13;1SBL587002R1311;N/A;0;CERTO;ABB;CONTATOR ;;#N/D;;0;0;
AF370-30-11-13;1SBL607002R1311;N/A;0;CERTO;ABB;CONTATOR ;;#N/D;;0;0;
AF38-30-11-11;1SBL297001R1111;N/A;2;CERTO;ABB;CONTATOR ;;#N/D;;4;2;
AF38-30-11-13;1SBL297001R1311;N/A;0;CERTO;ABB;CONTATOR ;;#N/D;;0;0;
AF38-40-00-13;1SBL297201R1300;N/A;0;CERTO;ABB;CONTATOR ;;#N/D;;0;0;
AF40-22-00-13;1SBL347501R1300;N/A;0;CERTO;ABB;CONTATOR ;;#N/D;;0;0;
AF40-30-11-11;1SBL347001R1111;N/A;0;CERTO;ABB;CONTATOR ;;#N/D;;0;0;
AF50-30-00-72;1SBL357001R7200;C 33;6;CERTO;ABB;CONTATOR ;20-60VDC;#N/D;;6;0;
AF50-30-11-70;1SBL357001R7011;C 33;1;CERTO;ABB;CONTATOR ;100-250V  50/60HZ;#N/D;;1;0;
AF580-30-11-70;1SBL617001R7011;C 35;1;CERTO;ABB;CONTATOR ;;#N/D;;1;0;
AF65-30-11-13;1SBL387001R1311;N/A;1;CERTO;ABB;CONTATOR ;;X;;1;0;
AF750-30-11-70;AF750-30-11-70;N/A;0;CERTO;ABB;CONTATOR ;;#N/D;;0;0;
AF75-30-11-70;AF75-30-11-70;C 33;3;CERTO;ABB;CONTATOR ;100-250V  50/60HZ;#N/D;;3;0;
AF80-40-00-13;1SBL3972201R1300;N/A;1;CERTO;ABB;CONTATOR ;;#N/D;;1;0;
AGDR-71C;AGDR-71C;N/A;0;0;ABB;;;#N/D;;0;0;
AI523;1SAP250300R0001;D 06;1;0;ABB;EPRs – Produtos eletrônicos e relés;;#N/D;;1;0;
AI531;1SAP250600R0001;D 06;0;;ABB;EPRs – Produtos eletrônicos e relés;;;;0;0;
AI561;1TNE968902R1101;D 06;0;0;ABB;;;#N/D;;0;0;
AI845;3BSE023675R1;N/A;3;0;ABB;;;#N/D;;3;0;
AI893;3BSC690141R1;N/A;1;0;ABB;;;#N/D;;1;0;
AINP-01C;AINP-01C;N/A;0;0;ABB;;;#N/D;;0;0;
AINT - 14;68685826;ARMARIO 01;2;0;ABB;;;#N/D;;2;0;
AINT HOLDER;68279062;ARMARIO 01;1;CERTO;ABB;;AINT HOLDER;#N/D;;1;0;
AINT-02C;68257867;ARMARIO 01;0;CERTO;ABB;Placa de interface I/O p/ inversores;;;;2;2;
AL-05SV;2CY005;N/A;1;CERTO;MITSUBISHI;;;#N/D;;1;0;
AL16-22-00;1SBL183501R8100;N/A;4;0;ABB;;24VDC;#N/D;;4;0;
AL16-30-10;1SBL183001R8610;N/A;0;0;ABB;;110VDC;#N/D;;0;0;
AL26-30-10;1SBL243001R8810;N/A;8;0;ABB;;;#N/D;;8;0;
AL-9-22-00;1SBL143501R8800;N/A;1;0;ABB;;220V;#N/D;;1;0;
AL-9-40-00;1SBL143201R8100;N/A;1;0;ABB;;24V;#N/D;;1;0;
ALAVANCA FRONTAL S7 F;1SDA014227R1;N/A;2;0;ABB;;OBSOLETO;#N/D;;2;0;
ALAX-05SV;2CY025;N/A;1;CERTO;MITSUBISHI;;;#N/D;;1;0;
AMP100/5A;N1022005070100W1;D 17;1;0;ABB;;INTERCAMBIAL 72X72 FM;#N/D;;1;0;
AMPE-100A;AMPE-100A;D 17;2;0;ABB;;PARA TRILHO;#N/D;;2;0;
AMPE-100A/5A;R1024005070100WE;D 17;2;0;ABB;;EFICIENTE FM 96X96 INTERCAMBIAL;#N/D;;2;0;
AMPE-150/5A;N1022005070150W1;D 17;1;0;ABB;;INTERCAMBIAL 72X72 FM;#N/D;;1;0;
AMPE-150A/12,5A;N1022005070150WC;D 17;1;0;ABB;;LIG. A TC 60\5A FM;#N/D;;1;0;
AMPE-150A/5A;W1024005080150WE;D 17;1;0;ABB;;EFICIENTE FM 96X96 INTERCAMBIAL;#N/D;;1;0;
AMPE-200A/5A;R1024005070200WE;D 17;2;0;ABB;;AMP. EFICIENTE 96X96 ;#N/D;;2;0;
AMPE-200AX1A;N1024001040200W1;D 17;3;0;ABB;;AMP. FM 96X96 INTERC.;#N/D;;3;0;
AMPE-250A/5A;N1022005070250W1;D 17;2;0;ABB;;INTERCAMBIAL 72X72;#N/D;;2;0;
AMPE-300A/5A;R1024005070300WE;D 17;2;0;ABB;;EFICIENTE 96X96 INTERCAMBIAL;#N/D;;2;0;
AMPE-50A 1:1;N1022050070050W1;D 17;4;0;ABB;;INTERCAMBIAL 72X72 FM;#N/D;;4;0;
AMPE-50A/5A;N1022005070050W1;D 17;2;0;ABB;;INTERCAMBIAL 72X72 FM;#N/D;;2;0;
AMPE-60A;N1022040010060W1;D 17;14;0;ABB;;LIG. DIRETA 72X72 2 F/CX;#N/D;;14;0;
AMPE-BM400A;2CNM512111R0400;D 17;5;0;ABB;;;#N/D;;5;0;
AMPE-BM50A;2CNM512111R0050;D 17;1;0;ABB;;LIG SHUNT 72X72;#N/D;;1;0;
AMPE-BMK15-150A;N001282060150H1;D 17;1;0;ABB;;ESCALA\CAMPO 96X96BMK15;#N/D;;1;0;
AMPE-FM250Aca;2CNM515424R0250;D 17;2;0;ABB;;LIG. TC 96X96;#N/D;;2;0;
AMPE-FM300Aca;2CNM515413R0300;D 17;2;0;ABB;;;#N/D;;2;0;
AMPE-FM300Aca;2CNM515423R0300;D 17;2;0;ABB;;LIG. TC 96X96 1:1;#N/D;;2;0;
AMPE-FM300Aca;2CNM515424R0300;D 17;2;0;ABB;;LIG. TC 96X96 1:2;#N/D;;2;0;
AMPE-FM800Aca;2CNM515423R0800;D 17;1;0;ABB;;LIG. TC 96X96  1:1;#N/D;;1;0;
AO523;1SAP250200R0001;D 06;0;0;ABB;EPRs – Produtos eletrônicos e relés;;;;0;0;
AO810V2;3BSE038415R1;D 06;1;0;ABB;EPRs – Produtos eletrônicos e relés;;;;2;1;
AO820;3BSE008546R1;N/A;0;0;ABB;EPRs – Produtos eletrônicos e relés;;#N/D;;0;0;
APOW-01C;64493663A;ARMARIO 01;0;CERTO;ABB;EPRs – Produtos eletrônicos e relés;;#N/D;;3;3;
APOW-01C;64493663B;ARMARIO 01;0;CERTO;ABB;EPRs – Produtos eletrônicos e relés;;#N/D;;3;3;
APOW-01C;64605666B;ARMARIO 01;0;CERTO;ABB;EPRs – Produtos eletrônicos e relés;POWER SUPPLY BOARD (3)USADA;#N/D;;3;3;
AS16-30-10-25;1SBL121001M2510;N/A;92;0;ABB;;220V   F\CX;#N/D;;92;0;
ASL12-30-10-81;1SBL113001R8110;N/A;2;0;ABB;;24V;#N/D;;2;0;
ASSEMBLY KIT;ASSEMBLY KIT;ARMARIO 01;0;CERTO;ABB;;;#N/D;;0;0;
AST25-15S;2CDL200011R2515;E 03;-4;0;ABB;;;#N/D;;10;14;
AST50-15;2CDL200001R5015;N/A;0;0;ABB;;TERMINAIS DE ALIMENT ;#N/D;;0;0;
AT2-7R;2CSM204125R0601;N/A;5;0;ABB;;;#N/D;;5;0;
AX-05SV;2CY015;N/A;1;0;MITSUBISHI;;;#N/D;;1;0;
AX09-30-01-26;1SBL901074R2601;C 09;0;CERTO;ABB;contatores linha eficiente;;#N/D;;6;6;
AX09-30-01-75;1SBL901074R7501;C 09;19;CERTO;ABB;contatores linha eficiente;;#N/D;;34;15;
AX09-30-10-26;1SBL901074R2610;C 09;31;CERTO;ABB;contatores linha eficiente;;#N/D;;31;0;
AX09-30-10-75;1SBL901074R7510;C 09;0;CERTO;ABB;contatores linha eficiente;;#N/D;;22;22;
AX09-30-10-81;1SBL901074R8110;C 09;10;CERTO;ABB;contatores linha eficiente;#N/D;;;15;5;
AX115-30-11-26;1SFL981074R2611;C 01;2;CERTO;ABB;CONTATOR ;;#N/D;;4;2;
AX115-30-11-75 ;1SFL981074R7511;C 01;4;CERTO;ABB;CONTATOR ;;#N/D;;5;1;
AX115-30-11-85;1SFL981074R8511;C 01;0;CERTO;ABB;CONTATOR ;;#N/D;;0;0;
AX12-30-01-26;1SBL911074R2601;C 02;10;CERTO;ABB;contatores linha eficiente;;X;;10;0;
AX12-30-01-75;1SBL911074R7501;C 02;5;CERTO;ABB;contatores linha eficiente;;#N/D;;5;0;
AX12-30-10-26;1SBL911074R2610;C 02;1;CERTO;ABB;contatores linha eficiente;;#N/D;;10;9;
AX12-30-10-75;1SBL911074R7510;C 02;4;CERTO;ABB;contatores linha eficiente;;#N/D;;15;11;
AX12-30-10-81;1SBL911074R8110;C 02;18;CERTO;ABB;contatores linha eficiente;;X;;18;0;
AX150-30-11-26;1SFL991074R2611;C 01;5;CERTO;ABB;CONTATOR ;110-127V;#N/D;;5;0;
AX150-30-11-75;1SFL991074R7511;C 01;1;CERTO;ABB;CONTATOR ;;#N/D;;5;4;
AX18-30-01-26;1SBL921074R2601;C 03;3;CERTO;ABB;contatores linha eficiente;;#N/D;;3;0;
AX18-30-01-75;1SBL921074R7501;C 03;4;CERTO;ABB;contatores linha eficiente;;#N/D;;7;3;
AX18-30-01-81;1SBL921074R8101;C 03;0;CERTO;ABB;contatores linha eficiente;;#N/D;;0;0;
AX18-30-10-26;1SBL921074R2610;C 03;5;CERTO;ABB;contatores linha eficiente;;#N/D;;12;7;
AX18-30-10-75;1SBL921074R7510;C 03;1;CERTO;ABB;contatores linha eficiente;;X;;15;14;
AX18-30-10-81;1SBL921074R8110;C 03;0;CERTO;ABB;contatores linha eficiente;;#N/D;;0;0;
AX25-30-01-26;1SBL931074R2601;C 03;5;CERTO;ABB;contatores linha eficiente;;#N/D;;5;0;
AX25-30-01-75;1SBL931074R7501;C 03;5;CERTO;ABB;contatores linha eficiente;24V;X;;5;0;
AX25-30-01-81;1SBL931074R8101;C 03;2;CERTO;ABB;contatores linha eficiente;;X;;2;0;
AX25-30-10-26;1SBL931074R2610;C 03;25;CERTO;ABB;contatores linha eficiente;;#N/D;;25;0;
AX25-30-10-75;1SBL931074R7510;;15;CERTO;ABB;contatores linha eficiente;;#N/D;;24;9;
AX32-30-01-26;1SBL281074R2601;;3;CERTO;ABB;contatores linha eficiente;;#N/D;;3;0;
AX32-30-01-75;1SBL281074R7501;;10;0;ABB;contatores linha eficiente;;;;11;1;
AX32-30-01-81;1SBL281074R8101;;0;CERTO;ABB;contatores linha eficiente;;X;;2;2;
AX32-30-10-26;1SBL281074R2610;;8;CERTO;ABB;contatores linha eficiente;;#N/D;;12;4;
AX32-30-10-75;1SBL281074R7510;;7;CERTO;ABB;contatores linha eficiente;2 - F/CX;#N/D;;15;8;
AX32-30-10-81;1SBL281074R8110;;0;CERTO;ABB;contatores linha eficiente;;#N/D;;0;0;
AX32-30-10-85;1SBL281074R8510;;0;CERTO;ABB;contatores linha eficiente;;#N/D;;0;0;
AX40-30-01-26;1SBL321074R2601;;3;CERTO;ABB;contatores linha eficiente;110-127V;#N/D;;3;0;
AX40-30-01-75;1SBL321074R7501;;0;CERTO;ABB;contatores linha eficiente;200-220V;#N/D;;3;3;
AX40-30-10-26;1SBL321074R2610;;0;CERTO;ABB;contatores linha eficiente;;X;;11;11;
AX40-30-10-75;1SBL321074R7510;;2;CERTO;ABB;contatores linha eficiente;;#N/D;;14;12;
AX40-30-10-81;1SBL321074R8110;;1;CERTO;ABB;contatores linha eficiente;;#N/D;;1;0;
AX40-30-10-84;1SBL321074R8410;;0;CERTO;ABB;contatores linha eficiente;;#N/D;;0;0;
AX50-30-11-26;1SBL321074R1174;;5;CERTO;ABB;contatores linha eficiente;;#N/D;;5;0;
AX50-30-11-75;1SBL351074R7511;;0;CERTO;ABB;contatores linha eficiente;;#N/D;;5;5;
AX50-30-11-81;1SBL351074R8111;;1;CERTO;ABB;contatores linha eficiente;;#N/D;;1;0;
AX50-30-11-85;1SBL351074R8511;;0;CERTO;ABB;contatores linha eficiente;;#N/D;;6;6;
AX522;1SAP25000R00001;D 06;0;;ABB;EPRs – Produtos eletrônicos e relés;;;;0;0;
AX65-30-11-26;1SBL371074R2611;;3;0;ABB;contatores linha eficiente;;;;5;2;
AX65-30-11-75;1SBL371074R7511;;0;CERTO;ABB;contatores linha eficiente;1 - F/CX;#N/D;;7;7;
AX65-30-11-81;1SBL371074R8111;;0;CERTO;ABB;contatores linha eficiente;;#N/D;;1;1;
AX65-30-11-85;1SBL371074R8511;;6;CERTO;ABB;contatores linha eficiente;;#N/D;;6;0;
AX80-30-00-75;1SBL411074R7500;;0;CERTO;ABB;contatores linha eficiente;;#N/D;;0;0;
AX80-30-11-26;1SBL411074R2611;;5;CERTO;ABB;contatores linha eficiente;;#N/D;;5;0;
AX80-30-11-75;1SBL411074R7511;;7;CERTO;ABB;contatores linha eficiente;;#N/D;;7;0;
AX95-30-11-26;1SFL431074R2611;C 07;5;CERTO;ABB;CONTATOR ;;#N/D;;5;0;
AX95-30-11-36;1SFL431074R3611;C 07;1;CERTO;ABB;CONTATOR ;;#N/D;;1;0;
AX95-30-11-75;1SFL431074R7511;C 07;5;CERTO;ABB;CONTATOR ;;#N/D;;5;0;
AX95-30-11-81;1SFL431074R8111;C 07;3;CERTO;ABB;CONTATOR ;;X;;3;0;
B17HG0914505331;B17HG0914505331;F;1;0;ALLEN BRADLEY;;;#N/D;;1;0;
B24111-100;2CMA100177R1000;L 07;0;CERTO;ABB;;;X;;1;1;
B6-30-01;B6-30-01;C;1;0;ABB;;380V;#N/D;;1;0;
B6-30-01-01;GJL1211001R0011;C;0;0;ABB;;24V;#N/D;;0;0;
B6-30-10-01;GJL1211001R0101;C 32;1;0;ABB;;24 V;#N/D;;1;0;
B6-30-10-80;GJL1211001R8100;C;0;0;ABB;;220V;#N/D;;0;0;
B6-30-10-F;B6-30-10-F;C 32;0;0;ABB;;24 V;#N/D;;0;0;
B7-30-01-01;GJL1311001R0011;C 32;8;0;ABB;;24V;#N/D;;8;0;
B7-30-10-01;GJL1311001R0101;C 32;6;0;ABB;;24V;#N/D;;6;0;
B7-30-10-P-80;GJL1311009R8100;C 32;9;0;ABB;;220V;#N/D;;9;0;
BA9s;59120193;N/A;0;0;ABB;Acessório para botoeira;110V;#N/D;;0;0;
BAF05SV;BAF05SV;N/A;0;CERTO;MITSUBISHI;;;#N/D;;0;0;
BAM4;1SNK900001R0000;N/A;89;0;ETE;;;#N/D;;89;0;
BAM4+ZS10-ST;1SNS320001Z0100;N/A;16;0;ETE;;;#N/D;;16;0;
BARRA MORSETTO;12532;N/A;9;CERTO;ABB;Acessório para bornes;;#N/D;;9;0;
BARRA MORSETTO;12535;N/A;9;CERTO;ABB;Acessório para bornes;;#N/D;;9;0;
BAZ1;BAZ1;N/A;13;0;ABB;;;#N/D;;13;0;
BC6-30-10-01;BC6-30-10-01;C 32;3;0;ABB;;48VDC;#N/D;;3;0;
BC6-30-10-P 220;GJL1213009R0105;C;24;0;ABB;;220 VDC;#N/D;;24;0;
BC6-30-10-P 24;GJL1200438F0001;C;2;0;ABB;;24DC;#N/D;;2;0;
BC7-30-01;BC7-30-01;C 32;3;0;ABB;;48DC;#N/D;;3;0;
BC7-30-10;BC7-30-10;C 32;5;0;ABB;;VDC48;#N/D;;5;0;
BC7-30-10;GJL1313001R0104;C 32;5;0;ABB;;VDC 110-125;#N/D;;5;0;
BC810;3BSE031154R1;N/A;2;0;ABB;;;#N/D;;2;0;
BDS03684R;A7B10000050027;N/A;0;0;SIEMENS;;;#N/D;;0;0;
BEA110-495;1SBN084506R1000;C;3;0;ABB;Conexão entre disjuntores-motor e contatores;;#N/D;;3;0;
BEA16/116;1SBN081406R1000;C;75;CERTO;ABB;Conexão entre disjuntores-motor e contatores;;X;;75;0;
BEA16-325;1SBN081406R1001;C;14;0;ABB;Conexão entre disjuntores-motor e contatores;;#N/D;;14;0;
BEA16-4;1SBN081306T1000;C;4;CERTO;ABB;Conexão entre disjuntores-motor e contatores;;X;;6;2;
BEA26-116;1SBN082406R1000;C;6;0;ABB;Conexão entre disjuntores-motor e contatores;;#N/D;;6;0;
BEA38-4;1SBN082306T2000;C;11;CERTO;ABB;Conexão entre disjuntores-motor e contatores;;X;;11;0;
BEA40-450;1SBN083206R1000;C;20;0;ABB;Conexão entre disjuntores-motor e contatores;;#N/D;;20;0;
BEA50-450;1SBN083506R1000;C;5;0;ABB;Conexão entre disjuntores-motor e contatores;1 PÇ \ FCX;#N/D;;5;0;
BEA75-495;1SBN084106R1000;C;9;0;ABB;Conexão entre disjuntores-motor e contatores;;#N/D;;9;0;
BER40;1SBN082411R1001;CAIXA 03;15;0;ABB;Conexão entre disjuntores-motor e contatores;;#N/D;;15;0;
BES75-30;1SBN083504R1000;caixa 02;14;0;ABB;Conexão entre disjuntores-motor e contatores;;#N/D;;14;0;
BFHE-10/20-16;1SNA020867R2000;E 10;1;0;ABB;;;#N/D;;1;0;
BJDL5.2;1SNA291102R2300;N/A;20;0;ABB;;;#N/D;;20;0;
BJM1210;1SNA179622R0200;N/A;9;0;ABB;;;#N/D;;9;0;
BJM12-2POLES;1SNA179618R1600;N/A;120;0;ABB;;;#N/D;;120;0;
BJM1610;1SNA179617R0500;N/A;3;0;ABB;;;#N/D;;3;0;
BJM810P;BJM810P;N/A;0;0;ABB;;;#N/D;;0;0;
BJM82P;BJM82P;N/A;4;0;ABB;;;#N/D;;4;0;
BJMI62;BJMI62;N/A;5;0;ABB;;;#N/D;;5;0;
BMIO-01;3AXD50000021262;C 02;8;0;ABB;;;#N/D;;8;0;
BOTAO COMUTADORA;1SFA611280R4071;N/A;0;0;ABB;;;#N/D;;0;0;
3AXD50000261093;FAN KIT 3;ARMARIO 02;4;CERTO;ABB;;VENTILADOR;#N/D;;4;0;C
BRAKE CHOPPER;60033978;ARMARIO 01;2;CERTO;RESY;;;#N/D;;2;0;
BRE-C-2.5;1SNA167260R1700;N/A;100;0;ABB;;;#N/D;;100;0;
BRT160A;1SNA179892R2200;N/A;0;0;ABB;;;#N/D;;0;0;
BRT80A;1SNA179534R2200;N/A;0;0;ABB;;;#N/D;;0;0;
BRU250A;1SNA179657R1500;N/A;5;0;ABB;;;#N/D;;5;0;
BV3375;BV3375;N/A;150;0;ABB;;OBSOLETO;#N/D;;150;0;
BV-FS35DIRECT;2CDB806001R3500;E 02;0;0;ABB;;;#N/D;;0;0;
C.10X38KPF;FUSIVEL 32A;N/A;14;0;DEKFUSE;;;#N/D;;14;0;
C10X38;C10X38;N/A;2;0;BUSMANN;;32A X 400V;#N/D;;2;0;
C2SS1-10B-10;1SFA619200R1016;E 20;0;0;ABB;Sinalização e comando;;#N/D;;1;1;
C2SS1-10B-11;1SFA619200R1076;E 20;2;0;ABB;Sinalização e comando;;#N/D;;15;13;
C2SS1-10B-20;1SFA619200R1026;E 20;3;0;ABB;Sinalização e comando;;#N/D;;4;1;
C2SS2-10B-10;1SFA619201R1016;E 20;8;0;ABB;Sinalização e comando;;#N/D;;10;2;
C2SS2-10B-11;1SFA619201R1076;E 20;1;0;ABB;Sinalização e comando;;#N/D;;2;1;
C2SS2-10B-20;1SFA619201R1026;E 20;15;0;ABB;Sinalização e comando;;;;20;5;
C2SS2-30B-10;1SFA619201R3016;E 20;98;0;ABB;Sinalização e comando;;#N/D;;98;0;
C2SS3-10B-01;1SFA619202R1046;E 20;4;0;ABB;Sinalização e comando;;#N/D;;5;1;
C2SS3-10B-10;1SFA619202R1016;E 20;1;0;ABB;Sinalização e comando;;#N/D;;1;0;
C2SS3-10B-20;1SFA619202R1026;E 20;0;0;ABB;Sinalização e comando;;#N/D;;1;1;
C3SS1-10B-11;1SFA619210R1076;E 20;11;0;ABB;Sinalização e comando;;;;21;10;
C3SS1-10B-20;1SFA619210R1026;E 20;1;0;ABB;Sinalização e comando;;#N/D;;15;14;
C3SS2-10B-20;1SFA619211R1026;E 20;7;0;ABB;Sinalização e comando;;#N/D;;9;2;
C571 RELÉ DE SEGURANÇA;1SAR501020R0005;N/A;19;0;ABB;Sinalização e comando;;#N/D;;19;0;
CA1-8053;1SFA619920R8053;E 16;37;0;ABB;;;#N/D;;43;6;
CA3-10;1SBN011010T1010;C 26;7;0;ABB;contatos auxiliares;;#N/D;;7;0;
CA4-01;1SBN010110R1001;C 20;40;CERTO;ABB;contatos auxiliares;;X;;52;12;
CA4-10;1SBN010110R1010;C 20;0;CERTO;ABB;contatos auxiliares;;#N/D;;52;52;
CA4-22M;1SBN010140R1122;C 26;8;CERTO;ABB;contatos auxiliares;;X;;10;2;
CA4-31E;1SBN010140R1031;N/A;1;CERTO;ABB;contatos auxiliares;;X;;1;0;
CA4-31M;1SBN010140R1131;N/A;0;0;ABB;contatos auxiliares;;#N/D;;0;0;
CA5-01;1SBN010010R1001;N/A;1;0;ABB;contatos auxiliares;;#N/D;;1;0;
CA5-10;1SBN010010R1010;N/A;0;0;ABB;contatos auxiliares;;#N/D;;0;0;
CA5-22M;1SBN010040R1122;N/A;1;0;ABB;contatos auxiliares;;#N/D;;1;0;
CA5-31E;1SBN010040R1031;N/A;1;0;ABB;contatos auxiliares;;#N/D;;1;0;
CA5-40U;1SBN010040R1340;N/A;0;0;ABB;contatos auxiliares;;#N/D;;0;0;
CA5X-01;1SBN019010R1001;C 27;120;CERTO;ABB;contatos auxiliares;F\CX;X;;152;32;
CA5X-04M;1SBN019040R1104;C 26;4;0;ABB;contatos auxiliares;;#N/D;;4;0;
CA5X-10;1SBN019010R1010;C 27;116;CERTO;ABB;contatos auxiliares;;X;;139;23;
CA5X-22M;CA5X-22M;C 26;17;0;ABB;;;#N/D;;17;0;
CA5X-22N;1SBN019040R1222;C 26;13;0;ABB;contatos auxiliares;;#N/D;;13;0;
CA5X-31M;1SBN019040R1131;C 26;12;CERTO;ABB;contatos auxiliares;2 POLO;X;;12;0;
CA6-11K;GJL1201317R0001;C 26;14;0;ABB;;;#N/D;;14;0;
CA6-11M;GJL1201317R0003;C 26;10;0;ABB;;;#N/D;;10;0;
CAF6-02K;GJL1201330R0009;C 26;0;0;ABB;;;#N/D;;0;0;
CAF6-11K;GJL1201330R0001;C 26;0;0;ABB;;;#N/D;;0;0;
CAF6-11M;GJL1201330R0003;C 26;14;0;ABB;;;#N/D;;14;0;
CAF6-11N;GJL1201330R0004;C 26;2;0;ABB;;;#N/D;;2;0;
CAF6-20K;GJL1201330R0005;C 26;4;0;ABB;;;#N/D;;7;3;
CAF6-20M;GJL1201330R0007;C 27;5;0;ABB;;;;;5;0;
CAL18-11;1SFN010720R1011;C 21;7;CERTO;ABB;Contatores;;#N/D;;8;1;
CAL18X-11;1SFN019820R1011;C 21;135;CERTO;ABB;Contatores;;X;;135;0;
CAL19-11;1SFN010820R1011;C 20;6;0;ABB;Contatores;;#N/D;;6;0;
CAL4-11;1SBN010120R1011;C 21;19;0;ABB;contatos auxiliares;;#N/D;;20;1;
CAL5-11;1SBN010020R1011;C 21/18;102;0;ABB;contatos auxiliares;;#N/D;;160;58;
CAL5X-11;1SBN019020R1011;C 21;116;CERTO;ABB;contatos auxiliares;;X;;122;6;
CAPACITOR;3AUA0000125449;ARMARIO 01;1;CERTO;ABB;;CAPACITOR 3,5UF  420\470V;#N/D;;1;0;
CB1-610R;1SFA619600R6101;E 21;0;CERTO;ABB;;;#N/D;;1;1;
CB1-611R;1SFA619600R6111;E 21;2;0;ABB;;;;;2;0;
CB1-613R;1SFA619600R6131;E 21;1;0;ABB;;;;;1;0;
CB1-620B;1SFA619600R6206;E 21;1;0;ABB;;;;;1;0;
CB1-621B;1SFA619600R6216;E 21;4;0;ABB;;;;;4;0;
CB1-630B;1SFA619600R6306;E 21;0;0;ABB;;;#N/D;;2;2;
CB1-631B;1SFA619600R6316;E 21;1;0;ABB;;;;;1;0;
CBH165;ZH3163150414;ARMARIO 01;1;CERTO;DANOTHERM;;;#N/D;;1;0;
CBK;1SFA616921R2221;E 16;9;0;ABB;;230V;#N/D;;9;0;
CBKLB1;GJD5911086R0015;N/A;18;0;ABB;;130VX2W;#N/D;;18;0;
CBKLB24;GJD5911086R0013;N/A;1;0;ABB;;24VX1.2W;#N/D;;1;0;
CC-ESTD;1SVR011700R0000;D 15;1;0;ABB;;MULTI;#N/D;;1;0;
CDP15FBP150;1SAJ929140R0015;N/A;10;0;ABB;;;#N/D;;10;0;
CDP18FBP150;1SAJ929180R0015;N/A;12;CERTO;ABB;;;X;;12;0;
CDP19FBP100;1SAJ929190R0010;N/A;1;0;ABB;;CABLE;#N/D;;1;0;
CDP-312R;68281059;ARMARIO 01;2;CERTO;ABB;;;#N/D;;3;1;
CDPI-01;3AXD50000004419;ARMARIO 01;0;CERTO;ABB;;;#N/D;;8;8;
CDPI-01;3AXD0000004419;ARMARIO 01 ;0;CERTO;ABB ;;;;;8;8;
CE3T-10R-02;1SFA619500R1051;E 21;2;0;ABB;;, ;#N/D;;5;3;
CE3T-10R-20;1SFA619500R1021;N/A;10;0;ABB;;;#N/D;;10;0;
CE4P-10R-02;CE4P-10R-02;N/A;0;0;ABB;;;#N/D;;0;0;
CE4P-10R-11;1SFA6119551R1071;N/A;2;0;ABB;;;#N/D;;2;0;
CE4T-10R-01;1SFA619550R1041;N/A;1;0;ABB;;;#N/D;;1;0;
CE4T-10R-02;1SFA619550R1051;E 21;3;0;ABB;;;#N/D;;19;16;
CE4T-10R-11;1SFA619550R1071;caixa;23;0;ABB;;para de emergencia;#N/D;;23;0;
CE4T-10R-20;1SFA619550R1021;E 22;2;0;ABB;;;#N/D;;2;0;
CF4/5;1SNA115028R1200;N/A;10;0;ABB;;;#N/D;;10;0;
CHARGING RESISTOR;3AUA0000122080;ARMARIO 01;0;0;ABB;;;;;3;3;
CI801;3BSE022366R1;D 06;1;0;ABB;;;#N/D;;1;0;
CI840A;3BSE041882R1;N/A;4;0;ABB;;;#N/D;;4;0;
CI853;3BSE018103R1;N/A;1;0;ABB;;;#N/D;;1;0;
CI854AK01;3BSE030220R1;D 06;1;0;ABB;;F/CAIXA;;;1;0;
CL(2)-513G;CL(2)-513G;E 23;0;0;ABB;;;#N/D;;0;0;
CL2-501G;CL2-501G;E 23;0;0;ABB;;;#N/D;;0;0;
CL2-501L;CL2-501L;E 23;0;0;ABB;;;#N/D;;0;0;
CL2-501R;CL2-501R;E 23;0;0;ABB;;;#N/D;;0;0;
CL2-501W;1SFA619402R5015;E 23;0;0;ABB;;;#N/D;;0;0;
CL2-501Y;CL2-501Y;E 23;0;0;ABB;;;#N/D;;0;0;
CL2-502C;1SFA619403R5028;;15;0;ABB;;;;;20;5;
CL2-502C(W);1SFA619403R5028;E 23;31;CERTO;ABB;;;#N/D;;31;0;
CL2-502G;1SFA619403R5022;E 23;12;CERTO;ABB;;;X;;38;26;
CL2-502L;1SFA619402R5021;E 23;8;0;ABB;;;#N/D;;10;2;
CL2-502R;1SFA619403R5021;E 23;0;CERTO;ABB;;VERMELHO;#N/D;;23;23;
CL2-502Y;CL2-502Y;E 23;10;CERTO;ABB;;;#N/D;;36;26;
CL2-513C(W);1SFA619403R5138;E 23;0;0;ABB;;;#N/D;;2;2;
CL2-513G;CL2-513G;E 23;7;0;ABB;;;#N/D;;9;2;
CL2-513L;1SFA619403R5134;E 23;8;0;ABB;;AZUL;#N/D;;8;0;
CL2--513R;1SFA619403R5131;E 23;1;0;ABB;;;#N/D;;1;0;
CL2-513Y;1SFA619403R5133;E 23;15;0;ABB;;;#N/D;;19;4;
CL2-515G;1SFA619403R5152;E 23;0;0;ABB;;;#N/D;;10;10;
CL2-515L;CL2-515L;E 23;6;0;ABB;;;#N/D;;6;0;
CL2-515R;CL2-515R;E 23;0;0;ABB;;;#N/D;;11;11;
CL2-515W;1SFA619403R5151;E 23;0;0;ABB;;;#N/D;;0;0;
CL2-515Y;CL2-515Y;E 23;1;0;ABB;;;#N/D;;1;0;
CL2-520G;CL2-520G;E 23;0;0;ABB;;;#N/D;;0;0;
CL2-520L;CL2-520L;E 23;0;0;ABB;;;#N/D;;0;0;
CL2-520R;CL2-520R;E 23;3;0;ABB;;;#N/D;;3;0;
CL2-520W;CL2-520W;E 23;1;0;ABB;;;#N/D;;1;0;
CL2-520Y;1SFA619403R5203;E 23;10;0;ABB;;;#N/D;;10;0;
CL2-523G;CL2-523G;E 23;3;0;ABB;;;#N/D;;8;5;
CL2-523L;CL2-523L;E 23;0;0;ABB;;AZUL;#N/D;;0;0;
CL2-523R;CL2-523R;E 23;6;0;ABB;;;#N/D;;13;7;
CL2-523W;CL2-523W;E 23;0;0;ABB;;;#N/D;;0;0;
CL2-523Y;CL2-523Y;E 23;0;0;ABB;;;#N/D;;5;5;
CL-501G;CL-501G;E 23;0;0;ABB;;OBSOLETO;#N/D;;0;0;
CL-501L;CL-501L;E 23;5;0;ABB;;OBSOLETO;#N/D;;5;0;
CL-501R;CL-501R;E 23;0;0;ABB;;OBSOLETO;#N/D;;0;0;
CL-501W;CL-501W;E 23;7;0;ABB;;OBSOLETO;#N/D;;7;0;
CL-501Y;CL-501Y;E 23;0;0;ABB;;OBSOLETO;#N/D;;0;0;
CL-502C(W);CL-502C(W);E 23;0;0;ABB;;OBSOLETO;#N/D;;0;0;
CL-502G;CL-502G;E 23;0;0;ABB;;OBSOLETO;#N/D;;0;0;
CL-502L;CL-502L;E 23;0;0;ABB;;OBSOLETO;#N/D;;0;0;
CL-502R;CL-502R;E 23;2;0;ABB;;OBSOLETO;#N/D;;3;1;
CL-502Y;CL-502Y;E 23;0;0;ABB;;OBSOLETO;#N/D;;0;0;
CL-513G;CL-513G;E 23;1;0;ABB;;OBSOLETO;#N/D;;1;0;
CL-513L;CL-513L;E 23;0;0;ABB;;OBSOLETO;#N/D;;0;0;
CL-513R;1SFA619402R5131;E 21;8;0;ABB;;OBSOLETO;#N/D;;8;0;
CL-513W;1SFA619402R5135;E 23;0;0;ABB;;OBSOLETO;#N/D;;0;0;
CL-513Y;1SFA619402R5133;E 23;28;0;ABB;;OBSOLETO;#N/D;;28;0;
CL-515G;CL-515G;E 23;0;0;ABB;;OBSOLETO;#N/D;;0;0;
CL-515L;CL-515L;E 23;0;0;ABB;;OBSOLETO;#N/D;;0;0;
CL-515R;1SFA619402R5151;E 23;2;0;ABB;;OBSOLETO;#N/D;;2;0;
CL-515W;CL-515W;E 23;3;0;ABB;;OBSOLETO;#N/D;;3;0;
CL-515Y;CL-515Y;E 23;0;0;ABB;;OBSOLETO;#N/D;;0;0;
CL-520G;1SFA619402R5202;E 23;20;0;ABB;;OBSOLETO;#N/D;;20;0;
CL-520L;CL-520L;E 23;0;0;ABB;;OBSOLETO;#N/D;;0;0;
CL-520R;1SFA619402R5201;E 23;11;0;ABB;;OBSOLETO;#N/D;;11;0;
CL-520W;CL-520W;E 23;0;0;ABB;;OBSOLETO;#N/D;;0;0;
CL-520Y;CL-520Y;E 23;0;0;ABB;;OBSOLETO;#N/D;;0;0;
CL-523G;1SFA619402R5232;E 23;12;0;ABB;;OBSOLETO;#N/D;;13;1;
CL-523L;1SFA619402R5234;E 23;0;0;ABB;;OBSOLETO;#N/D;;2;2;
CL-523R;1SFA619402R5231;E 23;19;0;ABB;;OBSOLETO;#N/D;;20;1;
CL-523W;1SFA619402R5235;E 23;0;0;ABB;;OBSOLETO;#N/D;;0;0;
CL-523Y;1SFA619402R5233;E 23;0;0;ABB;;OBSOLETO;#N/D;;1;1;
CLLADTK007;1SVR440899R6600;N/A;1;0;ABB;;;#N/D;;1;0;
CL-LDC.LNAC2;1SVR440823R1000;N/A;1;0;ABB;;;#N/D;;1;0;
CL-LDCSDC2;1SVR440841R0000;N/A;1;0;ABB;;;#N/D;;1;0;
CL-LDD.K;1SVR440839R4400;N/A;1;0;ABB;;;#N/D;;1;0;
CL-LDR.16AC2;1SVR440853R0000;N/A;2;0;ABB;;;#N/D;;2;0;
CL-LER18DC2;1SVR440721R0000;N/A;1;0;ABB;;;#N/D;;1;0;
CL-LMRC18AC1;;N/A;1;0;ABB;;;#N/D;;1;0;
CL-LMRCX18AC2;1SVR440723R0200;N/A;1;0;ABB;;;#N/D;;1;0;
CL-LMRCX18DC2;1SVR440721R0200;N/A;0;0;ABB;;;#N/D;;0;0;
CL-LSRCX12AC2;1SVR440713R0200;N/A;1;0;ABB;;;#N/D;;1;0;
CL-LSRCX12DC2;1SRV440711R0200;N/A;1;0;ABB;;;#N/D;;1;0;
CL-LSTC12DC2;1SVR440711R1300;N/A;1;0;ABB;;;#N/D;;1;0;
CL-LSTCX12DC2;1SVR440711R1200;N/A;1;0;ABB;;;#N/D;;1;0;
CLMD;2003089077;B 04;0;0;ABB;;25KVAr x  380VCA;#N/D;;0;0;
CLMD13-12,5KVAR 480V;CLMD13-12,5KVAR 480V;B 04;0;CERTO;ABB;;12,5KVAR 480V;#N/D;;0;0;
CLMD33S;2003089118;B 04;0;0;ABB;;4,2KVAr X 220VCA;#N/D;;0;0;
CLMD33S-12,5KVAR;2003089106;B 04;3;0;ABB;;12,5KVAr x 220VCA;#N/D;;3;0;
CLMD33S-20KVAR;CLMD33S-20KVAR;B 04;1;0;ABB;;20KVAr X 480VCA;#N/D;;1;0;
CLMD33S-6,3KVAR;2003089103;B 04;6;0;ABB;;6,3KVAr x 220VCA;#N/D;;6;0;
CLMD33S-6,4-18,7-25KVAR;2003089114;B 04;2;0;ABB;;220,380,440VCA;#N/D;;2;0;
CLMD43;60380025000;B 04;0;0;ABB;;25KVAr X 380VCA;#N/D;;0;0;
CLMD43-20KVAR;CLMD43-20KVAR;B 04;1;0;ABB;;20KVAr X 380VCA;#N/D;;1;0;
CLMD53-25KVAR;60220025000;B 04;2;0;ABB;;25KVAr x 220VCA;#N/D;;2;0;
CLMD53-45KAR 480V;CLMD53-45KAR 480V;B 04;0;CERTO;ABB;;45KAR 480V;#N/D;;0;0;
CLMD63-50KVAR;60460050000;B 04;3;0;ABB;;50kVAr x 460VCA;#N/D;;3;0;
CM-4040-M-12;CM-4040-M-12;D 15;0;0;EMBRASUL;;CONTROLADOR DE FATOR DE POTENCIA;#N/D;;0;0;
CM-572DP;1SAP170200R0001;D 06;1;0;ABB;EPRs – Produtos eletrônicos e relés;;#N/D;;1;0;
CM-575DN;1SAP170500R0001;D 06;1;0;ABB;EPRs – Produtos eletrônicos e relés;;#N/D;;1;0;
CM-EFS.2S;1SVR730750R0400;D 15;0;0;ABB;Proteção elétrica e dispositivos modulares;;#N/D;;0;0;
CM-ESS.2S;1SVR730830R0400;D 08;1;0;ABB;Proteção elétrica e dispositivos modulares;;;;1;0;
CM-LWN;1SVR450331R0100;D 08;5;0;ABB;;;#N/D;;5;0;
CM-MPN.72S;1SVR750489R8300;D 08;4;0;ABB;Proteção elétrica e dispositivos modulares;;#N/D;;4;0;
CM-MPS.11 - 0,1S - 30 S;1SVR630885R1300;D 08;4;0;ABB;Proteção elétrica e dispositivos modulares;;#N/D;;4;0;
CM-MPS.31s - 0,1 S-30 S;1SVR730884R1300;D 08;1;0;ABB;Proteção elétrica e dispositivos modulares;;#N/D;;1;0;
CM-MSS - AC 220-240V;1SVR430811R1300;D 08;2;0;ABB;;;#N/D;;2;0;
CM-MSS- AC/DC 24V;1SVR430800R9100;D 08;36;0;ABB;;;#N/D;;36;0;
CM-MSS.12S;1SVR730700R0100;D 08;4;0;ABB;Proteção elétrica e dispositivos modulares;;#N/D;;4;0;
CM-PBE;1SVR550881R9400;D 08;0;0;ABB ;Proteção elétrica e dispositivos modulares;220-240V;;;3;3;
CM-PFE;1SVR550824R9100;D 08;2;0;ABB;Proteção elétrica e dispositivos modulares;208- 440V;#N/D;;3;1;
CM-PFS.S;1SVR730824R9300;D 08;4;CERTO;ABB;Proteção elétrica e dispositivos modulares;;#N/D;;12;8;
CM-PVE - 320 -460V ;1SVR550871R9500;D 08;0;0;ABB;Proteção elétrica e dispositivos modulares;;#N/D;;1;1;
CM-PVS.31 - 0,1s-30s;1SVR630794R1300;D 08;1;0;ABB;Proteção elétrica e dispositivos modulares;0,1s-30s;#N/D;;1;0;
CM-PVS.41S;1SVR730794R3300;D 08;1;0;ABB;Proteção elétrica e dispositivos modulares;;;;3;2;
CMS-120PS;2CCA880210R0001;D 08;1;0;ABB;;;#N/D;;1;0;
4650N-465;4650N-465;ARMARIO 02;1;0;ABB;;FAN AXIAL;; 230V-50HZ ;1;0;
64650424;64650424;ARMARIO 02;1;0;ABB;Peça interna p/ inversores;VENTILADOR;#N/D;;2;1;
CP1-10B -10;CP1-10B -10;E 20;1;0;ABB;;;#N/D;;1;0;
CP1-10G-01;1SFA619100R1042;E 21;10;0;ABB;;;#N/D;;10;0;
CP1-10G-10;ACXS;E 07;98;0;ABB;;F 24 =  136 PÇ;#N/D;;118;20;
CP1-10G-11;CP1-10G-11;N/A;1;0;ABB;;;#N/D;;1;0;
CP1-10L-10;CP1-10L-10;N/A;9;0;ABB;;;#N/D;;9;0;
CP1-10R-01;1SFA619100R1041;E 22;41;0;ABB;;F 26 = 34 PÇ;#N/D;;54;13;
CP1-10R-10;CP1-10R-10;E 20;8;0;ABB;;;#N/D;;15;7;
CP1-10R-11;CP1-10R-11;N/A;3;0;ABB;;;#N/D;;3;0;
CP1-10W-10;CP1-10W-10;E 21;4;0;ABB;;;#N/D;;4;0;
CP1-10Y-10;1SFA619100R1013;N/A;10;0;ABB;;;#N/D;;10;0;
CP1-11Y-10;CP1-11Y-10;N/A;0;0;ABB;;;#N/D;;0;0;
CP1-13G-10;CP1-13G-10;E 21;18;0;ABB;;;#N/D;;18;0;
CP1-13R-01;CP1-13R-01;E 21;17;0;ABB;;;#N/D;;17;0;
CP2-11G-10;CP2-11G-10;E 21;1;0;ABB;;;#N/D;;1;0;
CP2-12G-10;CP2-12G-10;E 21;3;0;ABB;;;#N/D;;3;0;
CP2-13Y-10;CP2-13Y-10;E 21;6;0;ABB;;;#N/D;;6;0;
CP24/2.0;1SVR423417R1000;N/A;0;0;ABB;;;#N/D;;0;0;
CP3-11R-01;CP3-11R-01;E 21;3;0;ABB;;;#N/D;;3;0;
CP4-10L-20;1SFA619103R1024;E 21;2;0;ABB;;;#N/D;;2;0;
CP430B;1SBP260183R1001;N/A;0;0;ABB;;;#N/D;;0;0;
CP430C-ETH;CP430C-ETH;D 06;1;0;ABB;;;#N/D;;1;0;
CP-C24/5.0;1SVR427024R0000;D 33;0;0;ABB;Fontes de Alimentação Chaveadas;;#N/D;;0;0;
CP-E12/10.0;1SVR427035R1000;D 33;0;CERTO;ABB;Fontes de Alimentação Chaveadas;TMF400-4000 3P;X;;1;1;
CP-E12/2.5;1SVR427032R1000;D 33;0;0;ABB;Fontes de Alimentação Chaveadas;;#N/D;;0;0;
CP-E24/1.25;1SVR427031R0000;D 33;0;CERTO;ABB;Fontes de Alimentação Chaveadas;;#N/D;;1;1;
CP-E24/10.0;1SVR427035R0000;D 33;1;CERTO;ABB;Fontes de Alimentação Chaveadas;1PC SEM CAIXA;#N/D;;6;5;
CP-E24/2.5;1SVR427032R0000;D 15;1;CERTO;ABB;Fontes de Alimentação Chaveadas;;#N/D;;16;15;
CP-E24/20.0;1SVR427036R0000;D 33;0;0;ABB;Fontes de Alimentação Chaveadas;;#N/D;;0;0;
CP-E24/5.0;1SVR427034R0000;D 33;0;CERTO;ABB;Fontes de Alimentação Chaveadas;;X;;11;11;
CP-M310R11;1SFA619126R1071;N/A;8;0;ABB;Fontes de Alimentação Chaveadas;;#N/D;;8;0;
CP-RUD 5A- 40V;1SVR423418R9000;D 15;1;0;ABB;Fontes de Alimentação Chaveadas;;#N/D;;1;0;
CP-S24/20;1SVR427016R0100;D 33;1;0;ABB;Fontes de Alimentação Chaveadas;;#N/D;;1;0;
CR-M012DC2;1SVR406611R4000;D 11;3;0;ABB;Proteção elétrica e dispositivos modulares;;#N/D;;3;0;
CR-M012DC4L;1SVR405613R4100;D 11;27;CERTO;ABB;Proteção elétrica e dispositivos modulares;;X;;31;4;
CR-M024AC2L;1SVR405611R0100;D 11;39;CERTO;ABB;Proteção elétrica e dispositivos modulares;;X;;39;0;
CR-M024AC3L;1SVR405612R0100;D 11;38;0;ABB;Proteção elétrica e dispositivos modulares;;#N/D;;38;0;
CR-M024AC4L;1SVR405613R0100;D 11;1;CERTO;ABB;Proteção elétrica e dispositivos modulares;;#N/D;;1;0;
CR-M024DC2L;1SVR405611R1100;D 11;9;0;ABB;Proteção elétrica e dispositivos modulares;;#N/D;;9;0;
CR-M024DC4;1SVR405613R1000;D 11;21;CERTO;ABB;Proteção elétrica e dispositivos modulares;;X;;39;18;
CR-M024DC4L;1SVR405613R1100;D 11;4;CERTO;ABB;Proteção elétrica e dispositivos modulares;;#N/D;;24;20;
CR-M048DC3;1SVR405612R6000;D 11;1;CERTO;ABB;Proteção elétrica e dispositivos modulares;;#N/D;;1;0;
CR-M048DC4L;1SVR405613R6100;D 11;37;0;ABB;Proteção elétrica e dispositivos modulares;;#N/D;;40;3;
CR-M060DC3;1SVR405612R4200;D 11;70;0;ABB;Proteção elétrica e dispositivos modulares;;#N/D;;70;0;
CR-M110AC4;1SVR405613R7000;D 11;5;CERTO;ABB;Proteção elétrica e dispositivos modulares;4 POL;X;;5;0;
CR-M110AC4L;1SVR405613R7100;D 11;0;0;ABB;Proteção elétrica e dispositivos modulares;;#N/D;;0;0;
CR-M120AC4;1SVR405613R2000;D 11;5;0;ABB;Proteção elétrica e dispositivos modulares;;;;7;2;
CR-M120AC4L;1SVR405613R2100;D 11;17;CERTO;ABB;Proteção elétrica e dispositivos modulares;1 CX/ABERTA;X;;30;13;
CR-M125DC2L;1SVR405611R8300;D 11;9;CERTO;ABB;Proteção elétrica e dispositivos modulares;2 PÇ ANTIGA;X;;9;0;
CR-M125DC4;CR-M125DC4;D 11;5;0;ABB;Proteção elétrica e dispositivos modulares;;#N/D;;9;4;
CR-M220DC2;1SVR405611R9000;D 11;10;CERTO;ABB;Proteção elétrica e dispositivos modulares;;#N/D;;10;0;
CR-M230AC2;1SVR405611R3000;D 11;2;CERTO;ABB;Proteção elétrica e dispositivos modulares;;X;;4;2;
CR-M230AC3; 1SVR405601R3000;N/A;7;0;ABB;Proteção elétrica e dispositivos modulares;;;;7;0;
CR-M230AC3L;1SRV405612R3100;D 11;5;0;ABB;Proteção elétrica e dispositivos modulares;;#N/D;;5;0;
CR-M230AC4;1SVR405613R3000;D 11;0;0;ABB;Proteção elétrica e dispositivos modulares;;#N/D;;10;10;
CR-M230AC4L;1SVR405613R3100;D 11;6;0;ABB;Proteção elétrica e dispositivos modulares;;#N/D;;6;0;
CR-M2LS;1SVR405651R1100;D 10;27;0;ABB;Proteção elétrica e dispositivos modulares;;#N/D;;38;11;
CR-M4LS;1SVR405651R3100;D 10;0;0;ABB;Proteção elétrica e dispositivos modulares;;#N/D;;24;24;
CR-MH;1SVR405659R1000;D 10;30;CERTO;ABB;Proteção elétrica e dispositivos modulares;;X;;59;29;
CR-P012DC1;SVR405600R4000;D 10;4;0;ABB;Proteção elétrica e dispositivos modulares;;#N/D;;4;0;
CR-P024AC2;1SVR405601R0000;D 10;16;0;ABB;Proteção elétrica e dispositivos modulares;;#N/D;;17;1;
CR-P024DC1;1SVR405600R1000;D 10;10;CERTO;ABB;Proteção elétrica e dispositivos modulares;;X;;30;20;
CR-P024DC2;1SVR405601R1000;D 10;40;CERTO;ABB;Proteção elétrica e dispositivos modulares;;X;;97;57;
CR-P110AC2;1SVR405601R7000;D 10;20;CERTO;ABB;Proteção elétrica e dispositivos modulares;;X;;20;0;
CR-P110DC2;1SVR405601R8000;D 10;6;CERTO;ABB;Proteção elétrica e dispositivos modulares;C/X ABERTA;X;;6;0;
CR-P120AC1;1SVR405600R2000;D 10;174;CERTO;ABB;Proteção elétrica e dispositivos modulares;;X;;184;10;
CR-P120AC2;1SVR405601R2000;D 10;9;CERTO;ABB;Proteção elétrica e dispositivos modulares;;#N/D;;32;23;
CR-P230AC1;1SVR405600R3000;D 10;5;0;ABB;Proteção elétrica e dispositivos modulares;;#N/D;;20;15;
CR-P230AC2;1SVR405601R3000;D 10;4;CERTO;ABB;Proteção elétrica e dispositivos modulares;;#N/D;;35;31;
CR-PH;1SVR405659R0000;D 10;108;CERTO;ABB;Proteção elétrica e dispositivos modulares;F\CX;#N/D;;168;60;
CR-PLS;1SVR405650R0001;D 10;0;CERTO;ABB;Proteção elétrica e dispositivos modulares;;#N/D;;71;71;
CR-PM62E;1SVR405654R4000;N/A;0;0;ABB;Proteção elétrica e dispositivos modulares;;#N/D;;6;6;
CR-S012/024VADC1SS;1SVR405521R3100;D 09;20;0;ABB;Proteção elétrica e dispositivos modulares;BASE ;#N/D;;140;120;
CR-S012/024VADC1SZ;1SVR405521R3200;D 09;0;0;ABB;Proteção elétrica e dispositivos modulares;BASE MOLA;;;30;30;
CR-S024VDC1R;1SVR405501R3010;D 09;68;0;ABB;Proteção elétrica e dispositivos modulares;RELÉ;#N/D;;156;88;
CR-S060VDC1R;1SVR405501R5010;C 09;116;0;ABB;Proteção elétrica e dispositivos modulares;RELÉ;#N/D;;160;44;
CR-S110/125VADC1SS;1SVR405521R6100;D 09;149;0;ABB;Proteção elétrica e dispositivos modulares;BASE COM RELE;#N/D;;185;36;
CR-S220/240VADC1SS;1SVR405521R7100;D 09;111;0;ABB;Proteção elétrica e dispositivos modulares;;#N/D;;112;1;
CR-S230VADC1CRS;1SVR405541R7110;N/A;0;0;ABB;Proteção elétrica e dispositivos modulares;;#N/D;;0;0;
CRS50;CRS50;N/A;0;0;ABB;Proteção elétrica e dispositivos modulares;;#N/D;;0;0;
CR-U 71A;1SVR406613R1000;D 11;0;0;ABB;Proteção elétrica e dispositivos modulares;;#N/D;;0;0;
CR-U024DC3;1SVR405622R1000;N/A;0;0;ABB;Proteção elétrica e dispositivos modulares;;#N/D;;0;0;
CR-U024DC3L;1SVR405622R1100;N/A;0;0;ABB;Proteção elétrica e dispositivos modulares;;#N/D;;0;0;
CR-U110AC3L;1SVR405622R7100;N/A;0;0;ABB;Proteção elétrica e dispositivos modulares;;#N/D;;0;0;
CR-U120AC2L;1SVR405621R2100;D 08;10;0;ABB;Proteção elétrica e dispositivos modulares;;#N/D;;10;0;
CR-U220DC3L;1SVR405622R9100;N/A;0;0;ABB;Proteção elétrica e dispositivos modulares;;#N/D;;0;0;
CR-U2S;1SVR405670R0000;D 08;5;0;ABB;Proteção elétrica e dispositivos modulares;;#N/D;;5;0;
CR-U3S;1SVR405660R0000;D 08;70;0;ABB;Proteção elétrica e dispositivos modulares;;#N/D;;70;0;
CSR1;CSR1;N/A;40;0;ETE;;;#N/D;;40;0;
CT-AHC.12;1SVR508110R0000;D 15;11;0;ABB;Proteção elétrica e dispositivos modulares;;;;14;3;
CT-AHD.12;1SVR500110R0000;D 15;0;;ABB;Proteção elétrica e dispositivos modulares;;#N/D;;0;0;
CT-AHE - 0,1S - 10 S;1SVR550111R1100;D 15;1;0;ABB;Proteção elétrica e dispositivos modulares;1 PÇ \ FCX;#N/D;;1;0;
CT-EBE - 0,1S-10S;1SVR550167R1100;D 15;3;0;ABB;Proteção elétrica e dispositivos modulares;;#N/D;;3;0;
CT-ERC.12;1SVR508100R0000;D 15;0;0;ABB;Proteção elétrica e dispositivos modulares;;;;4;4;
CT-ERE - 500ms;1SVR550910R0500;D 15;17;0;ABB;Proteção elétrica e dispositivos modulares;500ms;#N/D;;17;0;
CT-ERE- 03S - 30S;1SVR550107R4100;D 15;0;0;ABB;Proteção elétrica e dispositivos modulares;03S - 30S;#N/D;;0;0;
CT-ERE- 30m;1SVR550107R5100;D 15;0;0;ABB;Proteção elétrica e dispositivos modulares;30m;#N/D;;0;0;
CT-ERE.300s;1SVR550107R2100;D 15;0;0;ABB;Proteção elétrica e dispositivos modulares;300s FORA DA CAIXA;#N/D;;0;0;
CTERS.21s - 0,05s - 300h;1SVR730100R0300;D 15;0;0;ABB;Proteção elétrica e dispositivos modulares;24 -240 V;#N/D;;0;0;
CT-ERS-22S;1SVR730100R3300;D 15;1;0;ABB;Proteção elétrica e dispositivos modulares;;;;2;1;
CT-IRE;1SVR550228R9100;D 15;1;0;ABB;Proteção elétrica e dispositivos modulares;A1/A2-AC/DC 24V ;#N/D;;1;0;
CT-MFE - 0,05-100H;1SVR550029R8100;D 15;4;0;ABB;Proteção elétrica e dispositivos modulares;;#N/D;;4;0;
CT-MFS.21S;1SVR730010R200;D 15;5;CERTO;ABB;Proteção elétrica e dispositivos modulares;;#N/D;;5;0;
CTR1.100EG7650;CTR1.100EG7650;D 15;0;0;ABB;;100X5A;#N/D;;0;0;
CT-SDD.22-E234;1SVR500211R0100;D 15;25;0;ABB;Proteção elétrica e dispositivos modulares;;#N/D;;25;0;
CT-VWE;1SVR550137R1100;D 15;0;0;ABB;Proteção elétrica e dispositivos modulares;10s;#N/D;;0;0;
CTVWE -  3S-300S;1SVR550137R2100;D 15;1;0;ABB;Proteção elétrica e dispositivos modulares;;#N/D;;1;0;
CT-VWE - 0,3S-30S;1SVR550137R4100;D 15;5;0;ABB;Proteção elétrica e dispositivos modulares;1 PÇ \ FCX;#N/D;;6;1;
CT-YDE- 3s-300s;1SVR550207R2100;D 15;1;0;ABB;Proteção elétrica e dispositivos modulares;3S - 300S;#N/D;;1;0;
CT-YDE-0,3s-30s;1SVR550207R4100;D 15;1;0;ABB;Proteção elétrica e dispositivos modulares;30s;#N/D;;1;0;
CVAR-01C;3AUA0000044173;ARMARIO 01;1;CERTO;ABB;;;#N/D;;1;0;
CX-491-P;UCX491P;ARMARIO 01;1;CERTO;PANASONIC;;;#N/D;;1;0;
D10\10.N.2L;D10\10.N.2L;N/A;2;0;ABB;;;#N/D;;2;0;
ACS800 DSU MODULE FAN KIT 1 ;3AXD50000260430;ARMARIO 02;6;0;ABB;;                  PREVENTIVE MAINTENANCE KIT;#N/D;;6;0;C
D2,5\5,2L CZ;D2,5\5,2L CZ;N/A;5;0;ABB;;;#N/D;;5;0;
D2,5\8.SFT.2L;D2,5\8.SFT.2L;N/A;3;0;ABB;;;#N/D;;3;0;
D240/36;D240/36;N/A;3;0;ABB;;;#N/D;;3;0;
D4/6T3P;1SNA299684R0200;N/A;10;0;ABB;;;#N/D;;10;0;
D4\6 2L CZ;D4\6 2L CZ;N/A;9;0;ABB;;;#N/D;;9;0;
D4-1233;1SNA645031R2000;N/A;3;0;ABB;;;#N/D;;3;0;
D6\8.2L CZ;D6\8.2L CZ;N/A;12;0;ABB;;;#N/D;;12;0;
D6\8P2L VD AM.;D6\8P2L VD AM.;N/A;4;0;ABB;;BORNE;#N/D;;4;0;
DB25/25A;1SAZ201108R0001;E 04;6;CERTO;ABB;;;#N/D;;6;0;
DB42;1SAZ701902R0001;E 03;0;CERTO;ABB;;;#N/D;;1;1;
DB45E;1SAX201110R1001;E 04;11;CERTO;ABB;;;#N/D;;11;0;
DB80;1SAZ301110R0001;N/A;3;CERTO;ABB;;;X;;3;0;
DBL125;1SNL312510R0000;D 14;4;0;ABB;;;#N/D;;4;0;
DBL160;1SNL316010R0000;N/A;5;0;ETE;;;#N/D;;9;4;
DBL175;1SNL317510R0000;D 14;6;0;ABB;;;#N/D;;6;0;
DBL250;1SNL325010R0000;N/A;3;0;ETE;;;#N/D;;5;2;
DBL400;1SNL340010R0000;D 14;4;0;ABB;;;#N/D;;4;0;
DBL80;1SNL308010R0000;N/A;1;0;ETE;;8PÇ SEM CAIXA;#N/D;;16;15;
DC2;1SRV405801R1000;N/A;0;0;ABB;;;#N/D;;0;0;
DC505FBP;1SAP220000R0001;D 06;1;0;ABB;EPRs – Produtos eletrônicos e relés;;#N/D;;1;0;
DC523;1SAP240500R0001;D 06;0;;ABB;EPRs – Produtos eletrônicos e relés;;;;0;0;
DCA160ARET;DCA160ARET;N/A;1;0;DCA;;160A X 500V;#N/D;;1;0;
DCA3NH1BASE;DCA3NH1BASE;N/A;3;0;DCA;;500V;#N/D;;3;0;
DCSCPP;DCSCPP;N/A;1;0;ABB;;DISPLAY  CX.  AMARELA;#N/D;;1;0;
DDA204AC;2CSB204001R1400;N/A;0;0;ABB;;40X0,03;#N/D;;0;0;
DEK400ANH2UR;DEK400ANH2UR;N/A;3;0;DEKFUSE;;400A X690V;#N/D;;3;0;
DEK50AUR;DEK50AUR;N/A;10;0;DEKFUSE;;50A X 1000V;#N/D;;10;0;
DH2,5\5,2L;1SNA290261R1400;N/A;82;0;ABB;;;#N/D;;82;0;
DI524;1SAP240000R0001;D 06;0;;ABB;EPRs – Produtos eletrônicos e relés;;;;0;0;
DI810;3BSE008508R1;N/A;2;0;ABB;;;#N/D;;2;0;
DISC.RES;DISC.RES;ARMARIO 01;2;CERTO;ABB;;DISC. RES SP KIT NXBU 3X4,7K 50W;#N/D;;2;0;
DK50AR;DK50AR;N/A;10;0;DEKFUSE;;50A - F X 600V;#N/D;;10;0;
DNP21FBP;1SAJ230000R1003;N/A;3;0;ABB;;CABLE;#N/D;;3;0;
DNX11FBP100;1SAJ923001R0010;N/A;7;0;ABB;;CABLE;#N/D;;7;0;
DNX11FBP500;1SAJ923001R0050;N/A;23;0;ABB;;CABLE;#N/D;;23;0;
DO524;1SAP240700R0001;D 06;0;;ABB;EPRs – Produtos eletrônicos e relés;;;;0;0;
DO810;3BSE008510R1;CAIXA 3BSE;2;0;ABB;;;#N/D;;2;0;
DO820;3BSE008514R1;N/A;6;0;ABB;;;#N/D;;6;0;
DPD01758D;AB3L00235W05B;N/A;1;0;VAGON;;TESTE;#N/D;;1;0;
DPMP01;3AUA0000108878BR;N/A;0;0;ABB;;3AUA0000108878A5270256VS;#N/D;;0;0;
DPMP02;3AXD50000009374C;C 04;-2;0;ABB;;;#N/D;;12;14;
DPMP-02;3AXD50000009374C;D 04;4;0;ABB;;;;;4;0;
DPMP-EXT;3AXD50000010763;C 04;1;CERTO;ABB;;;#N/D;;14;13;
DRAX09;1SNS109036R7531;N/A;0;0;ABB;;3,1A-220V;#N/D;;0;0;
DS056936103;DS056936103;F;1;0;ALLEN BRADLEY;;;#N/D;;1;0;
DS202CC10A30A;2CSR252140R1104;N/A;2;0;ABB;;;#N/D;;2;0;
DS202CC16A30;2CSR252140R1164;N/A;6;0;ABB;;;#N/D;;6;0;
DSAB-01C;64630199;ARMARIO 01;0;;ABB;Placa de interface p/ inversores;;;;0;0;
DSMB-01C - POWER SUPPLY BOARD;DSMB-01C - POWER SUPPLY BOARD;ARMARIO 01;0;CERTO;ABB;;;#N/D;;2;2;
DSMB-02C;64666606;ARMARIO 01;2;CERTO;ABB;Placa de controle p/ inversores;1PC SEM CAIXA;#N/D;;2;0;
DSS1000-RTD;DSS1000-RTD;ARMARIO 01;1;CERTO;ABB;;RTD PC BOARD FOR DS1 MVC;#N/D;;1;0;
DSSB-01C;DSSB-01C;ARMARIO 01;0;CERTO;ABB;;;#N/D;;0;0;
DSSC-01C;DSSC-01C;ARMARIO 01;1;CERTO;ABB;;SNUBBER BOARD DSSC-01C;#N/D;;1;0;
DSSR122;DSSR122;N/A;3;0;ABB;;;#N/D;;3;0;
ACX550 FAN KIT 5;3AXD50000506132;ARMARIO 02;0;0;ABB;;                                           VENTILADOR ;;;1;1;
DX011;1SVR440620R0000;D 06;1;0;ABB;;;#N/D;;1;0;
DX122-FBP.0 A2;1SAJ622000R0101;N/A;1;CERTO;ABB;;;#N/D;;1;0;
E16DU-18.9;1SAX111001R1105;F 16;0;0;ABB;;;#N/D;;0;0;
E1T1s;2TLA010030R2000;N/A;1;0;ABB;;24VDC;#N/D;;1;0;
E61/40;E61/40;N/A;16;0;ABB;;SECCIONADOR DE LINEA;#N/D;;16;0;
E91/32;2CSM200923R1801;L 20;62;CERTO;ABB;;;X;;64;2;
E91/50;2CSM279022R1801;N/A;0;0;ABB;;;#N/D;;8;8;
E92/32;E92/32;L 20;1;0;ABB;;;#N/D;;2;1;
E93/125;2CSM277502R1801;N/A;0;0;ABB;;;#N/D;;0;0;
E93/32;2CSM204753R1801;L 19;8;CERTO;ABB;; 1 FORA DA CAIXA;#N/D;;14;6;
E93/50;2CSM277962R1801;L 25;7;0;ABB;;;#N/D;;12;5;
E931/32;E931/32;N/A;0;0;ABB;;10,3X38;#N/D;;0;0;
E933;E933;N/A;0;0;ABB;;14X51;#N/D;;0;0;
E933/32;E933/32;N/A;4;0;ABB;;10,3X38;#N/D;;4;0;
E933N/32;E933N/32;N/A;2;0;ABB;;10,3X38;#N/D;;2;0;
E9F10GG1;2CSM277113R1801;D 16;3;0;ABB;;;#N/D;;3;0;
E9F10GG10;2CSM257453R1801;D 16;16;0;ABB;;;#N/D;;25;9;
E9F10GG16;2CSM277543R1801;D 16;33;0;ABB;;;#N/D;;33;0;
E9F10GG2;2CSM258723R1801;D 16;2;CERTO;ABB;;;#N/D;;9;7;
E9F10GG20;2CSM277323R1801;D 16;25;0;ABB;;;#N/D;;25;0;
E9F10GG25;2CSM277103R1801;D 16;22;0;ABB;;;#N/D;;25;3;
E9F10GG32;2CSM258713R1801;D 16;22;CERTO;ABB;;;#N/D;;22;0;
E9F10GG4;2CSM257543R1801;D 16;8;0;ABB;;;#N/D;;8;0;
E9F10GG6;2CSM256363R1801;D 16;5;0;ABB;;;#N/D;;7;2;
E9F10GG8;2CSM258633R1801;D 16;5;0;ABB;;;#N/D;;5;0;
E9F14GG40;2CSM257513R1801;D 16;11;0;ABB;;;#N/D;;11;0;
E9F14GG50;2CSM256333R1801;D 16;0;0;ABB;;;#N/D;;14;14;
E9F22GG125;2CSM258343R1801;D 16;0;0;ABB;;;#N/D;;3;3;
EC310;EC310;F;2;0;ALLEN BRADLEY;;;#N/D;;2;0;
EC310;EC310;F;2;0;ALLEN BRADLEY;;;#N/D;;2;0;
EFB1524SHG;EFB1524SHG;N/A;0;0;N;;;#N/D;;0;0;
EK1104021;SK824440DF;N/A;3;0;ABB;;;#N/D;;3;0;
EK2,5;1SNK705910R0000;N/A;25;0;ETE;;;#N/D;;25;0;
EK2,5-4P;1SNK705912R0000;N/A;19;0;ETE;;;#N/D;;19;0;
EK2104011;SK825441AH;N/A;1;0;ABB;;;#N/D;;1;0;
EK21061200011;EK21061200011;F 51;1;0;ALLEN BRADLEY;;;#N/D;;1;0;
EK21073000110;EK21073000110;F 51;2;0;ABB;;SENSOR COM CABO;#N/D;;2;0;
EK21081200011;EK21081200011;F 51;1;0;ALLEN BRADLEY;;;#N/D;;1;0;
EK21083000110;EK21083000110;F 51;1;0;ALLEN BRADLEY;;;#N/D;;1;0;
EK44136;EK44136;F;4;0;ALLEN BRADLEY;;;#N/D;;4;0;
EM45;1SNA008521R2600;N/A;6;0;ETE;;;#N/D;;6;0;
EMAX2E1.2B1600;1SDA070861R1;G 04;1;0;ABB;;R1600;#N/D;;1;0;
EMAX2E1.2B1600 LSI;1SDA070845R1;G 05;1;0;ABB;;;;;2;1;
EMAX2E1.2B800;1SDA070745R1;N/A;0;0;ABB;;R800;#N/D;;0;0;
EMAX2E1.2C1000;1SDA070792R1;N/A;0;0;ABB;;;#N/D;;0;0;
EMAX2E1.2N1000;1SDA070801R1;N/A;0;0;ABB;;R1000;#N/D;;0;0;
EMAX2E1.2O1000;1SDA072142R1;N/A;1;0;ABB;;R1000;#N/D;;1;0;
EMAX2E1.2O800;1SDA072102R1;N/A;0;0;ABB;;R800;#N/D;;0;0;
EMAX2E2.2B2000 - EKIP/T-LSI;1SDA071025R1;N/A;2;0;ABB;;;;;2;0;
EMAX2E2.2B2000 - LI;1SDA071021R1;N/A;0;;ABB;;R2000;#N/D;;0;0;
EMAXE2S1250;1SDA055954R1;N/A;1;0;ABB;;R1250;#N/D;;1;0;
EN20-20;GHE3221101R0006;CAIXA OBS;21;0;ABB;;230V;#N/D;;21;0;
ES10ST;1SKN508910R0000;N/A;10;0;ABB;;;#N/D;;10;0;
ES4;1SNK505910R0000;N/A;207;0;ETE;;;#N/D;;207;0;
ES4D2;1SNK505960R0000;N/A;26;0;ETE;;;#N/D;;26;0;
ES4SF;1SNK508960R0000;N/A;168;0;ETE;;;#N/D;;168;0;
ESB20-11;GHE3211302R3006;CAIXA OBS;20;0;ABB;;;#N/D;;20;0;
ESB63-31;GHE3691602R0006;CAIXA OBS;9;0;ABB;;230V;#N/D;;9;0;
ETE30-5A;N003852424321;N/A;1;0;ABB;;;#N/D;;1;0;
ETE50;N003862421321;N/A;4;0;ABB;;;#N/D;;4;0;
ETI0s;2TLA010030R0000;N/A;1;0;ABB;;24VDC;#N/D;;1;0;
ETI30 - 10VDC;N00318412511;N/A;3;0;ABB;;10VDC;#N/D;;3;0;
ETI30 - 10VDC;N00318413551;N/A;3;0;ABB;;10VDC;#N/D;;3;0;
ETI30 - 40VDC;N0031801255C;N/A;1;0;ABB;;40VDC;#N/D;;1;0;
ETI30-20mADC;N0031801355C;N/A;2;0;ABB;;;#N/D;;2;0;
ETI30-20mADC;N0031821305C;N/A;2;0;ABB;;;#N/D;;2;0;
ETI-50 - N0039401221C;N0039401221C;D 40;1;0;ABB;;;#N/D;;1;0;
ETI-50 - N00394113251;N00394113251;D 40;1;0;ABB;;;#N/D;;1;0;
ETI-50 - N00394212251;N00394212251;D 40;0;;ABB;;;#N/D;;0;0;
ETI-50 - N00394213211;N00394213211;D 40;0;;ABB;;;#N/D;;0;0;
ETI-50 - N00394213351;N00394213351;D 40;1;0;ABB;;;#N/D;;1;0;
ETI-50 - N00394312251;N00394312251;D 40;2;0;ABB;;;#N/D;;2;0;
ETI-50 - N00394412151;N00394412151;D 40;5;0;ABB;;;#N/D;;5;0;
ETI-50 - N00394413251;N00394413251;D 40;1;0;ABB;;;#N/D;;1;0;
ETI-50 - N00394413351;N00394413351;D 40;2;0;ABB;;;#N/D;;2;0;
ETI-50 - R0039401325C;R0039401325C;D 40;0;0;ABB;;;#N/D;;1;1;
ETI-50 - R00394213251;R00394213251;D 40;2;0;ABB;;;;;2;0;
ETM - 10VDC;N003002813651;N/A;1;0;ABB;;90VDC;#N/D;;1;0;
ETM115 - 115V;N00300241251C;N/A;2;0;ABB;;60VDC;#N/D;;2;0;
ETM15 - 10VAC;N00300200455C;N/A;3;0;ABB;;220VAC;#N/D;;3;0;
ETM15 - 10VAC;N00300211355C;N/A;3;0;ABB;;300VDC;#N/D;;3;0;
ETM15 - 115V;N00300241351C;N/A;2;0;ABB;;115V;#N/D;;2;0;
ETM15 - 120V;N00300241325C;N/A;1;0;ABB;;120V;#N/D;;1;0;
ETM-50 - N00393211255C;N00393211255C;D 40;1;0;ABB;;;#N/D;;1;0;
ETM-50 - N003932713551;N003932713551;D 40;1;0;ABB;;;#N/D;;1;0;
ETM-50 - N003932813551;N003932813551;D 40;0;0;ABB;;;#N/D;;1;1;
ETP30-3-1E60HZ;N0031223221355C;N/A;0;0;ABB;;;#N/D;;0;0;
ETP30-3N3E60HZ;N0031227221325C;N/A;0;0;ABB;;;#N/D;;0;0;
ETQ30-3N3E60HZ;N0031427221325C;N/A;5;0;ABB;;;#N/D;;5;0;
EVA;2TLA020046R0800;C 09;5;0;ABB;;;#N/D;;7;2;
EVPB1103FN;1SL2752A01;B 09;1;0;ABB;;QUADRO DE PROT P/CARREGADORES 11,0KW;#N/D;;1;0;
EVPB2203FN;1SL1204A00;B 09;1;0;ABB;;QUADRO DE PROT P/CARREGADORES 22,0KW;#N/D;;1;0;
EVPB37FF;1SL2753A01;B 06;10;0;ABB;;CAIXA DE PRO.PARA CARREGADORES 3,7KW;#N/D;;10;0;
F202AC;2CSF202005R2400;N/A;1;CERTO;ABB;;TMF 63;X;;1;0;
F202AC25X0,03;F202AC25X0,03;F 20;1;0;ABB;;;#N/D;;1;0;
F202AC-63;2CSF202005R1630;N/A;2;CERTO;ABB;;63/0,03;#N/D;;2;0;
F204AC;2CSF204005R1900;L 12;0;CERTO;ABB;;1000A;#N/D;;1;1;
F204AC;2CSF204005R2400;L 12;0;CERTO;ABB;;40X0,1;#N/D;;1;1;
F204AC80;2CSF204005R1800;L 12;0;CERTO;ABB;;;#N/D;;0;0;
F364;40X30MA;N/A;1;0;ABB;;40X30;#N/D;;1;0;
FAN ACS880 R8/R9 IP55;3AXD50000049451;N/A;0;0;ABB;;;#N/D;;0;0;
FAN KIT/ACS850;3AUA0000094147;PRATELEIRA/SAIDA;11;CERTO;ABB;;;#N/D;;11;0;
ACX55001096A4;PM6Y550R54;ARMARIO 02;0;CERTO;ABB;;PREV. MAINT KIT 6 YEARS;#N/D;;0;0;C
FAST - 3RW5534-CHA14;3RW5534-CHA14;FASTDRIVE;0;;SIEMS;;;;;0;0;
FAST - ACS150-03E-02A4-2;ACS150-03E-02A4-2;FASTDRIVE;0;;ABB;Inversor de frequência;;;;0;0;
FAST - ACS55-01N-07A6-2;ACS55-01N-07A6-2;FASTDRIVE;0;;ABB;Inversor de frequência;;;;0;0;
FAST - ACS55-01N-09A8-2;ACS55-01N-09A8-2;FASTDRIVE;0;;ABB;Inversor de frequência;;;;0;0;
FAST - ACS580-01-018A-4;ACS580-01-018A-4;FASTDRIVE;2;0;ABB;Inversor de frequência;;;;3;1;
FAST - ACS580-01-026A-4;ACS580-01-026A-4;FASTDRIVE;4;0;ABB;Inversor de frequência;                                                 1 MULTIDRIVE ;;;4;0;
FAST - ACS580-01-046A-4;ACS580-01-046A-4;FASTDRIVE;0;0;ABB;Inversor de frequência;;;;1;1;
FAST - ACS580-01-04A1-4;ACS580-01-04A1-4;FASTDRIVE;3;0;ABB;Inversor de frequência;;;;3;0;
FAST - ACS580-01-073A-4;ACS580-01-073A-4;FASTDRIVE;1;0;ABB;Inversor de frequência;                                                 1 MULTIDRIVE ;;;3;2;
FAST - ACS580-01-106A-4;ACS580-01-106A-4;FASTDRIVE;0;0;ABB;Inversor de frequência;;;;2;2;
FAST - ACS580-01-12A7-4;ACS580-01-12A7-4;FASTDRIVE;2;0;ABB;Inversor de frequência;;;;2;0;
FAST - ACS580-01-145A-4;ACS580-01-145A-4;FASTDRIVE;1;0;ABB;Inversor de frequência;                                                 1 MULTIDRIVE ;;;1;0;
FAST - ACS580-01-2A7-4;ACS580-01-2A7-4;FASTDRIVE;3;0;ABB;Inversor de frequência;;;;3;0;
FAST - POWER FLEX 40 - 0,4KW/5.0HP;FAST - POWER FLEX 40 - 0,4KW/5.0HP;FASTDRIVE;0;;ROCKELL;;;;;0;0;
FAST - POWER FLEX 40 - 0,75KW/1.0HP;FAST - POWER FLEX 40 - 0,75KW/1.0HP;FASTDRIVE;0;;ROCKELL;;;;;0;0;
FC280;FC280P4KOT4E20H2BXCXXXSXXXXAN;N/A;1;0;DANFOSS;;;#N/D;;1;0;
BOX R7;3AXD50000022320A;ARMARIO 02;1;CERTO;ABB;;VENTILADOR;#N/D;;1;0;
FDCO01;3AUA0000107392D0480108WS;C 05;3;0;ABB;;;#N/D;;3;0;
FDNA01;FDNA01;N/A;0;0;ABB;;;#N/D;;0;0;
FED10.2L CZ;FED10.2L CZ;N/A;3;0;ABB;;;#N/D;;3;0;
FED5,2L;1SNA291061R2400;N/A;41;0;ABB;;;#N/D;;41;0;
FED8.2L CZ;FED8.2L CZ;N/A;4;0;ABB;;;#N/D;;4;0;
FED8SF.2L CZ;FED8SF.2L CZ;N/A;3;0;ABB;;PLACA;#N/D;;3;0;
FEIP-21;3AXD50000192786B9340084CO;D 03;15;CERTO;ABB;;;#N/D;;23;8;
FEM12GRIS;1SNA118618R0100;N/A;26;0;ABB;;;#N/D;;26;0;
FEM16CZ;FEM16CZ;N/A;8;0;ABB;;PLACA;#N/D;;8;0;
FEM6GRIS;1SNA118368R1600;N/A;149;0;ABB;;;#N/D;;149;0;
FEM8D2S;1SNA116913R0700;N/A;52;0;ABB;;;#N/D;;52;0;
FEM8S;1SNA116951R1500;N/A;26;0;ETE;;;#N/D;;26;0;
FEN-31;68978955;D 03;0;0;ABB;;;;;1;1;
FENA-11;FENA-11;D 03;0;0;ABB;;;#N/D;;0;0;
FENA-21;3AUA0000089109R3121324CO;D 03;1;CERTO;ABB;;;#N/D;;16;15;
FH202AC-25/0,03;2CSF202066R1250;L 02;53;CERTO;ABB;;;#N/D;;173;120;
FH202AC-40/0,03;2CSF202066R1400;L 02;-1;CERTO;ABB;;BASE;X;;55;56;
FH202AC-63/0,03;2CSF202066R1630;L 02;23;0;ABB;;BLOCO DE CONTATO verde;X;;26;3;
FH204AC-25/0,03;2CSF204066R3250;L 03;17;0;ABB;;;#N/D;;34;17;
FH204AC-40/0,03;2CSF204066R3400;L 03;38;CERTO;ABB;;2 CAIXA ABERTA ;#N/D;;80;42;
FH204AC-63/0,03;2CSF204066R3630;L 03;10;0;ABB;;1 USADO NO PAINEL ;#N/D;;30;20;
FLAT CABLE KIT;68870089;ARMARIO 01;2;0;ABB;;;#N/D;;2;0;
FMBA-01;FMBA-01;C 05;0;0;ABB;;;#N/D;;0;0;
FOCH0260-70;68490308;N/A;1;0;ABB;;;#N/D;;1;0;
FPBA-01;68469325V3212981CO;D 03;13;CERTO;ABB;;;#N/D;;24;11;
FPNO-21;3AXD50000192779E0400147CO;D 03;2;0;ABB;;;#N/D;;9;7;
FR10GG40V32;FR10GG40V32;N/A;17;0;MERSEN/ABB;;400V~ X32A;#N/D;;17;0;
FR22GG50V125;FR22GG50V125;N/A;3;0;MERSEN/ABB;;500V~X 125A;#N/D;;3;0;
FRADP;1AKGOO;N/A;1;CERTO;MITSUBISHI;;;#N/D;;1;0;
FRD720S042NA;FRD720S042NA;N/A;4;CERTO;MITSUBISHI;;;#N/D;;4;0;
FRD720S070NA;FRD720S070NA;N/A;7;CERTO;MITSUBISHI;;;#N/D;;7;0;
FRD740036NA;1AVFO3;N/A;0;CERTO;MITSUBISHI;;;#N/D;;0;0;
FRLU08;1AY051;N/A;0;CERTO;MITSUBISHI;;;#N/D;;0;0;
FRPU07;1AKJO1;N/A;1;CERTO;MITSUBISHI;;;#N/D;;1;0;
FS450R17KE3/AGDR-71CS;68569591;ARMARIO 01;1;CERTO;ABB;;CX/ABERTA;#N/D;;3;2;
FTP1495;FTP1495;N/A;3;0;DCA;;550A X 500V;#N/D;;3;0;
FTP1495UR;FTP1495UR;N/A;3;0;DCA;;450A X 500V;#N/D;;3;0;
FWH150B;FWH150B;N/A;2;0;BUSMANN;;150A X 500V;#N/D;;2;0;
FWH35B;FWH35B;N/A;7;0;BUSMANN;;35AX500V;#N/D;;7;0;
GE473;GE473;F 39;1;0;ALLEN BRADLEY;;;#N/D;;1;0;
GOI - ACS580-01-039A-4;GOI - ACS580-01-039A-4;MD GOIANIA;1;0;ABB;Inversor de frequência;;;;1;0;
GOI - ACS580-01-046A-4;GOI - ACS580-01-046A-4;MD GOIANIA;1;0;ABB;Inversor de frequência;;;;1;0;
GOI - ACS580-01-062A-4;GOI - ACS580-01-062A-4;MD GOIANIA;1;0;ABB;Inversor de frequência;;;;1;0;
GOI - ACS580-01-106A-4;GOI - ACS580-01-106A-4;MD GOIANIA;1;0;ABB;Inversor de frequência;;;;1;0;
GOI - ACS580-01-145A-4;GOI - ACS580-01-145A-4;MD GOIANIA;1;0;ABB;Inversor de frequência;;;;1;0;
GOI - ACS580-01-363A-4;GOI - ACS580-01-363A-4;MD GOIANIA;1;0;ABB;Inversor de frequência;;;;1;0;
GXP-120;3AUA0000086344;ARMARIO 01;0;;ABB;;                                        RESISTOR;;;0;0;
HANDLE DIST. ADJ. S7 F;1SDA014213R1;N/A;0;0;ABB;;;#N/D;;0;0;
HB602-150X5A;N003630150H1;N/A;0;0;ABB;;;#N/D;;0;0;
HB602-60/1A;N003620060H1;D 05;1;0;ABB;;;#N/D;;1;0;
HE693THM884N45;HE693THM884N45;N/A;1;0;HORNER;;;#N/D;;1;0;
HJN100 - L1-4-4CV;HJN100 - L1-4-4CV;N/A;0;0;MARATHON;;;#N/D;;0;0;
HJN100L2-4-5CV-60HZBE;1005929-BR;N/A;1;0;MARATHON;MOTOR;;#N/D;;1;0;
HJN80M1-4-1CV60HZB3;1005896-BR;N/A;1;0;MARATHON;;;#N/D;;1;0;
HJN90L4-3CV-2,2KW-4T-60HZ ;1006785-BR;N/A;1;0;MARATHON;;;#N/D;;1;0;
HJN90S4-2CV-60HZ-B3;1005926-BR;N/A;1;0;MARATHON;MOTOR;;#N/D;;1;0;
HK-11;1SAM101901R0001;C 19;67;0;ABB;Proteção para motores;;#N/D;;67;0;
HK1-11;1SAM201902R1001;C 19;8;CERTO;ABB;Proteção para motores;VERDE;X;;29;21;
HK1-20;1SAM201902R1002;C 19;0;0;ABB;Proteção para motores;;#N/D;;0;0;
HK4;1SAM401901R1002;C 19;0;0;ABB;Proteção para motores;;#N/D;;0;0;
HK411;1SAM401901R1001;C 19;0;0;ABB;Proteção para motores;;#N/D;;0;0;
HKF11;1SAM101928R0001;C 19;0;0;ABB;Proteção para motores;;#N/D;;0;0;
HKF1-11;1SAM201901R1001;C 19;31;CERTO;ABB;Proteção para motores;;X;;82;51;
HKF1-20;1SAM201901R1002;C 19;9;0;ABB;Proteção para motores;;#N/D;;9;0;
HKS402;1SAM401902R1003;C 19;26;0;ABB;Proteção para motores;;#N/D;;26;0;
HKS411;1SAM401902R1001;C 19;9;0;ABB;Proteção para motores;;#N/D;;29;20;
HKS420;1SAM401902R1002;C 19;40;0;ABB;Proteção para motores;;#N/D;;40;0;
HMI030;1SDA063143R1;PAINEL;1;0;ABB;;F\CX - incompleto;#N/D;;1;0;
HTC 3P-A1;1SDA066190R1;N/A;3;0;ABB;;;X;;3;0;
HTC 3P-A2;1SDA066186R1;N/A;3;0;ABB;;;X;;3;0;
HTC 3P-XT1;1SDA066664R1;H 03;0;0;ABB;;;;;0;0;
HTC 3P-XT2;1SDA066666R1;H 03;0;0;ABB;;CX/ABERTA;#N/D;;0;0;
IC693MDL240G;IC693MDL240G;ARMARIO 01;10;CERTO;ABB;;;#N/D;;10;0;
IC694ALG221A;IC694ALG221A;ARMARIO 01;1;CERTO;ABB;;;#N/D;;1;0;
IDLC120VAC;N0019742164C;N/A;2;0;ABB;;;#N/D;;2;0;
IDLC199,9VDC;IDLC199,9VDC;N/A;1;0;ABB;;;#N/D;;1;0;
IDLC20mADC;N0019712071C;N/A;1;0;ABB;;;#N/D;;1;0;
IDLC5AAC;N00197221011;N/A;1;0;ABB;;;#N/D;;1;0;
IDLC600VAC;N00197421711;N/A;1;0;ABB;;;#N/D;;1;0;
IDM144-5A;N003912422341;N/A;0;0;ABB;;;#N/D;;0;0;
IDM96-5A-COM RS 485;N004072424321;D 38;3;0;ABB;;COM RS485;#N/D;;4;1;
IDM96-5A-SEM RS 485;N004072424311;D 38;7;0;ABB;;SEM RS485;#N/D;;7;0;
IDM-G5;N004082424311;D 38;1;0;ABB;;SEM RS485;#N/D;;1;0;
IDT20mAAC;N001713221C;N/A;1;0;ABB;;;#N/D;;1;0;
IDT600VAC;N0017433211;N/A;1;0;ABB;;;#N/D;;1;0;
IGBT - FS450R12KE3/AGDR-71CS;68569354;N/A;1;0;ABB;;;#N/D;;3;2;
IGBT KIT;68569303;ARMARIO 01;0;CERTO;ABB;;;#N/D;;0;0;
IGBT KIT - FS300R17KE3/AGDR-76CS;68569362;ARMARIO 01;1;0;ABB;;;#N/D;;1;0;
INCA1;2TLA030054R0100;N/A;1;CERTO;ABB;;;X;;3;2;
INDICADOR DIGITAL;INDICADOR DIGITAL;N/A;6;CERTO;ABB;;INDICAÇÃO 1200A;#N/D;;6;0;
INDICADOR DIGITAL;N0017433211C;N/A;6;CERTO;ABB;;INDICAÇÃO 600VA;#N/D;;6;0;
INDICADOR DIGITAL;N0019721101C;N/A;6;CERTO;ABB;;INDICAÇAO 1500AAC;#N/D;;6;0;
INDICADOR DIGITAL;N0019722101C;N/A;6;CERTO;ABB;;INDICAÇÃO300AAC;#N/D;;6;0;
ISOMAXS2X100R10;1SDA050312R1;N/A;1;0;ABB;;OBSOLETO;#N/D;;1;0;
ISOMAXS2X80R20;1SDA050243R1;N/A;1;0;ABB;;OBSOLETO;#N/D;;1;0;
ISOMAXS2X80R32;1SDA050245R1;N/A;1;0;ABB;;OBSOLETO;#N/D;;1;0;
ISOMAXS2X80R80;1SDA050249R1;N/A;3;0;ABB;;OBSOLETO;#N/D;;3;0;
JB10-10;1SNK910310R0000;N/A;1;0;ETE;;;#N/D;;1;0;
JB5-10;1SNK905310R0000;N/A;7;0;ETE;;;#N/D;;7;0;
JB5-2;1SNK905302R0000;N/A;0;CERTO;ETE;;MODIFICADO;#N/D;;0;0;
JB5-3; 1SNK905303R0000;N/A;27;0;ETE;;;#N/D;;27;0;
JB5-50;1SNK905350R0000;N/A;9;0;ETE;;;#N/D;;9;0;
JB6-10;1SNK906310R0000;N/A;0;0;ETE;;;#N/D;;0;0;
JB8-3;1SNK908303R0000;N/A;13;0;ETE;;;#N/D;;13;0;
JCU-11C;USADO;N/A;1;0;ABB;;CONTROLE ACS850;#N/D;;1;0;
JSBR4;2TLA010002R0000;N/A;0;0;ABB;;24VDC;#N/D;;0;0;
JZX-18FF;JZX-18FF;N/A;2;0;N;;;#N/D;;2;0;
K2SS310R;1SFA616202R1001;N/A;2;0;ABB;;;#N/D;;2;0;
K6-22Z-01;GJH1211001R0221;N/A;20;0;ABB;;24V;#N/D;;20;0;
K6-22Z-80;GJH1211001R8220;N/A;2;0;ABB;;220V;#N/D;;2;0;
K6-22Z-84;GJH1211001R8224;N/A;6;0;ABB;;110-127V;#N/D;;6;0;
K6-31Z-01;K6-31Z-01;N/A;0;0;ABB;;24V;#N/D;;0;0;
K6-31Z-80;GJH1211001R8310;C 28;0;0;ABB;;220V;#N/D;;12;12;
K6-31Z-84;GJH1211001R8314;N/A;1;0;ABB;;110-127V;#N/D;;4;3;
K6-40E-01;GJH1211001R0401;N/A;3;0;ABB;;24V;#N/D;;3;0;
K6-40E-80;GJH1211001R8400;N/A;2;CERTO;ABB;;220V ;#N/D;;2;0;
K6-40E-84;GJH1211001R8404;N/A;4;CERTO;ABB;;110-127V;#N/D;;4;0;
K6M2;1SDA014032R1;N/A;13;0;ABB;;;#N/D;;13;0;
KA1-8004;1SFA616920R8004;caixa;8;0;ABB;;;#N/D;;10;2;
KA1-8052;1SFA611920R8052;E 16;46;CERTO;ABB;;MA18052;#N/D;;46;0;
KA22021;1SFA616921R2021;N/A;9;0;ABB;;24VCA;#N/D;;9;0;
KA2AS2;1SDA066150R1;G 15;1;0;ABB;;;#N/D;;1;0;
KA2LD;1SDA066172R1;H 03;0;0;ABB;;;#N/D;;0;0;
KA3FLD;1SDA066179R1;H 01;0;0;ABB;;;#N/D;;3;3;
KA41023;1SFA616924R1023;N/A;6;0;ABB;;24V - YELLOW;#N/D;;6;0;
KB701201;1SFA616071R1201;N/A;1;0;ABB;;;#N/D;;1;0;
KC6-22Z;KC6-22Z;C 32;8;0;ABB;;VDC 12;#N/D;;8;0;
KC6-22Z;KC6-22Z;C 32;8;0;ABB;;VDC 110-125;#N/D;;8;0;
KC6-22Z-01;GJH1213001R0221;C 32;1;0;ABB;;24V;#N/D;;1;0;
KC6-22Z-04;GJH1213001R0224;C 32;10;0;ABB;;VDC 110-125;#N/D;;10;0;
KC6-22Z-05;GJH1213001R0225;C 32;42;0;ABB;;VDC 220;#N/D;;42;0;
KC6-31Z-01;KC6-31Z-01;C 32;7;0;ABB;;24VDC;#N/D;;8;1;
KC6-40E-04;GJH1213001R0404;C 32;2;0;ABB;;VDC 110-125;#N/D;;2;0;
KEY LOK E2.2 ...E6.2;1SDA073791R1;N/A;1;0;ABB;;;#N/D;;1;0;
KIT 6;3AXD500002665640;ARMARIO 01;1;CERTO;ABB;;;#N/D;;1;0;
KIT EF XT6;1SDA107473R1;H 23;2;0;ABB;;;#N/D;;2;0;
KIT FRONT E1-E2;1SDA058318R1;G 05;2;CERTO;ABB;;;#N/D;;12;10;
KIT FRONT E1-E2 3P;1SDA047828R1;G 09;0;CERTO;ABB;;;#N/D;;7;7;
KIT RT5;1SDA055044R1;N/A;17;0;ABB;;;#N/D;;17;0;
KL70401C;1SFA616070R4018;N/A;1;0;ABB;;;#N/D;;1;0;
KL70401L;1SFA616070R4014;N/A;1;0;ABB;;;#N/D;;1;0;
KP110L;1SFA616100R1004;N/A;0;0;ABB;;;#N/D;;0;0;
KP1-11C;1SFA616100R1108;N/A;1;0;ABB;;;#N/D;;1;0;
KP1-11G;1SFA616100R1102;N/A;6;0;ABB;;;#N/D;;6;0;
KPD111B;1SFA616130R1106;N/A;0;0;ABB;;;#N/D;;0;0;
KPR3100R;1SFA616162R1001;N/A;0;0;ABB;;;#N/D;;0;0;
KS4-8\LN;1SNA173888R2000;N/A;9;0;ABB;;;#N/D;;9;0;
KT5AS;1SDA054910R1;H 20;1;0;ABB;;;#N/D;;1;0;
KT5HTC3;1SDA054960R1;N/A;0;CERTO;ABB;;;#N/D;;0;0;
KT5RH;1SDA054926R1;N/A;0;0;ABB;;;#N/D;;0;0;
KT5S4;1SDA054872R1;N/A;0;0;ABB;;;#N/D;;0;0;
KT5U2;1SDA054891R1;N/A;0;0;ABB;;;#N/D;;0;0;
KT7MXLD0;1SDA069656R1;N/A;0;0;ABB;;;#N/D;;0;0;
KT7XMLPF;1SDA062129R1;N/A;1;0;ABB;;;#N/D;;1;0;
KU9169;S2BM5-S2UA220-240;L 13;6;CERTO;ABB;;;#N/D;;6;0;
l;ACS5501N09A82;C 02;0;0;ABB;;;#N/D;;0;0;
L20DR2GP;L20DR2GP;N/A;1;0;ABB;;;#N/D;;1;0;
LDSYN101;3BHE005555R0101;N/A;1;0;ABB;;;#N/D;;1;0;
LF505-S/SP13;LF505-S/SP13;ARMARIO 01;0;CERTO;ABB;;;#N/D;;0;0;
LH;1SNK900605R0000;N/A;203;0;ETE;;lh-;#N/D;;203;0;
LNA100-112A;LNA100-112A;N/A;1;0;ABB;;;#N/D;;1;0;
LNA100-800A;LNA100-800A;N/A;1;0;ABB;;;#N/D;;1;0;
CONJUNTO NR10 G;MORETTO;ARMARIO 02;6;0;ABB;;;;;6;0;
CONJUNTO NR10 M;MORETTO;ARMARIO 02;4;0;ABB;;;;;4;0;
LS31P10B11;1SBV010110R1211;N/A;0;0;ABB;Chaves fim de curso;ABB;#N/D;;0;0;
LS31P31B11;1SBV010131R1211;N/A;2;0;ABB;Chaves fim de curso;;#N/D;;2;0;
LS31P41B11;1SBV010141R1211;N/A;1;0;ABB;Chaves fim de curso;;#N/D;;1;0;
LS31P71B11;1SBV010171R1211;N/A;18;0;ABB;Chaves fim de curso;;#N/D;;18;0;
LS31P999053;LS31P999053;N/A;78;0;ABB;;;#N/D;;78;0;
LS32P11B11;1SBV010311R1211;D 15;1;CERTO;ABB;Chaves fim de curso;22/set;#N/D;;5;4;
LS32P13B11;1SBV010313R1211;D 15;0;CERTO;ABB;Chaves fim de curso;;#N/D;;46;46;
LS32P31B11;1SBV010331R1211;D 15;0;0;ABB;Chaves fim de curso;;#N/D;;0;0;
LS70M41B11;LS70M41B11;N/A;1;0;ABB;;;#N/D;;1;0;
LSK1CBPH1F8;LSK1CBPH1F8;F;0;0;ALLEN BRADLEY;;;#N/D;;0;0;
LT185-AL;1SFN124703R1000;N/A;29;0;ABB;Contatores;;#N/D;;29;0;
LTC 3P-A1;1SDA066181R1;H 02;2;0;ABB;;;#N/D;;2;0;
LTC 3P-A2;1SDA066183R1;H 02;0;0;ABB;;;#N/D;;0;0;
LTC 3P-XT3;1SDA066660R1;G 02;0;0;ABB;;;#N/D;;0;0;
LTC 3P-XT4;1SDA066662R1;G 02;3;0;ABB;;;#N/D;;3;0;
LVS 71  4-1\2CV;LVS 71  4-1\2CV;N/A;0;0;MARATHON;;;#N/D;;0;0;
LWR01517;LWR01517;F 51;2;0;ALLEN BRADLEY;;;#N/D;;2;0;
M\12;M\12;N/A;1;0;ABB;;;#N/D;;1;0;
M\8S;M\8S;N/A;30;0;ETE;;;#N/D;;30;0;
M10/10;1SNA115120R1700;N/A;32;0;ABB;;;#N/D;;32;0;
M10/10P;1SNA165115R1000;N/A;4;0;ABB;;;#N/D;;4;0;
M1011-T13;2CSM220685R0721;K 07;17;CERTO;ABB;;;X;;30;13;
M125420000;M125420000;N/A;3;0;ABB;;PORTA  MORSETTO;#N/D;;3;0;
M12C312;2TLA020056R2100;N/A;1;CERTO;ABB;;;X;;1;0;
M150ECO;M150ECO;N/A;1;0;IPEC;;;#N/D;;1;0;
M16/12;1SNA115129R1400;N/A;29;0;ABB;;;#N/D;;29;0;
M1M20;2TAZ662010R2000;C 06;0;0;ABB;;;#N/D;;0;0;
M2\3AA080;M2\3AA080;N/A;2;0;ABB;;MAIS UMA MEDIA;#N/D;;2;0;
M21311P1-A;2TMA070010A0016;N/A;0;CERTO;ABB;;;X;;0;0;
M2AA132;M2AA132;N/A;2;0;ABB;;;#N/D;;2;0;
M2AAM3AA100;M2AAM3AA100;N/A;1;0;ABB;;;#N/D;;1;0;
M2AAM3AA90;M2AAM3AA90;N/A;2;0;ABB;MOTOR;;#N/D;;2;0;
M2E068-BF 230V-60HZ75W;W2E200-HK38-01;PRATILEIRA/SAIDA;5;0;EBMPSPST;;;#N/D;;5;0;
M2SS1-10B;1SFA611200R1006;E 14;16;0;ABB;;;#N/D;;28;12;
M2SS1-21G;1SFA611200R2102;caixa;1;0;ABB;;;#N/D;;1;0;
M2SS2-10B;1SFA611201R1006;E 14;25;0;ABB;;;#N/D;;30;5;
M2SS3-10R;1SFA611202R1001;E 14;1;0;ABB;;;#N/D;;1;0;
M2SS3-11L;1SFA611202R1104;E 14;9;0;ABB;;;#N/D;;9;0;
M2SS4-10B;1SFA611203R1006;E 14;0;0;ABB;;;#N/D;;0;0;
M2SS4-11R;1SFA611203R1101;E 14;3;0;ABB;;;#N/D;;3;0;
M2SS4-11Y;1SFA611203R1103;E 14;6;0;ABB;;;#N/D;;6;0;
M2SS4-20B;1SFA611203R2006;E 14;1;0;ABB;;;#N/D;;1;0;
M2SS5-10B;M2SS5-10B;E 14;0;0;ABB;;;#N/D;;0;0;
M2SS5-11G;1SFA611204R1102;E 14;2;0;ABB;;;#N/D;;2;0;
M2SS5-21C;1SFA611204R2108;E 14;0;0;ABB;;;#N/D;;0;0;
M2SS6-10B;1SFA611205R1006;caixa;1;0;ABB;;;#N/D;;1;0;
M2SSK1-101;1SFA611280R1001;E 14;2;0;ABB;;;#N/D;;3;1;
M2SSK2-104;1SFA611281R1004;E 14;3;0;ABB;;;#N/D;;3;0;
M2SSK3-101;1SFA611282R1001;E 14;1;0;ABB;;;#N/D;;1;0;
M2VA63B4;3GVA062142CSC;N/A;1;0;ABB;MOTOR;;#N/D;;1;0;
M3AA63B4;3GAA062312ARC;A 08;2;0;ABB;MOTOR;;#N/D;;2;0;
M3AA80D4;;A 08;4;0;ABB;MOTOR;;#N/D;;4;0;
M3BP200MLA;3GBP202410-ADG;N/A;1;0;ABB;MOTOR;IE2, 30 kW, 400 V;#N/D;;1;0;
M3SS1-10B;1SFA611210R1006;E 15/E 18;7;0;ABB;;;#N/D;;38;31;
M3SS1-10R;1SFA611210R1001;E 15;1;0;ABB;;;#N/D;;1;0;
M3SS1-11C;1SFA611210R1108;E 15;1;0;ABB;;;#N/D;;1;0;
M3SS1-21G;1SFA611210R2102;E 15;0;0;ABB;;;#N/D;;0;0;
M3SS1-21R;1SFA611210R2101;E 15;9;0;ABB;;;#N/D;;9;0;
M3SS2-10B;M3SS2-10B;E 15;28;0;ABB;;;#N/D;;66;38;
M3SS2-20R;1SFA611211R2001;E 15;14;0;ABB;;;#N/D;;14;0;
M3SS2-40B-20;1SFA611211R4026;E 15;3;0;ABB;;;#N/D;;3;0;
M3SS4-10B;1SFA611213R1006;E 15;0;0;ABB;;;#N/D;;0;0;
M3SS4-11G;1SFA611213R1102;caixa;1;0;ABB;;;#N/D;;5;4;
M3SS4-11R;1SFA611213R1101;E 15;6;0;ABB;;;#N/D;;6;0;
M3SS4-11Y;1SFA611213R1103;E 15;6;0;ABB;;;#N/D;;6;0;
M3SS5-20B;1SFA611214R2006;E 15;0;0;ABB;;;#N/D;;0;0;
M3SSK1-101;1SFA611283R1001;E 15;8;0;ABB;;;#N/D;;8;0;
M3SSK3-101;1SFA611285R1001;E 15;1;0;ABB;;;#N/D;;1;0;
M4/6;1SNA115116R0700;N/A;23;0;ABB;;;#N/D;;23;0;
M4/6D2;1SNA115271R2200;N/A;10;0;ABB;;;#N/D;;10;0;
M4/6P;1SNA165113R1600;N/A;221;0;ABB;;;#N/D;;221;0;
M4/6SNB;1SNA105053R2200;N/A;40;0;ABB;;;#N/D;;40;0;
M4/6SNBT;1SNA115987R0100;N/A;70;0;ABB;;;#N/D;;70;0;
M4/8D2SFL;1SNA115646R2200;N/A;95;0;ABB;;;#N/D;;95;0;
M4/8SF;1SNA115657R2500;N/A;10;0;ABB;;;#N/D;;10;0;
M6/8;1SNA115118R1100;N/A;24;0;ABB;;;#N/D;;24;0;
M6/8.ST1.IP20;1SNA115971R1000;N/A;34;0;ABB;;;#N/D;;34;0;
M6/8P;1SNA165114R1700;N/A;37;0;ABB;;;#N/D;;37;0;
M6/8SNB;1SNA115688R2500;N/A;50;0;ABB;;;#N/D;;50;0;
M6/9-EE;M6/9-EE;N/A;40;0;ABB;;;#N/D;;40;0;
M70/22;1SNA115216R1300;N/A;4;0;ABB;;;#N/D;;4;0;
MA1-8015;1SFA611920R8015;E 16;0;0;ABB;;;#N/D;;0;0;
MA1-8126;1SFA611920R8126;N/A;20;0;ABB;;;#N/D;;20;0;
MA1-8129;1SFA611920R8129;caixa;132;0;ABB;;;#N/D;;140;8;
MA1-8130;1SFA611920R8130;N/A;0;;ABB;;;#N/D;;0;0;
MA2,5/5;1SNA115486R0300;N/A;68;0;ABB;;;#N/D;;68;0;
MA2,5/5N;1SNA125486R0500;N/A;10;0;ABB;;;#N/D;;10;0;
MA2.5/5P;1SNA165488R2700;N/A;7;0;ABB;;;#N/D;;7;0;
MACX-MR-PTC-PT;MACX-MR-PTC-PT;N/A;1;0;FENIX CONTACT ;;CAIXA ABERTA / USADO EM PAINEL ;;;1;0;
MB10/12.SF;1SNA111033R0300;N/A;25;0;ABB;;;#N/D;;25;0;
MCB-01;1SFA611610R1010;E 16;56;CERTO;ABB;;BLOCO DE CONTATO vermelho;#N/D;;151;95;
MCB-10;1SFA611610R1001;E 16;177;CERTO;ABB;;;X;;395;218;
MCBH-00;1SFA611605R1100;E 16;176;CERTO;ABB;;1PÇ SEM IHM;X;;360;184;
MCLH;1SNK900630R0000;E 03;41;CERTO;ETE;;;#N/D;;41;0;
ME96SSEAMB;21N823;N/A;0;CERTO;MITSUBISHI;;;#N/D;;0;0;
ME96SSEBMB;21N826;N/A;4;CERTO;MITSUBISHI;;;#N/D;;4;0;
MECH.TYPE -CONTADOR/E1/6-T8;1SDA038345R1;H 03;0;0;ABB;;;;;1;1;
MECH.TYPE -CONTADOR/VD4;1VCF339799S0300;H 03;1;CERTO;ABB;;;;;1;0;
MECHANICAL E1/6;1SDA038337R1;G 16;1;CERTO;ABB;;;#N/D;;1;0;
MEP2-0;1SFA611812R1000;N/A;0;0;ABB;;;#N/D;;0;0;
MEP3-0;1SFA611813R1000;N/A;0;0;ABB;;;#N/D;;0;0;
MGCPM13;1SNB041790R0512;N/A;0;0;ABB;;;#N/D;;0;0;
MID-PLATE;1SDA069238R1;H 22;1;CERTO;ABB;;;#N/D;;6;5;
MILIAMP-BM200A;2CNM512011S0000;ND;15;0;ABB;;BM 72X72 200A;#N/D;;15;0;
MIT - OT16;1SCA022366R1900;N/A;3;0;ABB;;MANÍPULO PARA INTERRUPTORES TIPO OT16 PRETO;#N/D;;3;0;
ML1-04G;ML1-04G;N/A;8;0;ABB;;;;;8;0;
ML1-100G;1SFA611400R1002;E 16;90;CERTO;ABB;;VERDE;#N/D;;101;11;
ML1-100L;1SFA611400R1004;E 16;30;0;ABB;;AZUL;#N/D;;30;0;
ML1-100R;1SFA611400R1001;E 16;42;CERTO;ABB;;VERMELHO;#N/D;;66;24;
ML1-100W;1SFA611400R1005;E 16;35;0;ABB;;BRANCO;#N/D;;37;2;
ML1-100Y;1SFA611400R1003;E 16;97;CERTO;ABB;;AMARELO;#N/D;;103;6;
MLB-1;1SFA611620R1001;E 16;18;0;ABB;;;#N/D;;18;0;
MLBL-01G;1SFA611621R1012;E 16;8;CERTO;ABB;;;#N/D;;11;3;
MLBL-01L;MLBL-01L;E 16;32;0;ABB;;;#N/D;;34;2;
MLBL-01R;1SFA611621R1011;E 16;5;CERTO;ABB;;;#N/D;;12;7;
MLBL-01W;1SFA611621R1015;E 16;11;CERTO;ABB;;;#N/D;;13;2;
MLBL-01Y;1SFA611621R1013;E 16;28;CERTO;ABB;;;#N/D;;30;2;
MLBL-04G;1SFA611621R1042;E 16;0;0;ABB;;;#N/D;;0;0;
MLBL-04L;MLBL-04L;E 16;0;0;ABB;;;#N/D;;1;1;
MLBL-04R;1SFA611621R1041;E 16;37;0;ABB;;;#N/D;;37;0;
MLBL-04W;MLBL-04W;N/A;30;0;ABB;;;#N/D;;30;0;
MLBL-04Y;1SFA611621R1043;E 16;19;0;ABB;;;#N/D;;19;0;
MLBL-07G;1SFA611621R1072;E 16;3;0;ABB;;;#N/D;;11;8;
MLBL-07L;MLBL-07L;E 16;0;0;ABB;;;#N/D;;0;0;
MLBL-07R;1SFA611621R1071;E 16;-11;0;ABB;;;#N/D;;28;39;
MLBL-07W;MLBL-07W;E 16;25;0;ABB;;;#N/D;;33;8;
MLBL-07Y;1SFA611621R1073;E 16;6;0;ABB;;;#N/D;;10;4;
MMPT32-;1GM011;N/A;0;CERTO;MITSUBISHI;;;#N/D;;0;0;
MMPT32-1.0A;1GM005;N/A;1;CERTO;MITSUBISHI;;;#N/D;;1;0;
MMPT32-18A;1GM013;N/A;1;CERTO;MITSUBISHI;;;#N/D;;1;0;
MMPT32-2.5A;1GM007;N/A;1;CERTO;MITSUBISHI;;;#N/D;;1;0;
MMPT32-32A;1GM015;N/A;1;CERTO;MITSUBISHI;;;#N/D;;1;0;
MMPT32-6.3A;1GM009;N/A;1;CERTO;MITSUBISHI;;;#N/D;;1;0;
MO3254.0;1SAM160000R1008;D 29;1;0;ABB;Proteção para motores;;#N/D;;1;0;
D1751S48B9CP-54;3AUA0000094209;ARMARIO 02;2;CERTO;ABB;;VENTILADOR;#N/D;;3;1;
MODULO E2.2;1SDA074186R1;N/A;1;0;ABB;;MODULO DE MEDIÇAO GRAY;#N/D;;1;0;
MOE T6 220;1SDA060398R1;N/A;0;0;ABB;;;#N/D;;0;0;
Mont Bob Bloqueio;1VCR016229G0005P;G 17;0;0;ABB;;110 - 132VDC-AC;#N/D;;2;2;
Mont Bob Bloqueio;1VCR016229G0006P;G 17;0;0;ABB;;220 - 250VDC-AC sem parafuso;#N/D;;2;2;
Motor 110 - 130 VDC;49537;G 17;0;0;ABB;Acessório motorizado para disjuntor/seccionadora;;#N/D;;0;0;
MOTOR 110…130V CA/CC;1SDA038323R1;G 18;4;0;ABB;Acessório motorizado para disjuntor/seccionadora;;#N/D;;4;0;
Motor 210 - 230 V CC/CA;Motor 210 - 230 V CC/CA;G 17;1;0;ABB;Acessório motorizado para disjuntor/seccionadora;;#N/D;;1;0;
Motor 220 - 250 VAC;49538;G 17;3;0;ABB;Acessório motorizado para disjuntor/seccionadora;;#N/D;;3;0;
Motor 220 - 250 VDC;49552;G 17;4;0;ABB;Acessório motorizado para disjuntor/seccionadora;;#N/D;;5;1;
MOTOR 220…250V CA/CC;1SDA038324R1;G 18;1;0;ABB;Acessório motorizado para disjuntor/seccionadora;;#N/D;;5;4;
MOTOR 24…30V CA/CC;1SDA038321R1;G 18;2;0;ABB;Acessório motorizado para disjuntor/seccionadora;;#N/D;;2;0;
MOTOR T4-T5 110V;1SDA054896R1;H 17;1;0;ABB;Acessório motorizado para disjuntor/seccionadora;;#N/D;;1;0;
MOTOR T4-T5 220V;1SDA054902R1;H 17;0;0;ABB;Acessório motorizado para disjuntor/seccionadora;;#N/D;;2;2;
MOTOR T4-T5 24VCC;1SDA054894R1;H 17;3;0;ABB;Acessório motorizado para disjuntor/seccionadora;;;;3;0;
MOTOR T6;1SDA060395R1;G 17;2;0;ABB;Acessório motorizado para disjuntor/seccionadora;;#N/D;;2;0;
MOTOREDUTOR E1.2; ;H 17;1;CERTO;ABB;Acessório motorizado para disjuntor/seccionadora;110V;#N/D;;1;0;
MOTORT4-T5;1SDA054897R1;H 17;2;0;ABB;Acessório motorizado para disjuntor/seccionadora;220V AC-DC;#N/D;;4;2;
MOTORT7M-X1;1SDA062113R1;H 17;1;CERTO;ABB;Acessório motorizado para disjuntor/seccionadora;;#N/D;;2;1;
MP1-10B;1SFA611100R1006;E 14;4;0;ABB;;;#N/D;;5;1;
MP1-10G;1SFA611100R1002;E 14;0;0;ABB;;;#N/D;;14;14;
MP1-10L;MP1-10L;E 14;28;0;ABB;;ANTIGO KP1-10L  TEM 10PÇ;#N/D;;34;6;
MP1-10R;1SFA611100R1001;E 14;0;0;ABB;;F 22 = 23 PÇ;#N/D;;4;4;
MP1-10W;1SFA611100R1005;E 14;0;0;ABB;;;#N/D;;0;0;
MP1-10Y;1SFA611100R1003;E 14;2;0;ABB;;;#N/D;;2;0;
MP1-11G;1SFA611100R1102;E 14;8;0;ABB;;;#N/D;;8;0;
MP1-11L;1SFA611100R1104;E 14;17;0;ABB;;;#N/D;;20;3;
MP1-11R;1SFA11100R1101;E 14;0;0;ABB;;;#N/D;;0;0;
MP1-11Y;1SFA611100R1103;E 14;16;0;ABB;;;#N/D;;16;0;
MP1-42L-10;1SFA611100R4214;N/A;0;0;ABB;;;#N/D;;0;0;
MP211L;1SFA611101R1104;N/A;3;0;ABB;;;#N/D;;3;0;
MP3-21G;1SFA611102R2102;N/A;0;;ABB;;;#N/D;;0;0;
MP3-21L;1SFA611102R2104;caixa;1;0;ABB;;;#N/D;;1;0;
MP3-31L;1SFA611102R3104;caixa;1;0;ABB;;;#N/D;;1;0;
MPD1-11B;1SFA611130R1106;E 17;0;0;ABB;;;#N/D;;0;0;
MPD1-11G;1SFA611130R1102;E 17;3;0;ABB;;;#N/D;;3;0;
MPD1-11R;1SFA611130R1101;E 17;6;0;ABB;;;#N/D;;16;10;
MPD1-11Y;1SFA611130R1103;E 17;10;0;ABB;;;;;11;1;
MPD1-21B-11;1SFA611130R2176;N/A;0;0;ABB;;F24 = 23PÇ;#N/D;;0;0;
MPD1-22G-11;1SFA611130R2272;N/A;0;0;ABB;;;#N/D;;0;0;
MPET3-10R;1SFA611520R1001;E 04;39;CERTO;ABB;;;#N/D;;73;34;
MPET3-20R-11;1SFA611520R2011;N/A;0;0;ABB;;;#N/D;;0;0;
MPET4-10R;1SFA611523R1001;E 17;6;0;ABB;;;#N/D;;10;4;
MPET4-20R11;1SFA611523R2002;N/A;0;0;ABB;;;#N/D;;0;0;
MPM111Y;1SFA611124R1103;N/A;45;0;ABB;;;#N/D;;45;0;
MPM1-31R;1SFA6111243101;N/A;0;;ABB;;;#N/D;;0;0;
MPM2-10R;1SFA611125R1001;caixa;0;;ABB;;;#N/D;;0;0;
MPMP3-10B;1SFA611511R1006;CAIXA;1;0;ABB;;;#N/D;;1;0;
MPMP3-11R;1SFA611511R1101;N/A;0;;ABB;;;#N/D;;0;0;
MPMT3-11R;1SFA611510R1101;caixa;11;0;ABB;;;#N/D;;11;0;
MPMT4-11R;1SFA611513R1101;caixa;7;0;ABB;;;#N/D;;7;0;
MPOT01;MPOT01;C 09;2;0;ABB;;POTENTIOMETER;#N/D;;2;0;
MR-J3BAT;1S1788;N/A;0;CERTO;MITSUBISHI;;;#N/D;;0;0;
MS116-0.16;1SAM250000R1001;C 08;0;0;ABB;Proteção para motores;;#N/D;;0;0;
MS116-0.25;1SAM250000R1002;C 08;0;0;ABB;Proteção para motores;;#N/D;;0;0;
MS116-0.4;1SAM250000R1003;C 08;3;CERTO;ABB;Proteção para motores;;X;;5;2;
MS116-0.63;1SAM250000R1004;C 08;0;0;ABB;Proteção para motores;;#N/D;;2;2;
MS116-1.0;1SAM250000R1005;C 08;3;0;ABB;Proteção para motores;;#N/D;;11;8;
MS116-1.6;1SAM250000R1006;C 08;1;CERTO;ABB;Proteção para motores;2PC - S/CAIXA;X;;10;9;
MS116-10;1SAM250000R1010;C 08;3;CERTO;ABB;Proteção para motores;;#N/D;;16;13;
MS116-12;1SAM250000R1012;C 08;7;CERTO;ABB;Proteção para motores;1PC -  S/CAIXA ;X;;10;3;
MS116-16;1SAM250000R1011;C 08;0;CERTO;ABB;Proteção para motores;1PC -  S/CAIXA ;#N/D;;11;11;
MS116-2.5;1SAM250000R1007;C 08;2;CERTO;ABB;Proteção para motores;1PC - S/CAIXA;X;;12;10;
MS116-20;1SAM250000R1013;C 08;3;CERTO;ABB;Proteção para motores;1PC - S/CAIXA;#N/D;;6;3;
MS116-25;1SAM250000R1014;C 08;0;0;ABB;Proteção para motores;;#N/D;;2;2;
MS116-32;1SAM250000R1015;C 08;3;0;ABB;Proteção para motores;;#N/D;;4;1;
MS116-4.0;1SAM250000R1008;C 08;3;CERTO;ABB;Proteção para motores;;X;;15;12;
MS116-6.3;1SAM250000R1009;C 08;2;CERTO;ABB;Proteção para motores;1PC - S/CAIXA;#N/D;;12;10;
MS132-0.4;1SAM350000R1003;C 07;0;0;ABB;Proteção para motores;;#N/D;;0;0;
MS132-1.0;1SAM350000R1005;C 07;0;0;ABB;Proteção para motores;;#N/D;;1;1;
MS132-1.6;1SAM350000R1006;C 07;2;0;ABB;Proteção para motores;1PC - S/CAIXA;#N/D;;11;9;
MS132-10;1SAM350000R1010;C 07;-1;0;ABB;Proteção para motores;;#N/D;;0;1;
MS132-12;1SAM350000R1012;C 07;3;CERTO;ABB;Proteção para motores;1PÇ SEM PLACA;X;;5;2;
MS132-16;1SAM350000R1011;C 07;0;0;ABB;Proteção para motores;;#N/D;;4;4;
MS132-2.5;1SAM350000R1007;C 07;2;CERTO;ABB;Proteção para motores;SEM CAIXA ;#N/D;;16;14;
MS132-20;1SAM350000R1013;C 07;1;0;ABB;Proteção para motores;;#N/D;;4;3;
MS132-25;1SAM350000R1014;C 07;1;0;ABB;Proteção para motores;;#N/D;;2;1;
MS132-32;1SAM350000R1015;C 07;1;CERTO;ABB;Proteção para motores;;X;;4;3;
MS132-4.0;1SAM350000R1008;C 07;5;CERTO;ABB;Proteção para motores;;#N/D;;12;7;
MS132-6.3;1SAM350000R1009;C 07;0;0;ABB;Proteção para motores;;#N/D;;18;18;
MS165-25;1SAM451000R1013;D 28;0;CERTO;ABB;Proteção para motores;;X;;0;0;
MS165-32;1SAM451000R1014;D 28;1;CERTO;ABB;Proteção para motores;;#N/D;;1;0;
MS165-42;1SAM451000R1015;D 28;4;0;ABB;Proteção para motores;;#N/D;;8;4;
MS165-54;1SAM451000R1016;D 28;0;CERTO;ABB;Proteção para motores;;#N/D;;3;3;
MS165-65;1SAM451000R1017;D 28;4;0;ABB;Proteção para motores;;#N/D;;4;0;
MS325-0.4;1SAM150000R1003;D 29;1;0;ABB;Proteção para motores;;#N/D;;1;0;
MS325-0.63;1SAM150000R1004;D 29;23;0;ABB;Proteção para motores;;#N/D;;23;0;
MS325-1.6;1SAM150000R1006;D 29;10;0;ABB;Proteção para motores;;#N/D;;10;0;
MS325-12.5;1SAM150000R1011;D 29;1;0;ABB;Proteção para motores;;#N/D;;1;0;
MS325-2.5;1SAM150000R1007;D 29;18;0;ABB;Proteção para motores;;#N/D;;18;0;
MS325-6.3;1SAM150000R1009;D 29;4;0;ABB;Proteção para motores;;#N/D;;4;0;
MS325-9.0;1SAM150000R1010;D 29;31;0;ABB;Proteção para motores;;#N/D;;31;0;
MS450-20;1SAM450000R1002;D 30;1;0;ABB;Proteção para motores;;#N/D;;1;0;
MS495-100A;1SAM550000R1010;D 30;0;0;ABB;Proteção para motores;;#N/D;;0;0;
MS495-50A;1SAM550000R1006;D 30;0;0;ABB;Proteção para motores;;#N/D;;0;0;
MS495-75A;1SAM550000R1008;D 30;0;0;ABB;Proteção para motores;;#N/D;;0;0;
MS495-90A;1SAM550000R1009;D 30;0;0;ABB;Proteção para motores;;#N/D;;0;0;
MS496-50A;1SAM570000R1006;D 30;1;0;ABB;Proteção para motores;;#N/D;;1;0;
MS497-16;1SAM580000R1001;D 30;4;0;ABB;Proteção para motores;;#N/D;;4;0;
MS497-25;1SAM580000R1003;D 30;6;0;ABB;Proteção para motores;;#N/D;;6;0;
MSAH1;1SAM201909R1021;N/A;34;CERTO;ABB;Proteção para motores;;#N/D;;44;10;
MSHAR;1SAM201920R1000;N/A;0;CERTO;ABB;Proteção para motores;;X;;1;1;
MSHDLB;1SAM201920R1001;C 17;19;CERTO;ABB;Proteção para motores;;#N/D;;33;14;
MSMN;1SAM101923R0002;D 16;32;CERTO;ABB;;;X;;44;12;
MSMNO;1SAM101923R0012;D 16;8;0;ABB;;;;;8;0;
MSW7101S;170H0069;N/A;1;0;ABB;;OBSOLETO;#N/D;;1;0;
MTAC01;MTAC01;N/A;0;0;ABB;;;#N/D;;0;0;
MTE08201W1AAAA0001;M3BP80MLG4K;A 08;1;0;ABB ;MOTOR;3GBP082470-ADK;#N/D;;1;0;
MTE0820W75AAAA0001 ;M3BP-IR3-001C-4P-K;A 01 ;7;0;ABB;MOTOR;;;;7;0;
MTE0820W75AADA0001;M3BP80MLD4K;A08;1;0;ABB;MOTOR;;;;1;0;
MTE09201W5AAAA0001;3GBP092325-ADB;A 08;6;0;ABB;MOTOR;IE2, 1,5 kW, 400 V (3GBP092325-ADB);#N/D;;10;4;
MTE09202W2AAAA0001;3GBP092520-ADL;A 08;7;0;ABB;MOTOR;IE3,1,5 kW, 400 V ;#N/D;;7;0;
MTE10203W7AAAA0001 ;M3BP-IR3-005C-4P-K;A 01 ;4;0;ABB;MOTOR;;;;4;0;
MTE11205W5AAAA0001;M3BP-IR3-07C5-4P-K;A 08;2;0;ABB;MOTOR;;;;2;0;
MTE13207W5AAAA0001 ;M3BP-IR3-010C-4P-K;A 01 ;2;0;ABB;MOTOR;;;;2;0;
MTE13211W0AAAA0001;;;1;0;ABB;MOTOR;;;;1;0;
MTE16215W0AAAA0001;3GBP162420-ADG;CORREDOR;1;0;ABB;MOTOR;4P - 15KW;;4P - 15KW;1;0;
MTE16218W5AAAA0001;;;1;0;ABB;MOTOR;;;;1;0;
MTE16311W0AAAA0001 ;M3BP-IR3-015C-6P-K ;A 01 ;1;0;ABB;MOTOR;;;;1;0;
MTE16315W0AAAA0001 ;M3BP-IR3-020C-6P-K;A 01 ;1;0;ABB;MOTOR;;;;1;0;
MTE18222W0AAAA0001;M3BP180MLB;N/A;0;;ABB;MOTOR;IE3, 22 kW, 400 V ;;;0;0;
MTE18222W0AAAA0001 ;M3BP-IR3-030C-4P-K ;A 01 ;1;0;ABB;MOTOR;;;;1;0;
MTE20230W0AAAA0001;3GBP202410-ADG;CORREDOR;2;0;ABB;MOTOR;;;;2;0;
MTE22422W0AAAA0001 ;M3BP-IR3-030C-8P-G;A 01 ;1;0;ABB;MOTOR;;;;1;0;
MTS0720W55AAAA0001;3GBP072450-ADL;A 08;2;0;ABB;MOTOR;IE3, 0,37 kW, 400 V ;#N/D;;2;0;
MTS18222W0AAAA0001;3GBP182420-ADL;CORREDOR;1;0;ABB;;;;;1;0;
MTS3-10B;1SFA611302R1006;CAIXA;1;0;ABB;;;#N/D;;1;0;
MVI56-MCM;MVI56-MCM;F 12;1;0;ALLEN BRADLEY;;1PÇ INCOMPLETO S/EMBALAGEM;#N/D;;1;0;
N0100BL;2CLA010000N1102;J;104;0;ABB;ORIGEN;Módulo cego;X;;242;138;
N0100NG;2CLA010000N1502;J;32;0;ABB;ORIGEN;;#N/D;;48;16;
N0101.2BL;2CLA010120N1102;J;28;0;ABB;ORIGEN;;X;;51;23;
N0101BL;2CLA010100N1102;J;472;0;ABB;ORIGEN;;X;;575;103;
N0101NG;2CLA010100N1502;J;13;CERTO;ABB;ORIGEN;;X;;30;17;
N0102BL;2CLA010200N1102;J;159;0;ABB;ORIGEN;INTERRUPTOR PARALELO ;#N/D;;261;102;
N0102NG;2CLA010200N1502;J;45;0;ABB;ORIGEN;;X;;52;7;
N0104.2NG;2CLA010420N1502;J;10;0;ABB;ORIGEN;;#N/D;;10;0;
N0104.7BL;2CLA010470N1102;J;13;0;ABB;ORIGEN;;X;;137;124;
N0104BL;2CLA010400N1102;J;19;0;ABB;ORIGEN;;X;;25;6;
N0104NG;2CLA010400N1502;J;26;0;ABB;ORIGEN;;X;;30;4;
N0107BL;2CLA010700N1102;J;164;0;ABB;ORIGEN;;X;;217;53;
N0107NG;2CLA010700N1502;J;33;0;ABB;ORIGEN;;X;;47;14;
N0110BL;2CLA011000N1102;J;137;0;ABB;ORIGEN;INTERRUPTOR INTERMEDIARIO;#N/D;;138;1;
N0110NG;2CLA011000N1502;J;9;0;ABB;ORIGEN;;#N/D;;9;0;
N0117BL;2CLA011700N1102;J;10;0;ABB;ORIGEN;;X;;10;0;
N0118.5BL;2CLA011850N1102;J;10;0;ABB;ORIGEN;RJ45 Cat5e;X;;10;0;
N0118.5NG;2CLA011850N1502;J;0;;ABB;ORIGEN;;#N/D;;0;0;
N0118.6BL;2CLA011860N1102;J;10;0;ABB;ORIGEN;;#N/D;;10;0;
N0118.6NG;2CLA011860N1502;J;10;0;ABB;ORIGEN;;#N/D;;10;0;
N0119.1BL;2CLA011910N1102;J;5;0;ABB;ORIGEN;;X;;5;0;
N0119.1NG;2CLA011910N1502;J;8;CERTO;ABB;ORIGEN;;#N/D;;8;0;
N0136.2BL;2CLA013620N1102;J;123;0;ABB;ORIGEN;;X;;244;121;
N0136.2NG;2CLA013620N1502;J;4;0;ABB;ORIGEN;;X;;40;36;
N0136.2RJ;2CLA013620N7002;J;56;CERTO;ABB;ORIGEN;;#N/D;;88;32;
N0136BL;2CLA013600N1102;J;65;0;ABB;ORIGEN;;X;;456;391;
N0136NG;2CLA013600N1502;J;32;0;ABB;ORIGEN;;X;;61;29;
N0136RJ;2CLA013600N7002;J;76;0;ABB;ORIGEN;;#N/D;;84;8;
N0150BL;2CLA015000N1102;J;14;0;ABB;ORIGEN;;X;;17;3;
N0154.1BL;2CLA015410N1102;J;10;0;ABB;ORIGEN;;#N/D;;10;0;
N0155.7BL;2CLA015570N1102;J;10;0;ABB;ORIGEN;;#N/D;;10;0;
N0160.7BL;2CLA016070N1102;J;9;0;ABB;ORIGEN;;#N/D;;11;2;
N0160.7NG;2CLA016070N1502;J;10;0;ABB;ORIGEN;;#N/D;;10;0;
N0185.3BL;2CLA018530N1102;J;13;0;ABB;ORIGEN;;#N/D;;17;4;
N0185.3NG;2CLA018530N1502;J;20;0;ABB;ORIGEN;;X;;20;0;
N0185BL;2CLA018500N1102;J;45;0;ABB;ORIGEN;;X;;57;12;
N0185NG;2CLA018500N1502;J;10;0;ABB;ORIGEN;;#N/D;;10;0;
N0301BL;2CLA030100N1102;J;8;0;ABB;ORIGEN;;#N/D;;10;2;
N0304BL;2CLA030400N1102;J;10;0;ABB;ORIGEN;;#N/D;;10;0;
N0370.1BL;2CLA037010N1102;J;197;0;ABB;ORIGEN;;#N/D;;368;171;
N0370.1NG;2CLA037010N1502;J;26;0;ABB;ORIGEN;;#N/D;;45;19;
N0371.1BL;2CLA037110N1102;J;1;0;ABB;ORIGEN;;X;;316;315;
N0371.1NG;2CLA037110N1502;J;13;0;ABB;ORIGEN;;X;;68;55;
N0371.21BL;2CLA037121N1102;J;644;0;ABB;ORIGEN;;#N/D;;662;18;
N0371.21NG;2CLA037121N1502;J;3;0;ABB;ORIGEN;;X;;42;39;
N0372.1BL;2CLA037210N1102;J;420;0;ABB;ORIGEN;;#N/D;;420;0;
N0372.1NG;2CLA037210N1502;J;6;0;ABB;ORIGEN;;#N/D;;10;4;
N0373.1BL;2CLA037310N1102;J;221;0;ABB;ORIGEN;;#N/D;;256;35;
N0373.1CH;2CLA037310N1902;J;10;0;ABB;ORIGEN;;#N/D;;10;0;
N0373.1GF;2CLA037310N1802;;10;0;ABB;ORIGEN;;;;10;0;
N0373.1NG;2CLA037310N1502;J;65;0;ABB;ORIGEN;;X;;70;5;
N0373.1OR;2CLA037310N1702;J;30;0;ABB;ORIGEN;;#N/D;;30;0;
N0373.1PL;2CLA037310N1302;J;10;0;ABB;ORIGEN;;#N/D;;10;0;
N0373.55GR;2CLA037355N1702;J;25;0;ABB;ORIGEN;;#N/D;;30;5;
N0501.2BL;2CLA050120N1102;JJJ;1;0;ABB;ORIGEN;;#N/D;;6;5;
N0501.3BL;2CLA050130N1102;J;7;0;ABB;ORIGEN;;#N/D;;10;3;
N0501BL;2CLA050100N1102;J;16;0;ABB;ORIGEN;;#N/D;;21;5;
N0502BL;2CLA050200N1102;J;0;0;ABB;ORIGEN;;#N/D;;10;10;
N0536.11BL;2CLA053611N1102;JJJ;0;0;ABB;ORIGEN;;#N/D;;15;15;
N0536.2BL;2CLA053620N1102;JJJ;0;0;ABB;ORIGEN;;#N/D;;25;25;
N0536.3BL;2CLA053630N1102;N/A;23;0;ABB;ORIGEN;;#N/D;;23;0;
N0536BL;2CLA053600N1102;J;29;0;ABB;ORIGEN;;#N/D;;55;26;
N0550BL;2CLA055000N1102;J;10;0;ABB;ORIGEN;;#N/D;;10;0;
N0670.1BL;2CLA067010N1102;J;42;0;ABB;ORIGEN;;#N/D;;140;98;
N0670.1NG;2CLA067010N1502;J;23;0;ABB;ORIGEN;;#N/D;;50;27;
N0671.1BL;2CLA067110N1102;J;79;0;ABB;ORIGEN;;X;;249;170;
N0671.1NG;2CLA067110N1502;J;5;0;ABB;ORIGEN;;X;;30;25;
N0671.41BL;2CLA067141N1102;J;149;0;ABB;ORIGEN;PLACA 4X4 3 MODULOS C/SUPORTE;#N/D;;150;1;
N0671.41NG;2CLA067141N1502;J;18;0;ABB;ORIGEN;;X;;24;6;
N0673.1BL;2CLA067310N1102;J;87;0;ABB;ORIGEN;;#N/D;;158;71;
N0673.1CH;2CLA067310N1902;J;10;0;ABB;ORIGEN;;#N/D;;10;0;
N0673.1GF;2CLA067310N1802;J;20;0;ABB;ORIGEN;;#N/D;;20;0;
N0673.1NG;2CLA067310N1502;J;37;0;ABB;ORIGEN;;X;;44;7;
N0673.1PL;2CLA067310N1302;J;10;0;ABB;ORIGEN;;#N/D;;10;0;
N1100BL;2CLA110000N1104S;I 02;90;CERTO;ABB;UNNO;INT.SIMPLES 1M 16A;X;;133;43;
N1100PR;2CLA110000N1304S;I 14;12;CERTO;ABB;UNNO;MODULO CEGO ;#N/D;;12;0;
N1100PT;2CLA110000N1604S;I 08;108;CERTO;ABB;UNNO;MODULO CEGO PRETO;#N/D;;127;19;
N1101.3BL;2CLA110130N1104S;I 02;10;CERTO;ABB;UNNO;INT. SIMPLES C\ LED;#N/D;;10;0;
N1101.3BN;2CLA1101.3BNS;I;14;0;ABB;UNNO;INT. SIMPLES BICOLOR;#N/D;;14;0;
N1101.3PR;2CLA110130N1304S;I 14;0;CERTO;ABB;UNNO;INT. SIMPLES LUMINOSO;#N/D;;0;0;
N1101.3PT;2CLA110130N1604S;I 08;1;0;ABB;UNNO;;#N/D;;1;0;
N1101.7BL;2CLA110170N1104S;I 02;8;CERTO;ABB;UNNO;INT. SIMPLES BIP.;#N/D;;8;0;
N1101.7PR;2CLA110170N1304S;I 14;7;CERTO;ABB;UNNO;;#N/D;;7;0;
N1101BL;2CLA110100N1104S;I 02;472;CERTO;ABB;UNNO;INTERRUP.  SIMPLES;#N/D;;593;121;
N1101BN;2CLA110110N1804S;F 11;59;0;ABB;UNNO;INT. SIMPLES BICOLOR;#N/D;;59;0;
N1101PR;2CLA110100N1304S;I 14;2;CERTO;ABB;UNNO;INT. SIMPLES;#N/D;;2;0;
N1101PT;2CLA110100N1604S;I 08;156;CERTO;ABB;UNNO;;X;;171;15;
N1102.2BL;2CLA110220N1104S;I 02;1;CERTO;ABB;UNNO;;#N/D;;1;0;
N1102.3BL;2CLA110230N1104S;I 02;7;CERTO;ABB;UNNO;;#N/D;;10;3;
N1102.3BN;2CLON110238BRS;I;16;0;ABB;UNNO;INT. PAR. BICOLOR;#N/D;;16;0;
N1102.3PR;2CLA110230N1304S;I 14;7;CERTO;ABB;UNNO;INT. PARALELO LUMINOSO;#N/D;;7;0;
N1102.3PT;2CLA110230N1604S;I 08;6;0;ABB;UNNO;;#N/D;;6;0;
N1102BL;2CLA110210N1104S;I 02;63;CERTO;ABB;UNNO;INTERRUP. PARALELO;#N/D;;166;103;
N1102BN;2CLA110210N1804S;I;44;0;ABB;UNNO;INT. PARALELO BICOLOR;#N/D;;44;0;
N1102PR;2CLA110210N1304S;I 14;18;CERTO;ABB;UNNO;INT. PARALELO;#N/D;;18;0;
N1102PT;2CLA110210N1604S;I 08;111;0;ABB;UNNO;INTERR. PARALELO;#N/D;;133;22;
N1104.2BL;2CLA110420N1104S;I 02;0;CERTO;ABB;UNNO;PULSADOR MINIT 10A BRANCO;#N/D;;0;0;
N1104.2BN;2CLA110420N1804S;I;20;CERTO;ABB;UNNO;"INT.BIPOLAR.SIMP.16AX;250V~";X;;20;0;
N1104.2PR;2CLA110420N1304S;I 14;20;CERTO;ABB;UNNO;;X;;20;0;
N1104.2PT;2CLA110420N1604;I 08;0;;ABB;UNNO;PULSADOR PARAMINUTERIA PRETO;;;0;0;
N1104.7BL;2CLA110470N1104S;I 02;3;CERTO;ABB;UNNO;PULSADOR  CAMP;#N/D;;3;0;
N1104.7PR;2CLA110470N1304S;I 14;20;CERTO;ABB;UNNO;;X;;32;12;
N1104.7PT;2CLA110470N1604S;I 08;14;0;ABB;UNNO;;#N/D;;17;3;
N1104BL;2CLA110400N1104S;I 02;20;CERTO;ABB;UNNO;PULSADOR CAMP;#N/D;;23;3;
N1104BN;2CLA110410N1804S;I;48;0;ABB;UNNO;PULSSADOR CAMP BICOLOR;#N/D;;48;0;
N1104PR;2CLA110400N1304S;I 14;15;CERTO;ABB;UNNO;;X;;16;1;
N1104PT;2CLA110400N1604S;I 08;14;0;ABB;UNNO;;#N/D;;14;0;
N1107BL;2CLA110700N1104S;I 02;14;CERTO;ABB;UNNO;MODULA SAIDA;#N/D;;31;17;
N1107PR;2CLA110700N1304S;I 15;24;CERTO;ABB;UNNO;PULSADOR SEM GRAVAÇÃO;X;;24;0;
N1107PT;2CLA110700N1604S;I 08;13;CERTO;ABB;UNNO;;X;;14;1;
N1110BL;2CLA111000N1104S;I 02;10;CERTO;ABB;UNNO;INTERRUP. INTERMEDIARIO;#N/D;;38;28;
N1110BN;2CLA111010N1804S;I;36;0;ABB;UNNO;INT. INTERM BICOLOR;#N/D;;36;0;
N1110PR;2CLA111000N1304S;I 15;0;CERTO;ABB;UNNO;INT. INT. 10A;#N/D;;0;0;
N1110PT;2CLA111000N1604S;I 08;22;CERTO;ABB;UNNO;;X;;46;24;
N1117BL;2CLA111700N1104S;I 02;0;CERTO;ABB;UNNO;TOMADA RJ11;#N/D;;0;0;
N1117PR;2CLA111700N1304S;I 15;0;CERTO;ABB;UNNO;;X;;0;0;
N1117PT;2CLA111700N1604S;I 08;5;CERTO;ABB;UNNO;;X;;5;0;
N1118.5BL;2CLA111850N1104S;I 02;15;CERTO;ABB;UNNO;TOMADA RJ1145;#N/D;;15;0;
N1118.5PR;2CLA111850N1304S;I 15;4;CERTO;ABB;UNNO;;X;;4;0;
N1118.5PT;2CLA111850N1604S;I 08;5;CERTO;ABB;UNNO;;X;;13;8;
N1118.6BL;2CLA111860N1104S;I 03;5;CERTO;ABB;UNNO;;#N/D;;5;0;
N1118.6PR;2CLA111860N1304S;I 15;0;CERTO;ABB;UNNO;;X;;6;6;
N1118.6PT;2CLA111860N1604S;I 08;7;CERTO;ABB;UNNO;;X;;10;3;
N1118BL;2CLA111800N1104S;I 03;0;CERTO;ABB;UNNO;;X;;0;0;
N1118PR;2CLA111800N1304S;I 15;20;CERTO;ABB;UNNO;;X;;20;0;
N1118PT;2CLA111800N1604S;I 08;10;CERTO;ABB;UNNO;;X;;10;0;
N1119BL;2CLA111900N1104S;I 03;2;CERTO;ABB;UNNO;CIGARRA;#N/D;;2;0;
N1119PR;2CLA111900N1304S;I 15;7;CERTO;ABB;UNNO;CIGARRA BIVOLT;#N/D;;7;0;
N1136.2BL;2CLA113620N1104S;I 03;52;CERTO;ABB;UNNO;TOMADA 2P + T ;#N/D;;146;94;
N1136.2NBL;2CLA113620N1114S;I 03;30;0;ABB;UNNO;;;;43;13;
N1136.2NPT;2CLA113620N1614S;I 10;0;0;ABB;UNNO;TOMADA 2P + T 20A PRETA;#N/D;;88;88;
N1136.2NVM;2CLA113620N1714S;I;15;CERTO;ABB;UNNO;;#N/D;;33;18;
N1136.2PR;2CLA113620N1304S;I 15;1;CERTO;ABB;UNNO;;X;;1;0;
N1136.2PT;2CLA113620N1604S;I 10;51;CERTO;ABB;UNNO;;X;;57;6;
N1136.2VM;2CLA113620N1704S;I 21;6;CERTO;ABB;UNNO;;X;;89;83;
N1136.NBL;2CLA113600N1114S;I 03;35;0;ABB;UNNO;;#N/D;;93;58;
N1136.NPT;2CLA113600N1614S;I 10;16;CERTO;ABB;UNNO;;#N/D;;59;43;
N1136.NVM;2CLA113600N1714S;;2;0;ABB;UNNO;;;;17;15;
N1136BL;2CLA113600N1104S;;38;CERTO;ABB;UNNO;TOMADA 2P+T;#N/D;;94;56;
N1136PR;2CLA113600N1304S;I 15;7;CERTO;ABB;UNNO;TOMADA 2P;#N/D;;8;1;
N1136PT;2CLA113600N1604S;I 10;170;CERTO;ABB;UNNO;;X;;173;3;
N1136VM;2CLA113600N1704S;I;36;CERTO;ABB;UNNO;TOMADA P BRAS. VERTICAL;#N/D;;49;13;
N1150BL;2CLA115000N1104S;;27;CERTO;ABB;UNNO;TOMADA ANT TV;#N/D;;27;0;
N1150PR;2CLA115000N1304S;I 14;38;CERTO;ABB;UNNO;;X;;38;0;
N1150PT;2CLA115000N1604S;I 08;1;CERTO;ABB;UNNO;;X;;1;0;
N1160.1BL;2CLA116010N1104S;;8;CERTO;ABB;UNNO;DIMMER 220V;#N/D;;8;0;
N1160.2BL;2CLA116020N1604S;;6;CERTO;ABB;UNNO;DIMMER BIVOLT;#N/D;;6;0;
N1160.LBL;2CLA116000N1104S;;24;CERTO;ABB;UNNO;DIMMER 127V;#N/D;;24;0;
N1185BL;2CLA137010N1104S;I 02;45;CERTO;ABB;UNNO;;X;;47;2;
N1185PT;2CLA118500N1604S;I 08;7;0;ABB;UNNO;USB;#N/D;;7;0;
N1370.1BL;2CLA137000N1104S;;29;CERTO;ABB;UNNO;PLACA  4X2;#N/D;;90;61;
N1370.1CL;2CLA137000N2904;I;17;0;ABB;;PLACA CEGA 4X2 CIDREIRA;#N/D;;17;0;
N1370.1PT;2CLA137000N1604S;I 09;45;CERTO;ABB;UNNO;;X;;53;8;
N1370.1RS;2CLA137000N3204S;I;20;0;ABB;UNNO;PLACA CEGA 4X2;#N/D;;20;0;
N1370.1TK;2CLA137000N3004S;I 20;20;CERTO;ABB;UNNO;;X;;20;0;
N1370CE;2CLA137000N104S;I;20;0;ABB;UNNO;PLACA CEGA 4X2;#N/D;;20;0;
N1370CH;2CLA137000N2604S;I;20;CERTO;ABB;UNNO;MODULO CEGO BCO;X;;20;0;
N1370CR;2CLA137000N1204S;I 29;28;CERTO;ABB;UNNO;INTERR. SIMPLES - 10A - PRETO;X;;38;10;
N1370GF;2CLA137000N1504S;I;14;CERTO;ABB;UNNO;PULSADOR PARA CIA;X;;14;0;
N1370MS;2CLA137000N2104S;I;27;CERTO;ABB;UNNO;PULSADOR PARA MINUTERIA;X;;27;0;
N1370PR;2CLA137000N1304S;I 16;6;CERTO;ABB;UNNO;PLACA CEGA 4X2 PRATA;#N/D;;6;0;
N1370SK;2CLA137000N3304S;I;20;0;ABB;UNNO;PLACA CEGA 4X2;#N/D;;20;0;
N1370WG;2CLA137000N3104S;I;0;0;ABB;UNNO;PLACA CEGA 4X2;#N/D;;20;20;
N1371.1BL;2CLA137110N1104S;;113;CERTO;ABB;UNNO;PULSAD0R MINUT;X;;211;98;
N1371.1CE;2CLA137110N2904S;I;13;0;ABB;UNNO;PLACA HOR. 1M 4X2 CX.\ AB.;#N/D;;13;0;
N1371.1CH;2CLA137110N2604S;I;19;0;ABB;UNNO;PLACA HOR. 1M 4X2 CHOCOLATE;#N/D;;19;0;
N1371.1CI;2CLA137110N;I;11;0;ABB;UNNO;PLACA HOR. 1M 4X2;#N/D;;11;0;
N1371.1CR;2CLA137110N1204S;I 29;14;0;ABB;UNNO;PLACA HOR. 1M 4X2 CREAM;#N/D;;14;0;
N1371.1GF;2CLA137110N1504S;I;2;CERTO;ABB;UNNO;PULSADOR SEM GRAVAÇÃO;X;;22;20;
N1371.1MS;S;I;5;CERTO;ABB;UNNO;MODULO SAIDA;X;;5;0;
N1371.1PR;2CLA137110N1304S;I 16;17;CERTO;ABB;UNNO;MODULO SAIDA DE FIO;X;;27;10;
N1371.1PT;2CLA137110N1604S;I 09;27;CERTO;ABB;UNNO;INTERR. INTERMEDIARIO;X;;46;19;
N1371.1RS;2CLA137110N3204S;I;17;CERTO;ABB;UNNO;TOMADA RJ11;X;;17;0;
N1371.1SK;2CLA137110N3304S;I;14;0;ABB;UNNO;PLACA HOR. 1M 4X2 SKY;#N/D;;14;0;
N1371.1TK;2CLA137111N3004S;I 20;3;CERTO;ABB;UNNO;TOMADA RJ11;X;;3;0;
N1371.1VBL;2CLA137111N1104S;;34;CERTO;ABB;UNNO;;#N/D;;34;0;
N1371.1VCE;2CLA137111N2904S;I;19;0;ABB;UNNO;PLACA VERT. 1M 4X2 CX.\ AB.;#N/D;;19;0;
N1371.1VCH;2CLA137111N2604S;I;20;CERTO;ABB;UNNO;SUPORTE RJ45 BL;X;;20;0;
N1371.1VCI;2CLA137111N;I;14;0;ABB;UNNO;PLACA VERTICAL 1M 4X2 CIDREIRA;#N/D;;14;0;
N1371.1VCR;2CLA137111N1204S;I 29;36;CERTO;ABB;UNNO;MODULO SUPORTE;X;;36;0;
N1371.1VGF;2CLA137111N1504S;I;10;CERTO;ABB;UNNO;SUPORTE RJ45 PRETO;X;;10;0;
N1371.1VMS;2CLA137111N2104S;I;19;CERTO;ABB;UNNO;TOMADA RJ45;X;;19;0;
N1371.1VPR;2CLA137111N1304S;I 13;9;CERTO;ABB;UNNO;PLACA VERTICAL 1M 4X2PRATA;#N/D;;9;0;
N1371.1VPT;2CLA137111N1604S;I 09;16;CERTO;ABB;UNNO;TOMADA RJ45;X;;16;0;
N1371.1VRS;2CLA137111N3204S;I;19;CERTO;ABB;UNNO;TOMADA RJ45;X;;19;0;
N1371.1VSK;2CLA137111N3304S;I;20;0;ABB;UNNO;PLACA VERT. 1M 4X2 SKY;#N/D;;20;0;
N1371.1VTK;2CLA137110N3004S;I 20;18;0;ABB;UNNO;PLACA VERTICAL 1M 4X2TEKA;#N/D;;19;1;
N1371.1VWG;2CLA137111N3104S;I 20;20;CERTO;ABB;UNNO;TOMADA RJ45;X;;20;0;
N1371.1WG;2CLA137110N3104S;I 22;5;0;ABB;UNNO;PLACA HOR. 1M 4X2 CX.\ AB.;#N/D;;25;20;
N1371.9VAZ;2CLA137191N204S;I;0;0;ABB;UNNO;;#N/D;;0;0;
N1371.9VBL;2CLA137191N1104S;;58;CERTO;ABB;UNNO;SUPORTE 4X2 VERTICAL;#N/D;;58;0;
N1371.9VCH;2CLA137191N2604S;I;9;0;ABB;UNNO;;#N/D;;9;0;
N1371.9VDO;2CLON137191BRS;I;24;0;ABB;UNNO;;#N/D;;24;0;
N1371.9VPT;2CLA137190N1604S;I 09;3;0;ABB;UNNO;;#N/D;;3;0;
N1372.1BL;2CLA137210N1104S;;20;CERTO;ABB;UNNO;PLACA 4X2 2 MOD. JUNTOS;#N/D;;21;1;
N1372.1CE;2CLA137210N2904S;I;20;0;ABB;UNNO;PLACA 2M 4X2;#N/D;;20;0;
N1372.1CH;2CLA137210N2604S;I;20;CERTO;ABB;UNNO;TOMADA 10A;X;;20;0;
N1372.1CI;2CLA137210N;I;20;0;ABB;UNNO;PLACA 2M 4X2 CIDREIRA;#N/D;;20;0;
N1372.1CR;2CLA137210N1204S;I 29;19;CERTO;ABB;UNNO;TOMADA 2P+T;X;;19;0;
N1372.1GF;2CLA137210N1504S;I;19;CERTO;ABB;UNNO;TOMADA 20A;X;;19;0;
N1372.1MS;2CLA137210N2104S;I;20;CERTO;ABB;UNNO;TOMADA 2P+T 20A BRAS. VERTICAL - VERM.;X;;20;0;
N1372.1PR;2CLA137210N1304S;I 16;20;CERTO;ABB;UNNO;ANTENA TV COAXIAL;X;;20;0;
N1372.1PT;2CLA137210N1604S;I 09;16;0;ABB;UNNO;PLACA 2M 4X2 PRETA;#N/D;;17;1;
N1372.1RS;2CLA137210N3204S;I;20;0;ABB;UNNO;PLACA 2M 4X2 ROSA;#N/D;;20;0;
N1372.1SK;2CLA137210N3304S;I;20;CERTO;ABB;UNNO;PLACA 2M 4X2 SKY;#N/D;;20;0;
N1372.1TK ;2CLA137210N3004S;I 20;8;CERTO;ABB;UNNO;ANTENA TV COAXIAL;X;;8;0;
N1372.1WG;2CLA137210N3104S;I;17;0;ABB;UNNO;PLACA CEGA 4X2 CREAM;X;;17;0;
N1372.2BL;2CLA137220N1104S;;133;CERTO;ABB;UNNO;PLACA CEGA 4X2 GRAFITTE;X;;269;136;
N1372.2CE;2CLA137220N2904S;I;13;0;ABB;UNNO;PLACA 2M SEP 4X2;#N/D;;13;0;
N1372.2CH;2CLA137220N2604S;I;20;CERTO;ABB;UNNO;PLACA CEGA 4X2 PRETA/ ;X;;20;0;
N1372.2CI;2CLA137220N;I;19;0;ABB;UNNO;PLACA 2M SEPARADO 4X2;#N/D;;19;0;
N1372.2CR;2CLA137220N1204S;I 29;0;CERTO;ABB;UNNO;PLACA CEGA 4X2 MOSTARDA;X;;0;0;
N1372.2GF;2CLA137220N1504S;I;42;CERTO;ABB;UNNO;PLACA CEGA 4X2 CHOCOLATE;X;;42;0;
N1372.2MS;2CLA137220N2104S;I;11;CERTO;ABB;UNNO;PLACA CEGA 4X2TEKA;X;;11;0;
N1372.2PR;2CLA137220N1304S;I 16;0;CERTO;ABB;UNNO;;X;;14;14;
N1372.2PT;2CLA137220N1604S;I 09;153;CERTO;ABB;UNNO;PLACA SEP 4X2;#N/D;;184;31;
N1372.2RS;2CLA137220N3204S;I;16;0;ABB;UNNO;PLACA 2M SEP 4X2 ROSA;#N/D;;16;0;
N1372.2SK;2CLA137220N3304S;I;20;CERTO;ABB;UNNO;PLACA 2M SEP 4X2 SKY;#N/D;;20;0;
N1372.2TK;2CLA137320N3004S;I 20;2;0;ABB;UNNO;PLACA 2M SEPARADO 4X2 TEKA;#N/D;;2;0;
N1372.2WG;2CLA137220N3104S;I;1;0;ABB;UNNO;PLACA 4X2 HORIZONTAL;X;;31;30;
N1373.1BL;2CLA137310N1104S;;170;CERTO;ABB;UNNO;PLACA HOR. 1M 4X2PRATA;X;;194;24;
N1373.1CE;2CLA137310N2904S;I;20;0;ABB;UNNO;PLACA 3M 4X2;#N/D;;20;0;
N1373.1CH;2CLA137310N2604S;I;20;CERTO;ABB;UNNO;PLACA 4X2 1M HORIZ. GRAFITTE;X;;20;0;
N1373.1CI;2CLA137310N;I;20;0;ABB;UNNO;PLACA 3M 4X2 CIDREIRA;#N/D;;20;0;
N1373.1CR;2CLA137310N1204S;I 29;6;CERTO;ABB;UNNO;PLACA HOR. 4X2;X;;6;0;
N1373.1GF;2CLA137310N1504S;I;50;CERTO;ABB;UNNO;PLACA HOR. 1M 4X2 MOSTARDA;X;;50;0;
N1373.1MS;2CLA137310N2104S;F 13;0;CERTO;ABB;UNNO;PLACA HOR. 4X2;X;;0;0;
N1373.1PR;2CLA137310N1304S;I 16;15;CERTO;ABB;UNNO;PLACA VERTICAL 1M 4X2 CREAM;X;;21;6;
N1373.1PT;2CLA137310N1604S;I 09;162;CERTO;ABB;UNNO;PLACA VERTICAL 1M 4X2 GRAFITTE;X;;173;11;
N1373.1RS;2CLA137310N3204S;I;18;CERTO;ABB;UNNO;PLACA VERTICAL 1M 4X2PRETA;X;;18;0;
N1373.1SK;2CLA137310N3304S;I;20;CERTO;ABB;UNNO;PLACA 3M 4X2 SKY;#N/D;;20;0;
N1373.1TK;2CLA137310N3004S;I 20;13;0;ABB;UNNO;PLACA 3M 4X2 TEKA;#N/D;;13;0;
N1373.1WG;2CLA137310N3104S;I;0;CERTO;ABB;UNNO;PLACA VERTICAL 1M 4X2 MOSTARDA;X;;2;2;
N1373.9AZ;2CLON137384BRS;I;0;0;ABB;UNNO;SUPORTE 4X2 AZ;#N/D;;0;0;
N1373.9BL;2CLA137390N1104S;;0;CERTO;ABB;UNNO;SUPORTE 4X2 ;#N/D;;144;144;
N1373.9CE;2CLON137387BRS;I;18;0;ABB;UNNO;SUPORTE 4X2 ;#N/D;;18;0;
N1373.9CH;2CLA137390N2604S;I;9;0;ABB;UNNO;SUPORTE 4X2;#N/D;;9;0;
N1373.9DO;2CLON137382BRS;I;3;0;ABB;UNNO;SUPORTE 4X2 DOURADO;#N/D;;3;0;
N1373.9LL;2CLA137390N2304S;I;103;0;ABB;UNNO;SUPORTE 4X2;#N/D;;103;0;
N1373.9MN;2CLA137390N2204S;I;103;0;ABB;UNNO;SUPORTE 4X2;#N/D;;103;0;
N1373.9MS;2CLA137390N2104S;I 20;103;0;ABB;UNNO;SUPORTE 4X2;#N/D;;103;0;
N1373.9PR;2CLA137390N1304S;I 16;15;CERTO;ABB;UNNO;PLACA VERTICAL 1M 4X2 CHOCOLATE;X;;89;74;
N1373.9PT;2CLA137390N1804S;I 09;131;CERTO;ABB;UNNO;PLACA HORIZONTAL 1M 4X2TEKA;X;;201;70;
N1373.9TG;2CLA137390N2504S;I;103;0;ABB;UNNO;SUPORTE 4X2;#N/D;;103;0;
N1373.9VPL;2CLA0N137188BR;I;103;0;ABB;UNNO;SUPORTE 4X2 VERTICAL;#N/D;;103;0;
N1501.2BL;2CLA150120N1104S;;28;CERTO;ABB;UNNO;CONJ. 2 INT. SIMPLES;#N/D;;28;0;
N1501.3BL;2CLA150130N1104S;;11;CERTO;ABB;UNNO;CONJ. 3 INT. SIMPLES;#N/D;;11;0;
N1501BL;2CLA150100N1104S;;0;CERTO;ABB;UNNO;;#N/D;;0;0;
N1504BL;2CLA150400N1104S;;7;CERTO;ABB;UNNO;CONJUNTO PULSADO;#N/D;;7;0;
N1517BL;2CLA151700N1104S;;2;CERTO;ABB;UNNO;CONJUNTO RJ11;#N/D;;2;0;
N1536.2BL;2CLA153620N1104S;;5;CERTO;ABB;UNNO;PLACA VERT. 1M 4X2 CX.\ AB.;X;;5;0;
N1536.I1BL;2CLA153601N1104S;;0;CERTO;ABB;UNNO;FORA DA CX;#N/D;;0;0;
N1536.I2BL;2CLA153602N1104S;;9;CERTO;ABB;UNNO;CONJ. 2 INT. SIMPLES;#N/D;;9;0;
N1536.TBL;2CLA153630N1104S;;8;CERTO;ABB;UNNO;PLACA VERT. 4X2ROSA;X;;20;12;
N1536BL;2CLA153600N1104S;;0;0;ABB;UNNO;;#N/D;;0;0;
N1550BL;2CLA155000N1104S;;0;CERTO;ABB;UNNO;CONJUNTO ANTENA TV;#N/D;;0;0;
N1670BL;2CLA167000N1104S;I 05;26;CERTO;ABB;UNNO;PLACA 2M 4X2 CREAM;X;;40;14;
N1670CE;2CLA167000N2904S;I;10;0;ABB;UNNO;PLACA CEGA 4X4;#N/D;;10;0;
N1670CH;2CLA167000N2604S;I;10;CERTO;ABB;UNNO;PLACA 2M 4X;X;;10;0;
N1670CI;2CLA167000N;I;9;0;ABB;UNNO;PLACA CEGA 4X4 CIDREIRA;#N/D;;9;0;
N1670CR;2CLA167000N1204S;I 29;7;CERTO;ABB;UNNO;PLACA 2M 4X2 GRAFITTE;X;;7;0;
N1670GF;2CLA167000N1504S;I;8;CERTO;ABB;UNNO;PLACA 2M 4X2 MOSTARDA;X;;8;0;
N1670MS;2CLA167000N2104S;I;8;0;ABB;UNNO;PLACA CEGA 4X4 MOSTARDA;#N/D;;8;0;
N1670PR;2CLA167000N1304S;I 17;5;CERTO;ABB;UNNO;PLACA 2M 4X2 CHOCOLATE;X;;5;0;
N1670PT;2CLA167000N1604S;I 10;19;CERTO;ABB;UNNO;PLACA 2M 4X2 TEKA;X;;20;1;
N1670RS;2CLA167000N3204S;I;10;CERTO;ABB;UNNO;PLACA 2M 4X2;X;;10;0;
N1670SK;2CLA167000N3304S;I;10;CERTO;ABB;UNNO;PLACA CEGA 4X4;#N/D;;10;0;
N1670TK;2CLA167000N3004S;I 20;3;CERTO;ABB;UNNO;PLACA 4X2 M SEP.;X;;3;0;
N1670WG;2CLA167000N3104S;I;8;0;ABB;UNNO;PLACA 2M SEPARADO 4X2 CREAM;X;;10;2;
N1671.1BL;2CLA167110N1104S;I 05;4;CERTO;ABB;UNNO;PLACA 4X4  CX\AB;#N/D;;24;20;
N1671.1CE;2CLA167110N2904S;I;10;0;ABB;UNNO;PLACA  1+1  4X4;#N/D;;10;0;
N1671.1CH;2CLA167110N2604S;I;10;CERTO;ABB;UNNO;PLACA 2M SEP 4X2 PRATA;X;;10;0;
N1671.1CI;2CLA167110N;I;8;0;ABB;UNNO;PLACA 1+1 4X4 CIDREIRA;#N/D;;8;0;
N1671.1CR;2CLA167110N1204S;I 29;9;0;ABB;UNNO;PLACA 1+1 4X4 CREAM;#N/D;;9;0;
N1671.1GF;2CLA167110N1504S;I;10;CERTO;ABB;UNNO;PLACA 2M SEP 4X2 GRAFITE;X;;10;0;
N1671.1MS;2CLA167110N2104S;I;10;CERTO;ABB;UNNO;PLACA 2M SEP 4X2 MOSTARDA;X;;10;0;
N1671.1PR;2CLA167110N1304S;I 17;5;CERTO;ABB;UNNO;PLACA 2M SEP 4X2 CHOCOLATE;X;;9;4;
N1671.1PT;2CLA167110N1604S;I 10;36;CERTO;ABB;UNNO;PLACA 4X2;X;;55;19;
N1671.1RS;2CLA167110N3204S;I;10;CERTO;ABB;UNNO;PLACA 3M 4X2 CREAM;X;;10;0;
N1671.1SK;2CLA167110N3304S;I;10;CERTO;ABB;UNNO;PLACA 1+1 4X4 SKY;#N/D;;10;0;
N1671.1TK;2CLA167110N3004S;I 20;6;CERTO;ABB;UNNO;PLACA 4X2;X;;6;0;
N1671.1WG;2CLA167110N3104S;I;9;0;ABB;UNNO;PLACA 3M 4X2 GRAFITTE;X;;10;1;
N1672.2BL;2CLA167220N1104S;I 05;1;CERTO;ABB;UNNO;PLACA 4X4 JUNTOS  CX\AB;#N/D;;11;10;
N1672.2CE;2CLA167220N2904S;I;10;0;ABB;UNNO;PLACA 2=2 4X4;#N/D;;10;0;
N1672.2CH;2CLA167220N2604S;I;10;CERTO;ABB;UNNO;PLACA 4X2;X;;10;0;
N1672.2CI;2CLA167220N;I;10;0;ABB;UNNO;PLACA 2+2 4X4 CIDREIRA;#N/D;;10;0;
N1672.2CR;2CLA167220N1204S;I 29;10;CERTO;ABB;UNNO;PLACA 3M 4X2 MOSTARDA;X;;10;0;
N1672.2GF;2CLA167220N1504S;I;10;CERTO;ABB;UNNO;PLACA 3M 4X2 CHOCOLATE;X;;10;0;
N1672.2MS;2CLA167220N2104S;I;10;CERTO;ABB;UNNO;PLACA 2M SEP 4X2;X;;10;0;
N1672.2PR;2CLA167220N1304S;I 17;14;CERTO;ABB;UNNO;PLACA 3M 4X2;X;;14;0;
N1672.2PT;2CLA167220N1604S;I 10;55;CERTO;ABB;UNNO;PLACA 3M 4X2 ROSA;X;;55;0;
N1672.2RS;2CLA167220N3204S;I;10;CERTO;ABB;UNNO;SUPORTE 4X2;X;;10;0;
N1672.2SK;2CLA167220N3304S;I;10;CERTO;ABB;UNNO;PLACA 2+2 4X4SKY;#N/D;;10;0;
N1672.2TK;2CLA167220N3004S;I 20;8;CERTO;ABB;UNNO;SUPORTE 4X2 3M PRETO;X;;8;0;
N1672.2WG;2CLA167220N3104S;I;10;0;ABB;UNNO;CJ MONT 4X2 1 TOM 20A BRANCO;X;;10;0;
N1672.4BL;2CLA167240N1104S;I 05;14;CERTO;ABB;UNNO;PLACA 4X4 SEP.  CX\AB;#N/D;;30;16;
N1672.4CE;2CLA167240N2904S;I;10;0;ABB;UNNO;PLACA 2+2 SEP 4X4;#N/D;;10;0;
N1672.4CH;2CLA167240N2604S;I;10;CERTO;ABB;UNNO;CONJ. 2 TOM  4X2;X;;10;0;
N1672.4CI;2CLA167240N;I;10;0;ABB;UNNO;PLACA 2+2 SEPARADOS;#N/D;;10;0;
N1672.4CR;2CLA167240N1204S;I 29;5;CERTO;ABB;UNNO;PLACA 4X4 CEGA;X;;5;0;
N1672.4GF;2CLA167240N1504S;I;19;CERTO;ABB;UNNO;PLACA CEGA 4X4 REM;X;;19;0;
N1672.4MS;2CLA167240N2104S;I;9;CERTO;ABB;UNNO;PLACA CEGA 4X4 PRATA;X;;9;0;
N1672.4PR;2CLA167240N1304S;I 17;3;CERTO;ABB;UNNO;PLACA CEGA 4X4 GRAFITTE;X;;3;0;
N1672.4PT;2CLA167240N1604S;I 10;71;CERTO;ABB;UNNO;PLACA CEGA 4X4 PRETA;X;;89;18;
N1672.4RS;2CLA167240N3204S;I;10;CERTO;ABB;UNNO;PLACA CEGA 4X4 CHOCOTALE;X;;10;0;
N1672.4SK;2CLA167240N3304S;I;10;CERTO;ABB;UNNO;PLACA 2+2 SEP 4X4 SKY;#N/D;;10;0;
N1672.4TK;2CLA167240N3004S;I 20;0;CERTO;ABB;UNNO;PLACA CEGA 4X4 TEKA;X;;0;0;
N1672.4WG;2CLA167240N3104S;I;10;0;ABB;UNNO;PLACA CEGA 4X4 ROSA;X;;10;0;
N1673.6BL;2CLA167360N1104S;I 05;45;CERTO;ABB;UNNO;PLACA 1+1 4X4 PRATA;X;;87;42;
N1673.6CE;2CLA167360N2904S;I;10;0;ABB;UNNO;PLACA 3+3 4X4;#N/D;;10;0;
N1673.6CH;2CLA167360N2604S;I;9;CERTO;ABB;UNNO;PLACA 1+1 4X4 GRAFITE;X;;9;0;
N1673.6CI;2CLA167360N;I;10;0;ABB;UNNO;PLACA 3+3 4X4 CIDREIRA;#N/D;;10;0;
N1673.6CR;2CLA167360N1204S;I 29;10;CERTO;ABB;UNNO;PLACA 4X4;X;;10;0;
N1673.6GF;2CLA167360N1504S;I;7;CERTO;ABB;UNNO;PLACA 1+ 1 4X4 MOSTARDA;X;;7;0;
N1673.6MS;2CLA167360N2104S;I;10;CERTO;ABB;UNNO;PLACA 1+1 4X4;X;;10;0;
N1673.6PR;2CLA167360N1304S;I 17;5;CERTO;ABB;UNNO;PLACA 1+1 4X4 TEKA;X;;5;0;
N1673.6PT;2CLA167360N1604S;I 10;160;CERTO;ABB;UNNO;PLACA CEGA 4X4;X;;168;8;
N1673.6RS;2CLA167360N3204S;I;10;CERTO;ABB;UNNO;PLACA 1+1 4X4 ROSA;X;;10;0;
N1673.6SK;2CLA167360N3304S;I;10;CERTO;ABB;UNNO;PLACA 3+3 4X4 SKY;#N/D;;10;0;
N1673.6TK;2CLA167360N3004S;I 20;2;CERTO;ABB;UNNO;PLACA 2+2 4X4 CREAM;X;;2;0;
N1673.6WG;2CLA167360N3104S;I;10;0;ABB;UNNO;PLACA 3+3 4X4;#N/D;;10;0;
N1673.9AZ;2CLA16738;I;0;0;ABB;UNNO;SUPORTE 4X4 AZ;#N/D;;0;0;
N1673.9BL;2CLA167390N1104S;I 05;0;CERTO;ABB;UNNO;SUPORTE 4X4;#N/D;;57;57;
N1673.9CE;2CLON167387BRS;I;7;0;ABB;UNNO;SUPORTE 4X4;#N/D;;7;0;
N1673.9CH;2CLA167390N2604S;I;5;0;ABB;UNNO;SUPORTE 4X4 CHOCOLATE;#N/D;;5;0;
N1673.9DO;2CLON167382BRS;I;9;0;ABB;UNNO;SUPORTE 4X4 DOURADO;#N/D;;9;0;
N1673.9LL;2CLA167390N;I;7;0;ABB;UNNO;SUPORTE 4X4;#N/D;;7;0;
N1673.9MN;2CLA167390N104S;I;9;0;ABB;UNNO;SUPORTE 4X4;#N/D;;9;0;
N1673.9MS;2CLA167390N2104S;I;6;0;ABB;UNNO;SUPORTE 4X4;#N/D;;6;0;
N1673.9PR;2CLA167390N1304S;I 17;23;CERTO;ABB;UNNO;PLACA 2+2 4X4 PRATA;X;;43;20;
N1673.9PT;2CLA167390N1804S;I 10;29;CERTO;ABB;UNNO;PLACA 2+2 4X4 GRAFITE;X;;104;75;
N1673.9TG;2CLA1673;I;17;0;ABB;UNNO;SUPORTE 4X4;#N/D;;17;0;
N2100AN;2CLA210000N1804S;J 02;15;0;ABB;ZENIT;;#N/D;;20;5;
N2100BL;2CLA210000N1104S;K 21;113;0;ABB;ZENIT;MODULO CEGO;#N/D;;113;0;
N2100BL;2CL0N210008BR;N/A;113;0;ABB;;MODULO CEGO 1;#N/D;;113;0;
N2100CV;2CLA210000N1904S;I;8;CERTO;ABB;ZENIT;2CLA167220N1604;X;;8;0;
N2100PL;2CLA210000N1304S;I;14;CERTO;ABB;ZENIT;MODULO CEGO mod. 1 (PRATA);#N/D;;14;0;
N2101.2BL;2CLA210120N1104S;K;0;0;ABB;ZENIT;INTERRUPTOR BIP;#N/D;;0;0;
N2101AN;2CLA210100N1804S;J 02;103;0;ABB;ZENIT;INTERR. SIMPLES;#N/D;;116;13;
N2101BL;2CLA210100N1104S;K;351;0;ABB;ZENIT;INTERRUP. SIMPLES 16A;#N/D;;351;0;
N2101CV;2CLA210100N1904S;J;232;CERTO;ABB;ZENIT;PLACA 2+2 4X4 MOSTARDA;X;;280;48;
N2101PL;2CLA210100N1304S;J;8;0;ABB;ZENIT;PLACA 2+2 4X;X;;9;1;
N2102AN;2CLA210200N1804S;J 02;0;0;ABB;ZENIT;INTERR. PARALELO;#N/D;;6;6;
N2102BL;2CLA210200N1104S;K;69;0;ABB;ZENIT;PLACA 2+2 4X4 TEKA;X;;73;4;
N2102PL;2CLA210200N1304S;J 14;0;0;ABB;ZENIT;PLACA 1+1 4X4;X;;7;7;
N2104.7AN;2CLA210470N1804S;J 02;0;0;ABB;ZENIT;PULSADOR  16A  SEM  DESENHO;#N/D;;0;0;
N2104.7BL;2CLA210470N1104S;K;0;0;ABB;ZENIT;PULSADOR 16A S/DESEN;#N/D;;0;0;
N2104.7CV;2CLA210470N1901;J;6;0;ABB;ZENIT;;#N/D;;6;0;
N2104.7PL;2CLA210470N1304S;J;9;0;ABB;ZENIT;PULSADOR ;#N/D;;9;0;
N2104AN;2CLA210400N1804S;J 02;8;0;ABB;ZENIT;PULSADOR;#N/D;;8;0;
N2104BL;2CLA210400N1104S;K;10;0;ABB;ZENIT;PULSADOR 16A CAMPA 1m;#N/D;;10;0;
N2104PL;2CLA210400N1304S;J;0;CERTO;ABB;ZENIT;PLACA 2+2 4X4 ROSA;X;;0;0;
N2107AN;2CLA210700N1804S;J 02;5;0;ABB;ZENIT;MODULO SAIDA;#N/D;;5;0;
N2107BL;2CLA210700N1104S;K;67;0;ABB;ZENIT;MODULO SAIDA DE FIO;#N/D;;67;0;
N2107PL;2CLA210700N1304S;J;19;0;ABB;ZENIT;MODULO SAIDA;#N/D;;19;0;
N2110AN;2CLA211000N1804S;J 02;1;0;ABB;ZENIT;INTERR. INTERM. ;#N/D;;1;0;
N2110BL;2CLA211000N1104S;K 14;0;0;ABB;ZENIT;INTERRUP. INTERM. 16A;#N/D;;35;35;
N2110PL;2CLA211000N1304S;J;0;0;ABB;ZENIT;INT. INTERMEDIARIO;#N/D;;0;0;
N2117.6AN;2CLA211760N1804S;J 02;14;0;ABB;ZENIT;TOMADA RJ11;#N/D;;14;0;
N2117.6BL;2CLA211760N1104S;K;16;0;ABB;ZENIT;TOMADA RJ11 6FIOS 1m;#N/D;;16;0;
N2117.6PL;2CLA211760N1304S;J;5;0;ABB;ZENIT;PLACA 2+2 SEPARADO 4X4 CREAM;X;;5;0;
N2118.5AN;2CLA211850N1804S;J 02;2;0;ABB;ZENIT;OUTLET RJ45;#N/D;;2;0;
N2118.5BL;2CLA211850N1104S;K 21;9;0;ABB;ZENIT;PLACA 2+2 SEP 4X4 PRATA;X;;9;0;
N2118.5PL;2CLA211850N1304S;J;3;0;ABB;ZENIT;PLACA 2+2 SEPARADO 4X4 GRAFITE;X;;3;0;
N2118.6AN;2CLA211860N1804S;J 02;0;0;ABB;ZENIT;TOMADA RJ45;#N/D;;0;0;
N2118.6BL;2CLA211860N1104S;K;0;0;ABB;ZENIT;TOMADA RJ45  CAT 6;#N/D;;0;0;
N2119AN;2CLA211900N1804S;J 02;1;0;ABB;ZENIT;CIGARRA BIVOLT;#N/D;;1;0;
N2119BL;2CLA211900N1104S;K;29;CERTO;ABB;ZENIT;PLACA 2+2 SEP;X;;31;2;
N2136.2AN;2CLA213620N1804S;J;0;0;ABB;ZENIT;TOMADA 2P+T;#N/D;;0;0;
N2136.2BL;2CLA213620N1104S;K;9;0;ABB;ZENIT;TOMADA 2P+T 20A;#N/D;;30;21;
N2136.2CV;2CLA213620N1902;J;0;0;ABB;ZENIT;TOMADA 2P+T20A;#N/D;;0;0;
N2136.2PL;2CLA213620N1304S;J;0;0;ABB;ZENIT;TOMADA 2P;#N/D;;0;0;
N2136.2RJ;2CLA213620N1704S;J;56;CERTO;ABB;ZENIT;PLACA 2+2 SEPARADO 4X4MOSTARDA;X;;59;3;
N2136AN;2CLA213600N1804S;J;0;0;ABB;ZENIT;TOMADA 2P;#N/D;;12;12;
N2136BL;2CLA213600N1104S;K;404;0;ABB;ZENIT;PLACA 2+2 SEP 4X4;X;;407;3;
N2136CV;2CLA213600N1904S;J;61;CERTO;ABB;ZENIT;TOMADA 2PT 10A;#N/D;;69;8;
N2136PL;2CLA213600N1304S;J;163;0;ABB;ZENIT;TOMADA 2P;#N/D;;163;0;
N2136RJ;2CLA213600N1704S;J;48;0;ABB;ZENIT;PLACA 2+2 SEPARADOS 4X4 TEKA;X;;50;2;
N2150AN;2CLA215000N1804S;J;0;0;ABB;ZENIT;TOMADA TV;#N/D;;0;0;
N2150BL;2CLA215000N1104S;K;34;0;ABB;ZENIT;PLACA 2+2 4X4;X;;34;0;
N2150PL;2CLA215000N1304S;J;4;0;ABB;ZENIT;PLACA 2+2 SEP 4X4 ROSA;X;;4;0;
N2160.LBL;2CLA216000N1104S;K;10;0;ABB;ZENIT;PLACA 4X4 CX\AB;X;;10;0;
N2160LAN;2CLA216000N1804S;J 02;9;0;ABB;ZENIT;VARIADOR;#N/D;;10;1;
N2170AN;2CLA217000N1804S;J 02;50;0;ABB;ZENIT;ELEMENTO DECORATIVO;#N/D;;50;0;
N2170BL;2CLA217000N1101S;J 02;18;0;ABB;ZENIT;PLACA 3+3 4X4 CREAM;X;;18;0;
N2185BL;2CLA218500N1104S;K;2;0;ABB;ZENIT;PLACA 3+3 4X4;X;;2;0;
N2191VD;2CLA219100N1104;J 02;40;0;ABB;ZENIT;KIT LED VD;#N/D;;40;0;
N2192RJ;2CLA219200N1104;J 02;20;0;ABB;ZENIT;KIT LED RJ;#N/D;;20;0;
N2201AN;2CLA220100N1804S;J;0;0;ABB;ZENIT;;#N/D;;0;0;
N2201BL;2CLA220100N1104S;K;31;0;ABB;ZENIT;INTERRUPTOR SIMPLES 16A;#N/D;;31;0;
N2201PL;2CLA220100N1301S;J;1;0;ABB;ZENIT;PLACA 3+3 4X GRAFITTE;X;;1;0;
N2202AN;2CLA220200N1804S;J;0;0;ABB;ZENIT;INTERR. PARALELO 16A ;#N/D;;0;0;
N2202BL;2CLA220200N1104S;K;20;0;ABB;ZENIT;INTERRUPTOR PARALELO 16A;#N/D;;20;0;
N2204.7AN;2CLA220470N1804S;J;3;0;ABB;ZENIT;PULSADOR;#N/D;;3;0;
N2204.7BL;2CLA220470N1104S;K;18;0;ABB;ZENIT;PULSADOR 16A SIN GRABAR 2m;#N/D;;18;0;
N2210AN;2CLA221000N1804S;J;0;0;ABB;ZENIT;INTERR. PARALELO;#N/D;;0;0;
N2210BL;2CLA221000N1104S;K;2;0;ABB;ZENIT;;#N/D;;2;0;
N2224.EBL;2CLA222400N1101;K;2;0;ABB;ZENIT;CAMPAINA ELETR. 220V;#N/D;;2;0;
N2241AN;2CLA224100N1804S;J;0;0;ABB;ZENIT;;#N/D;;0;0;
N2244.1BL;2CLA224410N1101S;K;1;0;ABB;ZENIT;PLACA 3+3 4X4;X;;1;0;
N2244AN;2CLA224400N1804S;J;4;0;ABB;ZENIT;PULSADOR;#N/D;;4;0;
N2244BL;2CLA224400N1101S;K;2;0;ABB;ZENIT;PLACA 3+3 4X4 MOSTARDA;X;;2;0;
N2244PL;2CLA224400N1301S;J;3;0;ABB;ZENIT;PULSADOR ESTORES 16A;#N/D;;3;0;
N2260.6LAN;2CLA226060N1804S;J;0;0;ABB;ZENIT;VARIADOR PULSANTE;#N/D;;0;0;
N2260.9BL;2CLA226090N1101;K;1;0;ABB;ZENIT;PLACA 3+3 4X4 CHOCOLATTE;X;;1;0;
N2285AN;2CLA228500N1804S;J;4;0;ABB;ZENIT;TOMA CARG;#N/D;;4;0;
N2370.1AN;2CLA237010N1804S;J;0;0;ABB;ZENIT;PLACA 4X2 CEGA;#N/D;;0;0;
N2370.1BL;2CLA237010N1104S;K;113;0;ABB;ZENIT;PLACA 3+3   EKA;X;;113;0;
N2370.1CV;2CLA237010N1904;N/A;0;0;ABB;;PLACA CEGA 4X2;#N/D;;6;6;
N2370.1PL;2CLA237010N1304S;J;16;CERTO;ABB;ZENIT;PLACA 2+2 SEP 4X4;X;;16;0;
N2371.1AN;2CLA237110N1804S;J;0;0;ABB;ZENIT;PLACA 4X2 1 POSTO;#N/D;;0;0;
N2371.1BL;2CLA237110N1104S;K;145;0;ABB;ZENIT;PLACA 4X2 1 POSTO;#N/D;;145;0;
N2371.1CV;2CLA237110N1904;J;105;0;ABB;ZENIT;PLACA 4X2 1POSTO;#N/D;;113;8;
N2371.1PL;2CLA237110N1304S;J;36;0;ABB;ZENIT;PLACA 3+3 4X4 ROSA;X;;39;3;
N2371.1VAN;2CLA237190N1804S;J;0;0;ABB;ZENIT;PLACA 4X2 1 POSTO;#N/D;;0;0;
N2371.1VBL;2CLA237190N1104S;K;0;CERTO;ABB;ZENIT;SUPORTE 4X4 DOURADO;X;;0;0;
N2371.1VPL;2CLA237190N1304S;J;0;0;ABB;ZENIT;PLACA 4X2 1 POSTO VERTICAL;#N/D;;0;0;
N2371.9VOX;2CLA237190N1004S;N/A;10;CERTO;ABB;ZENIT;;#N/D;;10;0;
N2372.1AN;2CLA237210N1804S;J;0;0;ABB;ZENIT;PLACA 4X2 2 POSTOS;#N/D;;0;0;
N2372.1BL;2CLA237210N1104S;K;37;0;ABB;ZENIT;PLACA 4X2 2 POSTOS;#N/D;;37;0;
N2372.1CV;2CLA237210N1904S;J;0;0;ABB;ZENIT;PLACA 4X2 2 POSTOS;#N/D;;0;0;
N2372.1PL;2CLA237210N1304S;J;0;CERTO;ABB;ZENIT;SUPORTE 4X4;X;;0;0;
N2372.2AN;2CLA237220N1804S;J;0;0;ABB;ZENIT;PLACA 4X2 2M SEPARADOS;#N/D;;0;0;
N2372.2BL;2CLA237220N1104S;K;332;0;ABB;ZENIT;MODULO CEGO;X;;334;2;
N2372.2CV;2CLA237220N1904;J;108;0;ABB;ZENIT;PLACA 2 POSTOS SEPARADOS;#N/D;;109;1;
N2372.2PL;2CLA237220N1304S;J;125;0;ABB;ZENIT;INT. SIMPLES ;X;;125;0;
N2373.1AN;2CLA237310N1804S;J;11;0;ABB;ZENIT;INT. SIMPLES 16A CAVA;X;;11;0;
N2373.1BL;2CLA237310N1104S;K 09;87;CERTO;ABB;ZENIT;INTERRUP. PARALELO 16A;X;;87;0;
N2373.1BN;2CLA237300N5104S;J;14;CERTO;ABB;ZENIT;;#N/D;;14;0;
N2373.1CB;2CLA237310N3004S;J;0;CERTO;ABB;ZENIT;INT. PARALELO;X;;0;0;
N2373.1CN;2CLA237310N3104S;J;3;CERTO;ABB;ZENIT;PULSADOR ;X;;3;0;
N2373.1CV;2CLA237310N1904S;J;15;0;ABB;ZENIT;TOMADA RJ11;X;;15;0;
N2373.1NT;N2373.1NT;J;10;CERTO;ABB;ZENIT;;#N/D;;10;0;
N2373.1OX;2CLA237310N4004S;J;4;CERTO;ABB;ZENIT;TOMADA RJ45;X;;4;0;
N2373.1PL;2CLA237310N1304S;J;70;CERTO;ABB;ZENIT;TOMADA RJ45;X;;70;0;
N2373.1PZ;2CLA237310N2204S;J;0;0;ABB;ZENIT;PLACA 4X2  3 POSTOS;#N/D;;0;0;
N2373.1WG;2CLA237310N3104S;J;1;0;ABB;ZENIT;CIGARRA BIV. 1M;X;;1;0;
N2373.9OX;2CLA237390N1004S;J;1;CERTO;ABB;ZENIT;SUPORTE 4X2;#N/D;;27;26;
N2670AN;2CLA267000N1804S;J;0;0;ABB;ZENIT;PLACA 4X4 CEGA;#N/D;;0;0;
N2670BL;2CLA267000N1104S;K;69;0;ABB;ZENIT;TOMADA 2P+T 10A;X;;69;0;
N2670CV;2CLA267000N1904S;J;0;0;ABB;ZENIT;PLACA 4X4 CEGO;#N/D;;0;0;
N2670PL;2CLA267000N1304S;J;7;CERTO;ABB;ZENIT;TOAMADA 2P+T 10A;X;;7;0;
N2671.1AN;2CLA267110N1804S;J;0;0;ABB;ZENIT;PLACA 1+1 POSTOS 4;#N/D;;0;0;
N2671.1BL;2CLA267110N1104S;K;9;CERTO;ABB;ZENIT;TOMADA 2P-T 20A  VERMELHA;X;;9;0;
N2671.1CV;2CLA267110N1904S;J;35;CERTO;ABB;ZENIT;TOMADA TV TIPO F;X;;35;0;
N2671.1PL;2CLA267110N1304S;J;8;0;ABB;ZENIT;PLACA 4X4 1+1POSTOS;#N/D;;8;0;
N2672.2BL;2CLA267220N1104S;K;57;0;ABB;ZENIT;PLACA 2+2POSTOS 4X4;#N/D;;57;0;
N2672.2CV;2CLA267220N1904;J;20;0;ABB;ZENIT;PLACA 2+2 POSTO;#N/D;;20;0;
N2672.2PL;2CLA267220N1304S;J;2;CERTO;ABB;ZENIT;TOMADA TV TIPO F;X;;2;0;
N2672.4AN;2CLA267240N1804S;J;0;0;ABB;ZENIT;PLACA 2+2 SEPARADOS;#N/D;;0;0;
N2672.4BL;2CLA267240N1104S;K;50;0;ABB;ZENIT;PLACA 2+2 POSTOS SEPARADOS 4X4;#N/D;;50;0;
N2672.4CV;2CLA267240N1904S;J;13;CERTO;ABB;ZENIT;VARIADOR ROTATIVO 127V;X;;13;0;
N2672.4PL;2CLA267240N1304S;J;52;CERTO;ABB;ZENIT;EMBELLECEDOR;X;;52;0;
N2673.6AN;2CLA267360N1804S;J;0;0;ABB;ZENIT;PLACA 3+3POSTOS;#N/D;;0;0;
N2673.6BL;2CLA267360N1104S;K;84;0;ABB;ZENIT;TOMADA USB 750MA;X;;84;0;
N2673.6CB;2CLA267360N3004S;J;3;CERTO;ABB;ZENIT;INTERR. SIMPLES;X;;3;0;
N2673.6CN;2CLA267360N3104S;J;3;CERTO;ABB;ZENIT;PLACA 3+3 POSTOS 4X4;#N/D;;3;0;
N2673.6CV;2CLA267360N1904S;J;0;0;ABB;ZENIT;PLACA 3+3 POSTOS 4X4;#N/D;;1;1;
N2673.6PL;2CLA267360N1304S;J;2;CERTO;ABB;ZENIT;PLACA 4X4  3.3 POSTOS PRATA;#N/D;;2;0;
N2673.9OX;2CLA267390N1004S;J;0;CERTO;ABB;ZENIT;PULSADOR ESTORES 16A;X;;4;4;
N330;N330;F 45;1;0;ALLEN BRADLEY;;;#N/D;;1;0;
N4-01AXX;N4-01AXX;N/A;1;0;ABB;;INTERRUPTOR 10A;#N/D;;1;0;
N40E;1SBH141001R8140;N/A;41;0;ABB;;24V;#N/D;;41;0;
N4100BP;2CL0N410001BR;N/A;14;0;ABB;;MODULO CEGO 1m;#N/D;;14;0;
N4100NP;2CL0N410005BR;N/A;3;0;ABB;;MODULO CEGO 1m;#N/D;;3;0;
N4101.3ABP;2CL0N410131BR;N/A;31;0;ABB;;INTERR. SIMPLES 1m;#N/D;;31;0;
N4101.4BP;2CL0N410141BR;N/A;26;0;ABB;;INTERR. 2P 1m;#N/D;;26;0;
N4101.4NP;2CL0N410145BR;N/A;1;0;ABB;;INTERR.  2P 1m;#N/D;;1;0;
N4101.7BP;2CL0N410171BR;N/A;5;0;ABB;;INTERR. BIPOLAR 20A;#N/D;;5;0;
N4101.ABP;2CL0N410101BR;N/A;46;0;ABB;;INTERR. SIMPLES  1 mod;#N/D;;46;0;
N4101.ANP;2CL0N410105BR;N/A;34;0;ABB;;INTERR. SIMPLES 1mod;#N/D;;34;0;
N4102.3ABP;2CL0N410231BR;N/A;3;0;ABB;;INTERR. PARALELO 1m;#N/D;;3;0;
N4102ABP;2CL0N410201BR;N/A;4;0;ABB;;INTERR. PARALELO ;#N/D;;4;0;
N4104.2ABP;2CL0N410421BR;N/A;16;0;ABB;;PULSADOR MINUTERIA;#N/D;;16;0;
N4104ABP;2CL0N410401BR;N/A;212;0;ABB;;PULSADOR CAMPAINHA;#N/D;;212;0;
N4107BP;2CL0N410701BR;N/A;86;0;ABB;;MODULO  SAIDA;#N/D;;86;0;
N4107NP;2CL0N410705BR;N/A;17;0;ABB;;MODULO SAIDA DE FIO;#N/D;;17;0;
N4110.ABP;2CL0N411001BR;N/A;1;0;ABB;;INTERR.  INTERMEIARIO;#N/D;;1;0;
N4117BP;2CL0N411701BR;N/A;145;0;ABB;;TOMADA RJ11;#N/D;;145;0;
N4117NP;2CL0N411705BR;N/A;6;0;ABB;;TOMADA RJ11;#N/D;;6;0;
N4118.5BP;2CL0N411851BR;N/A;176;0;ABB;;TOMADA RJ45;#N/D;;176;0;
N4118.6BP;2CL0N411861BR;N/A;5;0;ABB;;TOMADA RJ45;#N/D;;5;0;
N4119BP;2CL0N411901BR;N/A;9;0;ABB;;CIGARRA BIVOLT  1m;#N/D;;9;0;
N4136.2NP;2CL0N413625BR;N/A;11;0;ABB;;TOMADA 2P+T 20A;#N/D;;11;0;
N4136BP;2CL0N413601BR;N/A;381;0;ABB;;TOMADA 2P+T;#N/D;;381;0;
N4150BP;2CL0N415001BR;N/A;89;0;ABB;;TOMADA PARA ANTENA;#N/D;;89;0;
N4160.EBP;2CL0N416011BR;N/A;4;0;ABB;;VARIADOR ROTATIVO 220V;#N/D;;4;0;
N4160.ENP;2CL0N416015BR;N/A;6;0;ABB;;VARIADOR  ROTATIVO 220V;#N/D;;6;0;
N4160.LBP;2CL0N416001BR;N/A;52;0;ABB;;VARIADOR  ROTATIVO 127V;#N/D;;52;0;
N4217.1BP;2CL0N421711BR;N/A;10;0;ABB;;TOMADA TIPO TELEBRAS;#N/D;;10;0;
N4370.1BP;2CL0N437011BR;N/A;164;0;ABB;;PLACA CEGA 4X2;#N/D;;164;0;
N4370.1CV;2CL0N437012BR;N/A;15;0;ABB;;PLACA CEGA 4X2;#N/D;;15;0;
N4370.1NP;2CL0N437015BR;N/A;6;0;ABB;;PLACA CEGA 4X2;#N/D;;6;0;
N4370.1WG;2CL0N437019BR;N/A;5;0;ABB;;PLACA CEGA 4X2;#N/D;;5;0;
N4371.1BP;2CL0N437111BR;N/A;133;0;ABB;;PLACA HOR. 1POSTO 4X2;#N/D;;133;0;
N4371.1CV;2CL0N437112BR;N/A;20;0;ABB;;PLACA HORIZ. 1POSTO 4X2;#N/D;;20;0;
N4371.1NP;2CL0N437115BR;N/A;41;0;ABB;;PLACA HOR. 1 POSTO 4X2;#N/D;;41;0;
N4371.1PL;2CL0N437113BR;N/A;38;0;ABB;;PLACA HOR. 1POSTO 4X2;#N/D;;38;0;
N4371.1VBP;2CL0N437191BR;N/A;116;0;ABB;;PLACA VERTICAL 1POSTO 4X2;#N/D;;116;0;
N4371.1VNP;2CL0N437195BR;N/A;17;0;ABB;;PLACA VERTICAL 1 POSTO 4X2;#N/D;;17;0;
N4371.1WG;2CL0N437119BR;N/A;16;0;ABB;;PLACA HOR. 1POSTO 4X2;#N/D;;16;0;
N4371.9V;2CL0N437190BR;N/A;0;0;ABB;;SUPORTE 4X2 MODULO VERTICAL;#N/D;;0;0;
N4372.1BP;2CL0N437211BR;N/A;5;0;ABB;;PLACA 2POSTOS 4X2;#N/D;;5;0;
N4372.2BP;2CL0N437221BR;N/A;208;0;ABB;;PLACA 2 POSTOS;#N/D;;208;0;
N4372.2CV;2CL0N437222BR;N/A;31;0;ABB;;PLACA 2POSTOS SEPARADOS 4X2;#N/D;;31;0;
N4372.2NP;2CL0N437225BR;N/A;13;0;ABB;;PLACA 2POSTOS SEPARADOS 4X2;#N/D;;13;0;
N4372.2PL;2CL0N437223BR;N/A;18;0;ABB;;PLACA 2POSTOS SEPARADOS 4X2;#N/D;;18;0;
N4372.2WG;2CL0N437229BR;N/A;18;0;ABB;;PLACA 2 POSTOS SEPARADOS 4X2;#N/D;;18;0;
N4373.1BP;2CL0N437311BR;N/A;114;0;ABB;;PLACA 3 POSTOS 4X2;#N/D;;114;0;
N4373.1CV;2CL0N437312BR;N/A;9;0;ABB;;PALACA 3POSTOS 4X2;#N/D;;9;0;
N4373.1NP;2CL0N437315BR;N/A;31;0;ABB;;PLACA 3POSTOS 4X2;#N/D;;31;0;
N4373.1PL;2CL0N437313BR;N/A;39;0;ABB;;PLACA 3POSTOS POSTOS 4X2;#N/D;;39;0;
N4373.1WG;2CL0N437319BR;N/A;20;0;ABB;;PLACA 3POSTOS 4X2;#N/D;;20;0;
N4373.9;2CL0N437390BR;N/A;199;0;ABB;;SUPORTE 4X2;#N/D;;199;0;
N4670BP;2CL0N467001BR;N/A;273;0;ABB;;PLACA CEGA 4X4;#N/D;;273;0;
N4670CV;2CL0N467002BR;N/A;7;0;ABB;;PLACA CEGA 4X4;#N/D;;7;0;
N4670NP;2CL0N467005BR;N/A;8;0;ABB;;PLACA CEGA 4X4;#N/D;;8;0;
N4670PL;2CL0N467003BR;N/A;10;0;ABB;;PLACA 3+3 4X4 ROSA;#N/D;;10;0;
N4670WG;2CL0N467009BR;N/A;8;0;ABB;;PLACA CEGA 4X4;#N/D;;8;0;
N4671.1BP;2CL0N467111BR;N/A;256;0;ABB;;PLACA 1+1 POSTOS 4 X4;#N/D;;256;0;
N4671.1CV;2CL0N467112BR;N/A;18;0;ABB;;PLACA 1+1POSTOS 4X4;#N/D;;18;0;
N4671.1NP;2CL0N467115BR;N/A;17;0;ABB;;PLACA 1+1 POSTOS 4X4;#N/D;;17;0;
N4671.1PL;2CL0N467113BR;N/A;20;0;ABB;;PLCA 1+1POSTOS 4X4;#N/D;;20;0;
N4671.1WG;2CL0N467119BR;N/A;9;0;ABB;;PLACA 1+1POSTOS 4X4;#N/D;;9;0;
N4672.2BP;2CL0N467221BR;N/A;18;0;ABB;;PLACA 2+2POSTOS 4X4;#N/D;;18;0;
N4672.4BP;2CL0N467241BR;N/A;164;0;ABB;;PLACA 2+2POSTO SEPARADO 4X4;#N/D;;164;0;
N4672.4CV;2CL0N467242BR;N/A;20;0;ABB;;PLACA 2+2 POSTO SEPARADOS 4X4;#N/D;;20;0;
N4672.4NP;2CL0N467245BR;N/A;14;0;ABB;;PLACA 2+2POSTO SEPARAOS 4X4;#N/D;;14;0;
N4672.4PL;2CL0N467243BR;N/A;9;0;ABB;;PLACA 22POSTO SEP. 4X4;#N/D;;9;0;
N4672.4WG;2CL0N467249BR;N/A;10;0;ABB;;PLACA 2+2POSTO SEPARADOS 4X4;#N/D;;10;0;
N4673.6BP;2CL0N467361BR;N/A;166;0;ABB;;PLACA 3+3 POSTOS 4X4;#N/D;;166;0;
N4673.6CV;2CL0N467362BR;N/A;16;0;ABB;;PLACA 3+3 POSTOS 4X4;#N/D;;16;0;
N4673.6NP;2CL0N467365BR;N/A;24;0;ABB;;PLACA 3+3POSTOS 4X4;#N/D;;24;0;
N4673.6PL;2CL0N467363BR;N/A;20;0;ABB;;PLACA 3+3POSTOS 4X4;#N/D;;20;0;
N4673.6WG;2CL0N467369BR;N/A;10;0;ABB;;PLACA 3+3POSTOS 4X4;#N/D;;10;0;
N4673.9;2CL0N467390BR;N/A;357;0;ABB;;SUPORTE 4X4;#N/D;;357;0;
N9632.50;N9632.50;N/A;1;0;NIESSEN;;ACOPLADOR;#N/D;;1;0;
N9632ENG;N9632ENG;N/A;1;0;NIESSEN;;PLANNER;#N/D;;1;0;
NE12E;1SBH149001R8112;N/A;16;0;ABB;;24V;#N/D;;16;0;
NE12E;1SBH149001R8712;N/A;16;0;ABB;;125VDC;#N/D;;16;0;
NE12E;1SHB149001R8312;N/A;16;0;ABB;;48V;#N/D;;16;0;
NE21E;1SBH149001R8621;N/A;13;0;ABB;;110V;#N/D;;13;0;
NE21E;1SBH149001R8821;N/A;13;0;ABB;;220V;#N/D;;13;0;
NE30E;1SBH149001R8730;N/A;16;0;ABB;;125VDC;#N/D;;16;0;
NETA-21;3AUA0000094517;ARMARIO 01;1;CERTO;ABB;;;#N/D;;1;0;
NEXUS I;2CNM103002R1000;N/A;0;0;ABB;;SEM RS485;#N/D;;0;0;
NEXUS I RS485;2CNM103001R1000;N/A;0;0;ABB;;COM RS485;#N/D;;0;0;
NEXUS II RS485;2CNM203001R1000;N/A;0;0;ABB;;COM RS485;#N/D;;0;0;
NEXUS III;2CNM303001R1000;D 03/ D 13;25;CERTO;ABB;;INTERRUPTOR ESTORES 16A;X;;49;24;
NF125CV3P100A;2CH017;N/A;1;CERTO;MITSUBISHI;;100A;#N/D;;1;0;
NF125CV3P125A;2CH018;N/A;1;CERTO;MITSUBISHI;;125A;#N/D;;1;0;
NF125CV3P50A;2CH012;N/A;1;CERTO;MITSUBISHI;;50A;#N/D;;1;0;
NF125CV3P63A;2CH014;N/A;1;CERTO;MITSUBISHI;;63A;#N/D;;1;0;
NF125CV3P80A;2CH016;N/A;1;CERTO;MITSUBISHI;;80A;#N/D;;1;0;
NF22E-11;1SBH137001R1122;D 33;19;CERTO;ABB;;VARIADOR ROTATIVO  FLUOR;X;;19;0;
NF22E-13;1SBH137001R1322;C 34;0;0;ABB;;;#N/D;;0;0;
NF250-CV;2CL016;N/A;0;CERTO;MITSUBISHI;;175A;#N/D;;0;0;
NF250-CV3P250A;2CL018;N/A;1;CERTO;MITSUBISHI;;250A;#N/D;;1;0;
NH000AR160A;NH000AR160A;N/A;0;0;DEKFUSE;;160A X 500V;#N/D;;0;0;
NH000GG50V4;NH000GG50V4;N/A;15;0;FERRAZ SHAWMUT;;4A X 500V;#N/D;;15;0;
NH000UD50V315PV;NH000UD50V315PV;N/A;0;0;FERRAZ SHAWMUT;;315A X 500V;#N/D;;0;0;
NH000UD69V160PV;NH000UD69V160PV;N/A;3;0;FERRAZ SHAWMUT;;160AX690AC;#N/D;;3;0;
NH000UD69V250PV;NH000UD69V250PV;N/A;12;0;FERRAZ SHAWMUT;;250AX690AC;#N/D;;12;0;
NH000UD69V80PV;NH000UD69V80PV;N/A;6;0;FERRAZ SHAWMUT;;80A X 690V;#N/D;;6;0;
NH0050AUR;NH0050AUR;N/A;9;0;THS;;50A X 500V;#N/D;;9;0;
NH03AR1000AUR;NH03AR1000AUR;N/A;3;0;DEKFUSE;;1000A X 700V;#N/D;;3;0;
NH1GG50V160;NH1GG50V160;N/A;8;0;FERRAZ SHAWMUT;;160A X 500V;#N/D;;8;0;
NH2UD69V500PV;NH2UD69V500PV;N/A;0;0;FERRAZ SHAWMUT;;500AX690AC;#N/D;;0;0;
NL40E;1SBH143001R8740;N/A;0;CERTO;ABB;;125VDC;#N/D;;0;0;
NL44E;NL44E;N/A;0;CERTO;ABB;;;#N/D;;0;0;
NMB-4715VL-05WB76EQ2;3AXD50000018345;N/A;0;0;N;;R5 PHASE 1 FAN ASSEMBL;#N/D;;0;0;
NNH01UR;NNH01UR;N/A;5;0;NEGIRNI;;160A X 600V;#N/D;;5;0;
NOCH0120-6;PAINEL;EMBAIXO DO B;3;0;ABB;;;#N/D;;3;0;
NP4118700AUR;NP4118700AUR;N/A;3;0;AMERICAN  FUSE;;700A X 500V;#N/D;;3;0;
NPLC-RPLC;NPLC-RPLC;N/A;0;0;ABB;;;#N/D;;0;0;
NRFC-XXX;NRFC-XXX;ARMARIO 01;16;CERTO;ABB;;FILTER UNIT NRFFC-751;#N/D;;16;0;
NRFC-XXX;NRFC-XXX;ARMARIO 01;16;CERTO;ABB;;RFI BOARD NRFC-752;#N/D;;16;0;
NRKIT;1SDA051398R1;N/A;1;0;ABB;;;#N/D;;1;0;
NS53E25;1SBH101001R2553;N/A;1;0;ABB;;;#N/D;;1;0;
NSL22E-80M;1SBH103001M8022;N/A;37;0;ABB;;;#N/D;;37;0;
NSL22E-87M;1SBH103001M8722;N/A;50;0;ABB;;;#N/D;;50;0;
NSL80E-87M;1SBH103001M8780;N/A;52;0;ABB;;;#N/D;;52;0;
NX22E-26;1SBH901074R2622;N/A;0;0;ABB;;127v;#N/D;;0;0;
NX31E-26;1SBH901074R2631;N/A;2;CERTO;ABB;;127V;#N/D;;2;0;
NX31E-75;1SBH901074R7531;N/A;0;0;ABB;;220V;#N/D;;0;0;
NX40E-75;1SBH901074R7540;N/A;80;CERTO;ABB;;PLACA 4X2 CEGO;X;;80;0;
OA1G10;1SCA022353R4970;C 13;12;0;ABB;;;#N/D;;14;2;
OA2G11;1SCA022379R8100;C 13;1;0;ABB;;;#N/D;;1;0;
OA3G01;1SCA022456R7410;C 13/17;166;0;ABB;;;#N/D;;166;0;
OBICO100-24vdc;1SNA645021R2600;N/A;0;0;ABB;;;#N/D;;0;0;
OBSOLETO;1SDA000312R0001;N/A;1;0;ABB;;OBSOLETO;#N/D;;1;0;
OD4110IEC;2CMA131046R1000;N/A;1;0;ABB;;;#N/D;;1;0;
ODW-710-F2/12-48VDC,24VAC;3651-0712;ARMARIO 01;2;CERTO;WESTERMO;;;#N/D;;2;0;
OEM1250K4C230AC;1SCA022607R9610;N/A;1;0;ABB;;;#N/D;;1;0;
OESA0032;1SCA022058R7710;N/A;3;0;ABB;;;#N/D;;3;0;
OESAZX167;1SCA022190R1560;N/A;5;0;ABB;;;#N/D;;5;0;
OETL125D1;1SCA022059R1900;E 16;3;0;ABB;;;#N/D;;3;0;
OETLZX95;1SCA022083R5620;N/A;0;0;ABB;;;#N/D;;0;0;
OFAA000AM16;1SCA022660R8370;N/A;9;0;ABB;;16A X 690V;#N/D;;9;0;
OFAA000GG63;1SCA022661R9310;N/A;12;0;ABB;;63AX690V;#N/D;;12;0;
OFAA00H;OFAA00H;N/A;9;0;ABB;;2A X 690V;#N/D;;9;0;
OFAA00H32A;1SCA022297R0740;N/A;6;0;ABB;;32A X 690V;#N/D;;6;0;
OFAA4AGG630;1SCA022660R9850;N/A;6;0;ABB;;630A X 690V;#N/D;;6;0;
OFAF000H100;1SCA022627R1550;N/A;0;0;ABB;;100A X 500V;#N/D;;0;0;
OFAF000H16;1SCA022627R0660;N/A;0;0;ABB;;16A X 500V;#N/D;;0;0;
OFAF000H2;1SCA022627R0230;N/A;7;0;ABB;;2A X 500V;#N/D;;7;0;
OFAF000H20;1SCA022627R0740;N/A;8;CERTO;ABB;;20A X 500V;#N/D;;8;0;
OFAF000H25;1SCA022627R0820;D 21;2;0;ABB;;25A X 500V;#N/D;;2;0;
OFAF000H32;1SCA022627R0910;N/A;0;0;ABB;;32A X 500V;#N/D;;0;0;
OFAF000H4;1SCA022627R0310;D 20;83;0;ABB;;4A X 500V;#N/D;;83;0;
OFAF000H40;1SCA022627R1120;N/A;0;0;ABB;;40A X 500V;#N/D;;0;0;
OFAF000H50;1SCA022627R1210;N/A;3;0;ABB;;50A X 500V;#N/D;;3;0;
OFAF000H6;1SCA022627R0400;N/A;51;0;ABB;;6A X 500V;#N/D;;51;0;
OFAF000H63;1SCA022627R1390;D 20;6;CERTO;ABB;;63A X 500V;#N/D;;6;0;
OFAF000H80;1SCA022627R1470;N/A;3;0;ABB;;80A X 500V;#N/D;;12;9;
OFAF000H80;OFAF000H80;N/A;3;0;ABB;;;#N/D;;12;9;
OFAF00H125;1SCA022627R1630;N/A;18;0;ABB;;125 X 500V;#N/D;;18;0;
OFAF00H160;1SCA022627R1710;N/A;6;0;ABB;;160A X 500V;#N/D;;6;0;
OFAF0H125;1SCA022627R3090;N/A;0;0;ABB;;125A X 500V;#N/D;;0;0;
OFAF0H160;1SCA022627R3170;N/A;3;0;ABB;;160A X500V;#N/D;;3;0;
OFAF0H200;1SCA022629R5140;N/A;3;0;ABB;;200A X 500V;#N/D;;3;0;
OFAF1H200;1SCA022627R4490;N/A;6;0;ABB;;200A X 500V;#N/D;;6;0;
OFAF1H315;1SCA022627R4730;N/A;9;0;ABB;;315A X 500V;#N/D;;9;0;
OFAF2H250;1SCA022627R5890;N/A;3;0;ABB;;250A X 500V;#N/D;;3;0;
OFAF3H400;1SCA022627R6780;N/A;6;0;ABB;;400A X500V;#N/D;;6;0;
OFAF3H500;1SCA022627R7080;N/A;3;0;ABB;;500A X 500V;#N/D;;3;0;
OFAF3H630;1SCA022627R7160;N/A;15;0;ABB;;630A X 500V;#N/D;;15;0;
OFAF4H1000;1SCA022627R7750;N/A;6;0;ABB;;;#N/D;;6;0;
OFAX00S2;1SCA022112R2280;N/A;5;0;ABB;;;#N/D;;5;0;
OHB125J12;1SCA022381R1560;C 13;0;0;ABB;Chaves Seccionadoras;;#N/D;;0;0;
OHB175J12;1SCA022381R2450;C 13;1;0;ABB;Chaves Seccionadoras;;#N/D;;1;0;
OHB2;1SCA022648R3810;C 14;9;0;ABB;Chaves Seccionadoras;;#N/D;;9;0;
OHB274J12;1SCA115920R1001;C 13;1;0;ABB;Chaves Seccionadoras;;#N/D;;1;0;
OHB2AJI;1SCA022358R5110;C 17;49;0;ABB;Chaves Seccionadoras;;#N/D;;49;0;
OHB2PJ;1SCA022353R2680;C 14;5;0;ABB;Chaves Seccionadoras;;#N/D;;5;0;
OHB2RJ;1SCA022353R2760;C 14;0;0;ABB;Chaves Seccionadoras;ABERTO;#N/D;;0;0;
OHB3;1SCA022648R4110;C 15;140;0;ABB;Chaves Seccionadoras;;#N/D;;140;0;
OHB3AH;1SCA022428R8960;C 15;5;0;ABB;Chaves Seccionadoras;;#N/D;;5;0;
OHB3AHI;1SCA022428R9000;C 15;20;0;ABB;Chaves Seccionadoras;;#N/D;;20;0;
OHB3PH;1SCA022428R9260;C 15;4;0;ABB;Chaves Seccionadoras;;#N/D;;4;0;
OHB45J5;1SCA022380R8180;C 16;23;0;ABB;Chaves Seccionadoras;;#N/D;;23;0;
OHB45J6;1SCA022380R8770;C 16;20;0;ABB;Chaves Seccionadoras;;#N/D;;20;0;
OHB65D6;1SCA022764R8960;C 13;1;0;ABB;Chaves Seccionadoras;;#N/D;;1;0;
OHB65J6;1SCA022380R9660;C 14;1;0;ABB;Chaves Seccionadoras;1 s/embalagem;#N/D;;1;0;
OHB95J12E011;1SCA022381R0830;C 13;1;0;ABB;Chaves Seccionadoras;ABERTO ;#N/D;;1;0;
OHBIAH;1SCA022347R3810;C 17;42;0;ABB;Chaves Seccionadoras;;#N/D;;42;0;
OHBS1;OHBS1;C 14;2;0;ABB;Chaves Seccionadoras;;#N/D;;2;0;
OHBS2;1SCA109089R1001;E 28;13;0;ABB;Chaves Seccionadoras;;#N/D;;13;0;
OHBS2AJ;1SCA105213R1001;D;9;0;ABB;Chaves Seccionadoras;;#N/D;;12;3;
OHBS2AJE011;1SCA105220R1001;C 13;0;0;ABB;Chaves Seccionadoras;;#N/D;;0;0;
OHBS2PJ;1SCA105231R1001;C 14;0;0;ABB;Chaves Seccionadoras;2 S/CAIXA;#N/D;;6;6;
OHBS2RJ;1SCA105232R1001;C 14;9;CERTO;ABB;Chaves Seccionadoras;;#N/D;;9;0;
OHBS3;1SCA108320R1001;C 15;2;0;ABB;Chaves Seccionadoras;;#N/D;;9;7;
OHBS3PH;1SCA105236R1001;C 15;0;0;ABB;Chaves Seccionadoras;;#N/D;;0;0;
OHY125J12;1SCA022381R1720;C 13;0;0;ABB;Chaves Seccionadoras;;#N/D;;0;0;
OHY2PJ;1SCA022353R2920;C 13;14;0;ABB;Chaves Seccionadoras;;#N/D;;14;0;
OHY65L6;1SCA022580R9570;C 16;26;0;ABB;Chaves Seccionadoras;;#N/D;;26;0;
OHYS2AJE011;1SCA105301R1001;C 13;1;0;ABB;Chaves Seccionadoras;;#N/D;;1;0;
OHYS2RJ;1SCA105323R1001;C 13;3;0;ABB;Chaves Seccionadoras;PÇ COM DETALHE;#N/D;;3;0;
OL80U2RB36Q;OL80U2RB36Q;N/A;1;0;ABB;;;#N/D;;1;0;
OMA2PB;1SCA022531R4090;N/A;1;0;ABB;Chaves Seccionadoras;;#N/D;;1;0;
OMADA - PLUG CONTATOS AUX. S1-S2;1SDA013329R1;N/A;3;0;ABB;Chaves Seccionadoras;;#N/D;;3;0;
OMAU31PB;1SCA022533R5410;N/A;1;0;ABB;Chaves Seccionadoras;;#N/D;;1;0;
OME3-250;OME3-250;C 08;2;0;ABB;Chaves Seccionadoras;PÇ COM DETALHE;#N/D;;2;0;
OMEM4-220VDC-150W-20RPM;OMEM4-220VDC-150W-20RPM;N/A;1;0;ABB;Chaves Seccionadoras;;#N/D;;1;0;
OMST51PB;1SCA022533R4870;N/A;2;0;ABB;Chaves Seccionadoras;;#N/D;;2;0;
OMU1PB;1SCA022532R5960;N/A;1;0;ABB;Chaves Seccionadoras;;#N/D;;1;0;
OMURR1PB;1SCA022532R6510;N/A;1;0;ABB;Chaves Seccionadoras;;#N/D;;1;0;
OMV30PB;1SCA022533R5170;N/A;2;0;ABB;Chaves Seccionadoras;;#N/D;;2;0;
OMV3PB;1SCA022533R5250;N/A;1;0;ABB;Chaves Seccionadoras;;#N/D;;1;0;
ONAU31PE;1SCA022533R5840;N/A;0;0;ABB;Chaves Seccionadoras;;#N/D;;0;0;
ONS032PB;1SCA022533R0110;N/A;7;0;ABB;Chaves Seccionadoras;;#N/D;;7;0;
ONV3PB;1SCA022533R5680;N/A;1;0;ABB;Chaves Seccionadoras;;#N/D;;1;0;
ONVN30PB;1SCA022533R5760;N/A;0;0;ABB;Chaves Seccionadoras;;#N/D;;0;0;
ONWS1PB;1SCA022532R8120;C 13;4;0;ABB;Chaves Seccionadoras;;#N/D;;4;0;
OPMP-01;3AUA0000013086;C 04;2;0;ABB;Chaves Seccionadoras;;#N/D;;2;0;
OS125D03;1SCA022469R8780;E 24;2;0;ABB;Chaves Seccionadoras;;#N/D;;2;0;
OS125GD12P;1SCA115641R1001;E 20/21;10;0;ABB;Chaves Seccionadoras;;#N/D;;25;15;
OS160GD12P;1SCA115643R1001;N/A;0;0;ABB;Chaves Seccionadoras;;#N/D;;0;0;
OS250D03;1SCA022720R7080;E 22;3;0;ABB;Chaves Seccionadoras;3PC - PEÇA USADA EM PROJETO;#N/D;;3;0;
OS250D03P;1SCA022719R0090;E 21;2;0;ABB;Chaves Seccionadoras;;;;2;0;
OS32D12;1SCA022456R9710;N/A;0;0;ABB;Chaves Seccionadoras;;#N/D;;2;2;
OS32GD12P;1SCA114581R1001;E 20;2;0;ABB;Chaves Seccionadoras;2PC S/CAIXA;#N/D;;2;0;
OS400D03P;1SCA022719R0250;N/A;0;0;ABB;Chaves Seccionadoras;;#N/D;;2;2;
OS630D03P;1SCA022825R2830;E 23/24;2;0;ABB;Chaves Seccionadoras;;#N/D;;2;0;
OS63D12;1SCA022434R7810;N/A;6;0;ABB;Chaves Seccionadoras;;#N/D;;6;0;
OS63GD12P;1SCA115227R1001;E;1;0;ABB;Chaves Seccionadoras;63A;#N/D;;2;1;
OS800D03P;1SCA022825R4880;E 24;1;0;ABB;Chaves Seccionadoras;;;;1;0;
OSS160GG1S3;1SCA114766R1001;N/A;0;0;ABB;Chaves Seccionadoras;;#N/D;;0;0;
OSS400G1S3;1SCA022776R6900;N/A;2;0;ABB;Chaves Seccionadoras;;#N/D;;2;0;
OSS400T1L/3;1SCA022782R6900;C 08;10;0;ABB;Chaves Seccionadoras;;#N/D;;10;0;
OSS800G1L3;1SCA022776R7200;C 08;2;0;ABB;Chaves Seccionadoras;ABERTO;#N/D;;2;0;
OSV200BK;1SCA022779R7530;C 08;5;0;ABB;Chaves Seccionadoras;;#N/D;;5;0;
OSV250DK;1SCA022783R3510;E 22;5;0;ABB;Chaves Seccionadoras;;#N/D;;5;0;
OT100ET3;1SCA022393R9280;C 10;0;0;ABB;Chaves Seccionadoras;;#N/D;;0;0;
OT100F3;1SCA105004R1001;E 14;3;0;ABB;Chaves Seccionadoras;;#N/D;;6;3;
OT100FT3;1SCA105023R1001;C 10;0;0;ABB;Chaves Seccionadoras;;#N/D;;0;0;
OT1250E12CP;1SCA103308R1001;N/A;0;0;ABB;Chaves Seccionadoras;;#N/D;;0;0;
OT125E3;1SCA022353R7480;C 10;0;0;ABB;Chaves Seccionadoras;;#N/D;;0;0;
OT125E3C;1SCA022551R8680;E 22;1;0;ABB;Chaves Seccionadoras;1 OBSOLETO;#N/D;;8;7;
OT125ET3;1SCA022353R7560;C 10;0;0;ABB;Chaves Seccionadoras;;#N/D;;0;0;
OT125F3;1SCA105033R1001;C 10;0;0;ABB;Chaves Seccionadoras;;#N/D;;0;0;
OT125F4N2;1SCA105051R1001;N/A;0;0;ABB;Chaves Seccionadoras;;#N/D;;0;0;
OT160E3;1SCA022257R5950;N/A;0;0;ABB;Chaves Seccionadoras;;#N/D;;0;0;
OT160E4;1SCA022259R8060;N/A;0;0;ABB;Chaves Seccionadoras;;#N/D;;0;0;
OT160EV03P;1SCA120514R1001;N/A;0;CERTO;ABB;Chaves Seccionadoras;;#N/D;;0;0;
OT16ET3;1SCA022352R6610;E 15;24;0;ABB;Chaves Seccionadoras;;#N/D;;24;0;
OT16F3;1SCA104877R1001;E 15;1;0;ABB;Chaves Seccionadoras;;#N/D;;2;1;
OT16FT3;1SCA104838R1001;E 15;1;0;ABB;Chaves Seccionadoras;;#N/D;;1;0;
OT200E03P;1SCA022712R0800;N/A;0;0;ABB;Chaves Seccionadoras;;#N/D;;0;0;
OT250E03P;1SCA022710R0100;N/A;0;0;ABB;Chaves Seccionadoras;;#N/D;;0;0;
OT25E3;1SCA022283R8630;C 10;0;0;ABB;Chaves Seccionadoras;;#N/D;;0;0;
OT25E3C;1SCA022605R9920;E 14;7;0;ABB;Chaves Seccionadoras;;#N/D;;7;0;
OT25ET3;1SCA022352R6790;E 15;36;0;ABB;Chaves Seccionadoras;;#N/D;;41;5;
OT25F3;1SCA104857R1001;E 15;2;CERTO;ABB;Chaves Seccionadoras;;X;;2;0;
OT25F3C;1SCA104863R1001;C 10;0;CERTO;ABB;Chaves Seccionadoras;;#N/D;;0;0;
OT25FT3;1SCA104884R1001;C 10;0;0;ABB;Chaves Seccionadoras;;#N/D;;0;0;
OT315E04CP;1SCA022775R7150;E 23;1;CERTO;ABB;Chaves Seccionadoras;;X;;1;0;
OT32E3C;1SCA022605R9410;E 14;14;0;ABB;Chaves Seccionadoras;;#N/D;;14;0;
OT32ET3;1SCA022352R6870;C 10;0;0;ABB;Chaves Seccionadoras;;#N/D;;0;0;
OT400E03CP;1SCA022771R8500;N/A;0;0;ABB;Chaves Seccionadoras;;#N/D;;0;0;
OT400E03P;1SCA022718R8780;E 21;1;CERTO;ABB;Chaves Seccionadoras;;#N/D;;1;0;
OT400E04CLP;1SCA106405R1001;N/A;0;0;ABB;Chaves Seccionadoras;;#N/D;;0;0;
OT40F3;1SCA104902R1001;E 15;1;0;ABB;Chaves Seccionadoras;;#N/D;;1;0;
OT40FT3;1SCA104940R1001;E 15;0;CERTO;ABB;Chaves Seccionadoras;;#N/D;;2;2;
OT45E3C;1SCA022551R3880;C 18;7;0;ABB;Chaves Seccionadoras;;#N/D;;7;0;
OT45ET3;1SCA022353R7050;C 10;0;0;ABB;Chaves Seccionadoras;;#N/D;;0;0;
OT630E03CP;1SCA022785R6050;C 10;0;0;ABB;Chaves Seccionadoras;;#N/D;;0;0;
OT630E03P;1SCA022718R8940;C 10;0;0;ABB;Chaves Seccionadoras;;#N/D;;0;0;
OT63ET3;1SCA022353R7130;E;0;0;ABB;Chaves Seccionadoras;;#N/D;;0;0;
OT63F3;1SCA105332R1001;E;0;0;ABB;Chaves Seccionadoras;;#N/D;;0;0;
OT63F3C;1SCA105338R1001;E;0;CERTO;ABB;Chaves Seccionadoras;PLACA 4X2 1 POSTO VERTICAL;X;;1;1;
OT63FT3;1SCA105382R1001;E;0;0;ABB;Chaves Seccionadoras;;#N/D;;0;0;
OT80E3;1SCA022353R7210;E;0;0;ABB;Chaves Seccionadoras;;#N/D;;0;0;
OT80F4N2;OT80F4N2;E;0;0;ABB;Chaves Seccionadoras;;#N/D;;0;0;
OT80FT3;1SCA105431R1001;E;0;0;ABB;Chaves Seccionadoras;;#N/D;;0;0;
OTM-630;OTM-630;C 18;1;0;ABB;Chaves Seccionadoras;;#N/D;;1;0;
OTME1C1-315\400V;OTME1C1-315\400V;E 20;1;0;ABB;Chaves Seccionadoras;PÇ INCOMPLETA;#N/D;;1;0;
OTPS160EP;1SCA022325R7360;C;12;0;ABB;Chaves Seccionadoras;;#N/D;;12;0;
OTPS80FP;1SCA105461R1001;C 20;1;0;ABB;;;;;1;0;
OTS32;OTS32;E;0;0;ABB;Chaves Seccionadoras;;#N/D;;0;0;
OTS400T1L3;1SCA022736R8760;C 08;2;0;ABB;Chaves Seccionadoras;;#N/D;;2;0;
OTS63T3;1SCA022353R6750;C 10;8;0;ABB;Chaves Seccionadoras;;#N/D;;8;0;
OTS800T1L3;1SCA022782R7380;N/A;0;0;ABB;Chaves Seccionadoras;;#N/D;;0;0;
OTV400ECK;OTV400ECK;C 08 ;1;0;ABB;Chaves Seccionadoras;;;;1;0;
OTVS2;1SCA111414R1001;N/A;1;CERTO;ABB;Chaves Seccionadoras;;#N/D;;1;0;
OTZC23;1SCA022767R7120;N/A;0;0;ABB;Chaves Seccionadoras;;#N/D;;0;0;
OVR T1-T2 12.5-275S P QS;2CTB815710R1200;L 01;0;CERTO;ABB;;12.5-275S P QS;#N/D;;3;3;
OVRT1 25-255;2CTB815101R0100;L 01;0;CERTO;ABB;;;#N/D;;0;0;
OVRT2 15-275;2CTB804200R0100;L 01;0;CERTO;ABB;;;#N/D;;0;0;
OVRT2 20-150;OVRT2 20-150;L 01;2;CERTO;ABB;;saiu 40pcs( tramoia andre amorin);#N/D;;2;0;
OVRT2 20-275;2CTB804200R0100;L 01;-7;CERTO;ABB;;;#N/D;;141;148;
OVRT2 40-275;2CTB804201R1100;L 01;59;CERTO;ABB;;;#N/D;;78;19;
OVRT2 40-275PQS;2CTB803871R2300;L 01;2;CERTO;ABB;;;#N/D;;4;2;
OVRT2 40-440P;2CTB803871R1200;L 01;1;CERTO;ABB;;;#N/D;;1;0;
OWP6D80;1SCA022865R5010;C 13;1;0;ABB;;;#N/D;;1;0;
OXP12X166;OXP12X166;E 18;1;0;ABB;Chaves Seccionadoras;;#N/D;;1;0;
OXP12X185;OXP12X185;E 18;2;0;ABB;Chaves Seccionadoras;;#N/D;;2;0;
OXP12X231 TO;OXP12X231 TO;E 18;1;0;ABB;Chaves Seccionadoras;;#N/D;;1;0;
OXP12X250;OXP12X250;E 18;19;0;ABB;Chaves Seccionadoras;;#N/D;;19;0;
OXP12X280;OXP12X280;E 18;13;0;ABB;Chaves Seccionadoras;;#N/D;;15;2;
OXP12X465;OXP12X465;E 18;10;0;ABB;Chaves Seccionadoras;;#N/D;;12;2;
OXP12X535;1SCA022042R6110;E 18;0;0;ABB;Chaves Seccionadoras;;#N/D;;0;0;
OXP6X130;1SCA022057R0570;E 18;4;0;ABB;Chaves Seccionadoras;;#N/D;;10;6;
OXP6X150;1SCA022295R5600;E 18;1;0;ABB;Chaves Seccionadoras;;#N/D;;1;0;
OXP6X161;OXP6X161;E 18;94;0;ABB;Chaves Seccionadoras;;#N/D;;94;0;
OXP6X210;1SCA022295R6080;E 18;28;0;ABB;Chaves Seccionadoras;;#N/D;;30;2;
OXP6X290;OXP6X290;E 18;1;0;ABB;Chaves Seccionadoras;;#N/D;;1;0;
OXP6X360;1SCA022042R6530;E 18;11;0;ABB;Chaves Seccionadoras;;#N/D;;15;4;
OXP6X400;1SCA108226R1001;E 18;6;0;ABB;Chaves Seccionadoras;;#N/D;;7;1;
OXP6X430;1SCA022056R6030;E 18;2;0;ABB;Chaves Seccionadoras;;#N/D;;12;10;
OXS5X180;OXS5X180;E 18;0;0;ABB;Chaves Seccionadoras;;#N/D;;0;0;
OXS6X105;OXS6X105;E 18;6;0;ABB;Chaves Seccionadoras;;#N/D;;6;0;
OXS6X130;OXS6X130;E 18;18;0;ABB;Chaves Seccionadoras;;#N/D;;20;2;
OXS6X180;OXS6X180;E 18;5;0;ABB;Chaves Seccionadoras;;#N/D;;17;12;
OXS6X250;1SCA101660R1001;E 18;10;0;ABB;Chaves Seccionadoras;;#N/D;;10;0;
OXS6X330;1SCA101661R1001;E 18;6;0;ABB;Chaves Seccionadoras;;#N/D;;11;5;
P/N 96881501;CABO CINZA3;F 55;1;0;ALLEN BRADLEY;;F\CX;#N/D;;1;0;
P222216;P222216;N/A;2;0;FERRAZ SHAWMUT;;6A X 690V;#N/D;;2;0;
P6X188TO;P6X188TO;N/A;1;0;ABB;;;#N/D;;1;0;
PADLOCK OPEN A1-A2;1SDA066171R1;H 02;4;0;ABB;;;;;4;0;
PADLOCK OPEN PLUG XT1-XT3;1SDA066588R1;G 02;15;0;ABB;;;#N/D;;15;0;
PADLOCK OPEN XT1-XT3;1SDA066589R1;G 02;6;0;ABB;;;#N/D;;7;1;
PADLOCK OPEN-CLOSED A1-A2;1SDA066172R1;H 02;1;0;ABB;;;;;1;0;
PADLOCKE1.2-XT7M;1SDA073800R1;H 02;0;0;ABB;;;;;1;1;
PADLOCKXT1-XT3;1SDA066591R1;G 01;10;0;ABB;;;;;10;0;
PADLOCKXT2-XT4;1SDA066592R1;G 02;2;CERTO;ABB;;;#N/D;;10;8;
PARA VD4;1VCF339799S0300;;1;0;ABB;;;;;1;0;
PDF11FBPO;1SAJ924006R0001;N/A;15;0;ABB;;;#N/D;;15;0;
PDP22FBP100;1SAJ240100R1010;N/A;30;0;ABB;;CABLE;#N/D;;30;0;
PDR11FBP150;1SAJ924007R0001;N/A;0;0;ABB;;;#N/D;;0;0;
PDX11FBP050;1SAJ924001R0005;N/A;2;0;ABB;;CABLE;#N/D;;2;0;
PDX11FBP300;1SAJ924001R0030;N/A;6;0;ABB;;CABLE;#N/D;;6;0;
PFEA11120;3BSE028140R0020;N/A;1;0;ABB;;;#N/D;;1;0;
PLACA BORNE-M3BP315;3GVC0000000179;N/A;4;0;ABB;;;#N/D;;4;0;
PLACA OTM - OME4PB;1SCA120152R1001;C 08;1;0;ABB;;COM DEFEITO;#N/D;;1;0;
PLASTIC;3AXD50000668618;ARMARIO 01;1;0;ABB;;;;;1;0;
PLUGIN1250A;PLUGIN1250A;N/A;1;0;ABB;;;#N/D;;1;0;
PLUTOB46v2;2TLA020070R1700;N/A;0;CERTO;ABB;;PLACA 4X2 2 POSTOS;X;;0;0;
PM5032-T-TETH;1SAP123400R0172;D 06;1;0;ABB;EPRs – Produtos eletrônicos e relés;;#N/D;;1;0;
PM5052-T-ETH;1SAP124000R0172;D 06;0;;ABB;EPRs – Produtos eletrônicos e relés;;;;0;0;
PM5072-T-2ETH;1SAP124500R0173;D 06;1;0;ABB;EPRs – Produtos eletrônicos e relés;;;;1;0;
PM571-ETH;1SAP130100R0170;D 06;1;0;ABB;EPRs – Produtos eletrônicos e relés;;;;1;0;
PM573ETH;1SAP130300R0271;D 06;1;0;ABB;EPRs – Produtos eletrônicos e relés;;#N/D;;2;1;
PM581B1;1SAP140100R0100;D 06;3;0;ABB;EPRs – Produtos eletrônicos e relés;;#N/D;;3;0;
PM6Y801R6IP21;PM6Y801R6IP21;N/A;0;0;NIDEC;;VENTILADOR 24 V DC;#N/D;;0;0;
PN130737;PN130737;F 39;4;0;N;;;#N/D;;4;0;
POWER RESISTOR;68262704;ARMARIO 01;0;0;ABB;Resistor de frenagem p/ inversores;;#N/D;;3;3;
POWER RESIT;68265380;ARMARIO 01;4;0;ABB;Resistor de frenagem p/ inversores;;#N/D;;5;1;
PP8653BSE042236R1;PP8653BSE042236R1;F;0;0;ALLEN BRADLEY;;;#N/D;;0;0;
PR120;1SDA058252R1;H 02;0;CERTO;ABB;;;#N/D;;2;2;
PR120/D-BT;1SDA058257R1;H 02;2;0;ABB;;;#N/D;;2;0;
PROFIBUS DP;PROFIBUS DP;N/A;0;0;ABB;;;#N/D;;0;0;
PROFIBUS DPV0V1;PROFIBUS DPV0V1;N/A;0;0;ABB;;PDQ22-FBP.0;#N/D;;0;0;
PS1/12;2CDL210001R1012;N/A;0;CERTO;ABB;Proteção elétrica e dispositivos modulares;PLACA 2 POSTOS SEP. 4X2;X;;0;0;
PS1/60;2CDL210001R1060;N/A;6;CERTO;ABB;Proteção elétrica e dispositivos modulares;PLACA 4X2;X;;6;0;
PS1-2-1-65;1SAM201906R1112;E 03;4;CERTO;ABB;Proteção para motores;PLACA 4 X 2  3 POSTOS;X;;4;0;
PS1-3-0-65;1SAM201906R1103;E 03;0;0;ABB;Proteção para motores;;#N/D;;0;0;
PS1-3-1-65;1SAM201906R1113;E 03;4;CERTO;ABB;Proteção para motores;PLACA 4X2 3 POSTOS;X;;4;0;
PS1-4-0-65;1SAM201906R1104;E 03;5;CERTO;ABB;Proteção para motores;PLACA 4X2 3 POSTOS;X;;5;0;
PS1-4-1-65;1SAM201906R1114;E 03;3;CERTO;ABB;Proteção para motores;PLACA 4X2 3 POSTOS;X;;4;1;
PS1-4-2-65;1SAM201906R1124;E 03;1;CERTO;ABB;Proteção para motores;;#N/D;;1;0;
PS1-5-0-65;1SAM201906R1105;E 03;1;CERTO;ABB;Proteção para motores;;#N/D;;2;1;
PS1-5-1-65;1SAM201906R1115;E 03;4;CERTO;ABB;Proteção para motores;PLACA 4X2 3 POSTOS;X;;4;0;
PS3/12;2CDL230001R1012;N/A;9;CERTO;ABB;Proteção elétrica e dispositivos modulares;;#N/D;;9;0;
PS3/60/16;2CDL230001R1660;N/A;12;0;ABB;Proteção elétrica e dispositivos modulares;;#N/D;;15;3;
PSE105-600-70;PSE105-600-70;B 02;1;0;ABB;;;#N/D;;1;0;
PSE142-600-70;1SFA897110R7000;B 02;1;CERTO;ABB;;PLACA 4X2 3 POSTOS;X;;3;2;
PSE170-600-70;1SFA897111R7000;B 02;1;CERTO;ABB;;PLACA 4X2 3 POSTOS;X;;1;0;
PSE25-600-70;1SFA897102R7000;B 02;0;CERTO;ABB;;;#N/D;;0;0;
PSE30-600-70;1SFA897103R7000;B 02;0;0;ABB;                                       ;;#N/D;;0;0;
PSE37-600-70;1SFA897104R7000;B 02;0;0;ABB;;;#N/D;;0;0;
PSE60-600-70;1SFA897106R7000;B 02;0;0;ABB;;;#N/D;;0;0;
PSE72-600-70;PSE72-600-70;B 02;1;0;ABB;;;#N/D;;4;3;
PSE85-600-70;1SFA897108R7000;B 02;0;0;ABB;;;#N/D;;0;0;
PSEEK;1SFA897100R1001;D 02;4;0;ABB;;;#N/D;;4;0;
PSEHMI-2;1SFA899219R7002;N/A;0;0;ABB;;CONTROL;#N/D;;0;0;
PS-MBIA;1SFA899300R1020;C 09;1;0;ABB;;;#N/D;;1;0;
PSPCB-500S;1SFA899020R1500;ARMARIO 01;1;CERTO;ABB;;CIRCUIT BOARD;#N/D;;1;0;
PSR FAN 3-45A;PSR FAN 3-45A;N/A;0;0;ABB;;;#N/D;;0;0;
PSR105-600-70;1SFA896115R7000;D 36;0;CERTO;ABB;;PLACA 4X2 3 POSTOS;X;;0;0;
PSR105-600-81;1SFA896115R8100;D 36;0;CERTO;ABB;;;#N/D;;0;0;
PSR12-600-70;1SFA896106R7000;D 36;0;CERTO;ABB;;PLACA 4X4 CEGO;X;;1;1;
PSR16-600-70;1SFA896107R7000;D 36;0;CERTO;ABB;;;#N/D;;1;1;
PSR25-600-70;1SFA896108R7000;D 36;2;CERTO;ABB;;;#N/D;;5;3;
PSR25-600-81;1SFA896108R8100;D 36;16;CERTO;ABB;;;#N/D;;16;0;
PSR30-600-70;1SFA896109R7000;D 36;5;CERTO;ABB;;PLACA CEGA 4X4;X;;7;2;
PSR37-600-70;1SFA896110R7000;D 36;2;CERTO;ABB;;;#N/D;;4;2;
PSR45-600-11;1SFA896111R1100;D 36;0;CERTO;ABB;;BH;#N/D;;0;0;
PSR45-600-70;1SFA896111R7000;D 36;0;CERTO;ABB;;PLACA 1+1 4X4;X;;3;3;
PSR60-600-70;1SFA896112R7000;D 36;2;CERTO;ABB;;PLACA 1+1 POSTOS 4;X;;3;1;
PSR6-600-70;1SFA896104R7000;D 36;1;CERTO;ABB;;;#N/D;;1;0;
PSR72-600-70;1SFA896113R7000;D 36;0;CERTO;ABB;;;#N/D;;1;1;
PSR85-600-70;1SFA896114R7000;D 36;0;CERTO;ABB;;PLACA 4X4  2.2 POSTOS;X;;0;0;
PSR9-600-70;1SFA896105R7000;D 36;0;CERTO;ABB;;;#N/D;;0;0;
D2D146-AA28-28;;ARMARIO 02;2;0;ABB;VENTILADOR;;;;2;0;
PSS60105-500L;1SFA892006R1002;N/A;1;0;ABB;;;#N/D;;1;0;
PST/B  DISPARO;PST/B  DISPARO;ARMARIO 01;1;CERTO;ABB;;;#N/D;;1;0;
PST/B CONTROLE;PST/B CONTROLE;N/A;1;0;ABB;;;#N/D;;1;0;
PST21060070;1SFA894012R7000;N/A;0;0;ABB;;;#N/D;;0;0;
PST5060070;1SFA894005R7000;N/A;0;0;ABB;;SEM PLACA;#N/D;;1;1;
PST7260070;1SFA894007R7000;N/A;0;0;ABB;;SEM PLACA;#N/D;;1;1;
PSTEK;1SFA899003R1000;N/A;0;0;ABB;;;#N/D;;0;0;
PSTX105-600-70;PSTX105-600-70;B 02;1;CERTO;ABB;Softstarters;;#N/D;;3;2;
PSTX142-600-70;1SFA898110R7000;B 02;0;CERTO;ABB;Softstarters;;X;;1;1;
PSTX170-600-70;1SFA898111R7000;B 02;0;CERTO;ABB;Softstarters;;X;;0;0;
PSTX210-600-70;1SFA898112R7000;B 02;0;CERTO;ABB;Softstarters;;X;;0;0;
PSTX250-600-70;1SFA898113R7000;B 01;0;CERTO;ABB;Softstarters;;X;;0;0;
PSTX300-600-70;1SFA898114R7000;B 01;1;CERTO;ABB;Softstarters;;X;;2;1;
PSTX30-600-70;1SFA898103R7000;B 02;2;CERTO;ABB;Softstarters;;X;;2;0;
PSTX37-600-70;1SFA898104R7000;B 02;0;CERTO;ABB;Softstarters;CAIXA ESTA VELHA;#N/D;;0;0;
PSTX45-600-70;1SFA898105R7000;B 02;3;CERTO;ABB;Softstarters;;#N/D;;3;0;
PSTX470-600-70;1SFA898116R7000;B 02;0;CERTO;ABB;Softstarters;;X;;0;0;
PSTX60-600-70;1SFA898106R7000;B 02;0;CERTO;ABB;Softstarters;;#N/D;;3;3;
PSTX72-600-70;1SFA898107R7000;B 02;0;CERTO;ABB;Softstarters;;X;;0;0;
PSTX85-600-70;1SFA898108R7000;B 02;2;0;ABB;Softstarters;;;;2;0;
Q6BAT;Q6BAT;N/A;9;CERTO;MITSUBISHI;;;#N/D;;9;0;
QCAP10KVAR220V;2GCA296934A0031;B 08;0;0;ABB;; 220V;#N/D;;2;2;
QCAP10KVAR380V;2GCA296958A0031;B 08;4;0;ABB;; 380V;#N/D;;4;0;
QCAP12,5KVAR480V;2GCA294472A0031B;B 08;0;0;ABB;; 480V;#N/D;;0;0;
QCAP15KVAR220V;QCAP15KVAR;B 08;0;0;ABB;; 220V;#N/D;;9;9;
QCAP15KVAR380V;2GCA296968A0031;B 08;8;0;ABB;; 380V;#N/D;;8;0;
QCAP20,9-25KVAR480V;2GCA294473A0031;B 08;0;0;ABB;; 480V;#N/D;;0;0;
QCAP20KVAR380V;2GCA296973A0031;B 08;26;0;ABB;; 380V;#N/D;;28;2;
QCAP25KVAR380V;2GCA296978A0031;B 08;0;0;ABB;; 380V;#N/D;;0;0;
QCAP30KVAR400V;2GCA297023A0031;B 08;2;0;ABB;;30KVAR X 400V;#N/D;;2;0;
QCAP30KVAR440V;2GCA297106A0031;B 08;13;0;ABB;;30KVAR X 440V;#N/D;;25;12;
QCAP5KVAR220V;2GCA296919A0031;B 08;9;0;ABB;;5KVAR x 220V;#N/D;;9;0;
QCAP7,5KVAR220V;QCAP7,5KVAR;N/A;1;0;ABB;;7,5KVAR X 220V;#N/D;;1;0;
QG60;1W4500;N/A;1;CERTO;MITSUBISHI;;;#N/D;;1;0;
QUADRO DE DISTRIBUIÇÃO ;1SL2048A00;N/A;16;0;ABB;;;#N/D;;16;0;
QUADRO DE DISTRIBUIÇÃO ;1SL2063A00;N/A;16;0;ABB;;MAIS 2 SEM TAMPA;#N/D;;16;0;
R2 IP21/IP55 MAIN FAN;3AXD50000014387;N/A;3;0;ABB;;FAN AXIAL;#N/D;;3;0;
D2D-160-CE02-11;;ARMARIO 02;1;0;ABB;VENTILADOR;;;;1;0;
D2E133-AM47-01;;ARMARIO 02;1;0;ABB;VENTILADOR;;;;1;0;
D3G146-AB06-10;;ARMARIO 02;2;0;ABB;VENTILADOR;;;;2;0;
DV4650-470;DV4650-470;ARMARIO 02;1;0;ABB;VENTILADOR;FAN AXIAL;; 230V-50HZ ;1;0;
DV6224/2;DV6224/2;ARMARIO 02;0;CERTO;ABB;;        VENTILADOR DC24V;#N/D;;0;0;
LONG LIFE FAN , CENTRIFUGAL;3AXD50000422975;ARMARIO 02;2;0;ABB;;                                          VENTILADOR;#N/D;;2;0;
3AXD0000260621;3AXD0000260621;;1;0;ABB;;                                          VENTILADOR;#N/D;;1;0;
MODULE FAN KIT 14;3AXD50000265411;ARMARIO 02;1;0;ABB;;                                           VENTILADOR;;;1;0;
PSR-FAN3-45A;1SFA896311R1001;ARMARIO 02;9;0;ABB;;VENTILADOR 3-45A;#N/D;;9;0;
R3 IP21/IP55 MAIN FAN;3AXD50000014388;ARMARIO 02;2;CERTO;ABB;;FAN AXIAL;#N/D;;2;0;
R5;3AUA0000077627;ARMARIO 02;1;CERTO;ABB;;FAN AXIAL;#N/D;;1;0;
FD4020L24W9-71;FD4020L24W9-71;ARMARIO 02;1;CERTO;COOLTRON;VENTILADOR;FAN AXIAL;; DC24V - 2.40W ;1;0;
4414MLR;4414MLR;ARMARIO 02;3;CERTO;EBMPAPST;;  VENTILADOR     ;#N/D;;3;0;
7114NHR;PM6Y801R5IP21;ARMARIO 02;0;CERTO;EBMPAPST;;             VENTILADOR 24 V DC;#N/D;;0;0;
MB40202V2-000U-A99;MB40202V2-000U-A99;ARMARIO 02;1;0;MAGLEV;VENTILADOR;FAN AXIAL;; DC24V - 0.80W ;1;0;
;;;0;;;;;;;0;0;
;;;0;;;;;;;0;0;
R7 IGBT WIRE HARNESS;68689015;ARMARIO 01;2;CERTO;ABB;;;#N/D;;3;1;
R8 IGBT WIRE 3PCS RIBBON CABLE;R\Z;N/A;0;0;ABB;;;#N/D;;0;0;
R8 IGBT WIRE HARNESS;68689023;ARMARIO 01;1;CERTO;ABB;;;#N/D;;5;4;
RA2896802ZZ;RA2896802ZZ;N/A;2;0;ABB;;OBSOLETO;#N/D;;2;0;
RA8596806;RA8596806;N/A;1;0;ABB;;OBSOLETO;#N/D;;1;0;
RATING PLUG IN 4000A E 4/6;1SDA058232R1;N/A;1;0;ABB;;;#N/D;;1;0;
RB0658802;RB0658802;N/A;3;0;ABB;;OBSOLETO;#N/D;;3;0;
RB0658803;RB0658803;N/A;1;0;ABB;;OBSOLETO;#N/D;;1;0;
RB121-24VUC;1SNA645001R0300;D 09;3;0;ABB;;;#N/D;;3;0;
RC5-1/250;1SBN050100R1002;CAIXA 03;52;0;ABB;;;X;;52;0;
RC5-1/50;1SBN050100R1000;CAIXA 03;382;0;ABB;;40X0,1;X;;382;0;
RCNA01;RCNA01;N/A;0;0;ABB;;;#N/D;;0;0;
RD3-48;2CSJ201001R0001;D05;0;;ABB;;220 VCA;;;0;0;
RDCO03C;RDCO03C;C 09;0;0;ABB;;26/set;#N/D;;0;0;
RDNA01;RDNA01;N/A;0;0;ABB;;;#N/D;;0;0;
REF.117 TRUE RMS;REF.117 TRUE RMS;N/A;0;0;FLUKE;;MULTIMETER A\V;#N/D;;0;0;
REF.T5-600;REF.T5-600;N/A;0;0;FLUKE;;AMPERIMETRO;#N/D;;0;0;
REF-413;RF3D-146-180K506DSF2326;N/A;0;0;EMC;;;#N/D;;0;0;
REF610A51HCNT;REF610A51HCNT;B 03;1;0;ABB;;CAIXA ABERTA;#N/D;;1;0;
REJ601BE446NN 1XG;REJ601BE446NN 1XG;A 03;3;0;ABB;;;#N/D;;3;0;
RELE DE ABERTURA SOR220;1SDA066317R1;G 15;1;CERTO;ABB;;;#N/D;;1;0;
RELE R16-300A-XT4;1SDA067377R1;G 11;1;0;ABB;;;;;1;0;
RELE YU XT1/XT4;1SDA066398R1;G 15;2;CERTO;ABB;;;#N/D;;2;0;
RESISTOR ;68265380;ARMARIO 01;2;0;ABB;;;;;2;0;
RET615;HBTHBCADNBC8BNN11G;B 03;0;0;ABB;;;#N/D;;0;0;
RETA02;RETA02;N/A;0;0;ABB;;;#N/D;;0;0;
RHDT6;1SDA104832R1;G 05;0;0;ABB;;virou t7;#N/D;;0;0;
RHDT7;1SDA062120R1;G 05;0;0;ABB;;;#N/D;;1;1;
RHEA1-A2;1SDA066158R1;G 01;5;CERTO;ABB;;1 C/INC;#N/D;;12;7;
RHEA3;1SDA066159R1;G 01;0;CERTO;ABB;;10X38;X;;5;5;
RHET4-T5;1SDA054929R1;G 01;0;CERTO;ABB;;;#N/D;;0;0;
RHET6;1SDA060409R1;G 05;0;0;ABB;;aberto;#N/D;;0;0;
RHET7;1SDA062122R1;G 05;1;0;ABB;;;#N/D;;1;0;
RHEXT1-XT3;1SDA066479R1;G 01;0;CERTO;ABB;;;#N/D;;26;26;
RHEXT2-XT4;1SDA069055R1;G 01;1;CERTO;ABB;;;#N/D;;4;3;
RHEXT6;1SDA104853R1;G 09;0;0;ABB;;;#N/D;;3;3;
RHEXT7;RHEXT7;G 01;1;0;ABB;;;#N/D;;2;1;
RINT5521C;3AUA0000017489;ARMARIO 01;1;CERTO;ABB;;BOARD KIT;#N/D;;1;0;
RM395231C03;RM395231C03;F;1;0;ALLEN BRADLEY;;;#N/D;;1;0;
RPBA01;RPBA01;C 05;0;CERTO;ABB;;;#N/D;;8;8;
RPLC03;RPLC03;N/A;0;0;ABB;;;#N/D;;0;0;
RPM03;RPM03;N/A;4;0;ABB;;;#N/D;;4;0;
RS232;RS232;N/A;1;0;ABB;;;#N/D;;1;0;
RT6;2TLA010026R0000;N/A;0;0;ABB;;24VDC;#N/D;;0;0;
RTAC-01C;RTAC-01C;N/A;0;0;ABB;;;#N/D;;0;0;
RVBC6/60;GHV2501902R0002;N/A;3;0;ABB;;24V;#N/D;;3;0;
RVC12;2GCA294987A0050;N/A;0;0;ABB;;;#N/D;;0;0;
RVC3;2GCA294983A0050;N/A;4;0;ABB;;;#N/D;;4;0;
RVC6;2GCA294984A0050;N/A;0;0;ABB;;;#N/D;;0;0;
RVC6-1/5A;2GCA288097A0050;N/A;0;0;ABB;;;#N/D;;0;0;
RVC8;2GCA294985A0050;N/A;0;0;ABB;;;#N/D;;0;0;
RVC8-1/5A;2GCA288096A0050;N/A;0;0;ABB;;;#N/D;;0;0;
RXMH2;RK223067AP;N/A;1;0;ABB;;;#N/D;;1;0;
S1-M1-25;1SAM201907R1101;E 03;0;0;ABB;Proteção para motores;;#N/D;;0;0;
S1M225;1SAM201907R1102;E 03;1;0;ABB;Proteção para motores;;#N/D;;1;0;
S200-OE4;S200-OE4;F;0;0;ALLEN BRADLEY;;;#N/D;;0;0;
S200T-BNF;S200T-BNF;N/A;0;0;ABB;MINI DISJUNTOR;;#N/D;;0;0;
S201-B10;2CDS251001R0105;N/A;180;0;ABB;MINI DISJUNTOR;;#N/D;;180;0;
S201-B2;2CDS251001R0025;N/A;13;0;ABB;MINI DISJUNTOR;;#N/D;;13;0;
S201-C0,5;2CDS251001R0984;N/A;0;CERTO;ABB;MINI DISJUNTOR;;#N/D;;0;0;
S201-C02;2TAZ110100R1024;K;3;0;ABB;MINI DISJUNTOR;;#N/D;;6;3;
S201-C04;2TAZ110100R1044;K;23;0;ABB;MINI DISJUNTOR;;;;28;5;
S201-C06;2TAZ110100R1064;K;20;0;ABB;MINI DISJUNTOR;;#N/D;;32;12;
S201-C10;2TAZ110100R1104;K;14;CERTO;ABB;MINI DISJUNTOR;1 FORA DA CAIXA;X;;34;20;
S201-C100;2CDS251001R0824;K;3;0;ABB ;MINI DISJUNTOR;;;;3;0;
S201-C16;2TAZ110100R1164;K;1;0;ABB;MINI DISJUNTOR;;#N/D;;10;9;
S201-C20;2TAZ110100R1204;K;8;0;ABB;MINI DISJUNTOR;;#N/D;;12;4;
S201-C25;2TAZ110100R1254;K;0;0;ABB;MINI DISJUNTOR;;#N/D;;1;1;
S201-C40;2TAZ110100R1404;K;16;0;ABB;MINI DISJUNTOR;4 PÇ DA NOVA LINHA;#N/D;;20;4;
S201-C50;2TAZ110100R1504;K;13;0;ABB;MINI DISJUNTOR;;#N/D;;15;2;
S201-C63;2TAZ110100R1634;K;17;0;ABB;MINI DISJUNTOR;;#N/D;;19;2;
S201-K1,6A;2CDS251001R0257;N/A;0;CERTO;ABB;MINI DISJUNTOR;;#N/D;;0;0;
S201-K16A;S201-K16A;N/A;0;0;ABB;MINI DISJUNTOR;;#N/D;;0;0;
S201-K40A;2CDS251001R0557;N/A;7;CERTO;ABB;MINI DISJUNTOR;;#N/D;;7;0;
S201-K50A;2CDS251001R0577;N/A;9;CERTO;ABB;MINI DISJUNTOR;;#N/D;;9;0;
S201-K6A;2CDS251001R0377;N/A;0;0;ABB;MINI DISJUNTOR;;#N/D;;0;0;
S201M-C50;2CDS271001R0504;N/A;6;0;ABB;MINI DISJUNTOR;;#N/D;;6;0;
S201M-C63;2CDS271001R0634;N/A;56;0;ABB;MINI DISJUNTOR;;#N/D;;56;0;
S201M-K1A;2CDS271001R0217;N/A;10;0;ABB;MINI DISJUNTOR;;#N/D;;10;0;
S201M-K20A;2CDS271001R0487;N/A;3;0;ABB;MINI DISJUNTOR;;#N/D;;3;0;
S201M-K4A;2CDS271001R0337;N/A;4;0;ABB;MINI DISJUNTOR;;#N/D;;4;0;
S201P-C20;2CDS281001R0204;N/A;4;0;ABB;MINI DISJUNTOR;;#N/D;;4;0;
S201P-C50;2CDS281001R0504;N/A;1;0;ABB;MINI DISJUNTOR;;#N/D;;1;0;
S201P-D40;2CDS281001R0401;N/A;4;0;ABB;MINI DISJUNTOR;;#N/D;;4;0;
S201P-K32A;2CDS281001R0537;N/A;4;0;ABB;MINI DISJUNTOR;;#N/D;;4;0;
S201P-K6A;2CDS281001R0377;N/A;2;0;ABB;MINI DISJUNTOR;;#N/D;;2;0;
S201T-C40;2CDS251001R0404;N/A;33;0;ABB;MINI DISJUNTOR;;#N/D;;33;0;
S201-Z16A;2CDS251001R0468;N/A;0;0;ABB;MINI DISJUNTOR;;#N/D;;0;0;
S201-Z4A;2CDS251001R0338;N/A;0;CERTO;ABB;MINI DISJUNTOR;;X;;0;0;
S202-B40;2CDS252001R0405;N/A;19;0;ABB;MINI DISJUNTOR;;#N/D;;19;0;
S202-C04;2CDS252001R004;K;0;0;ABB;MINI DISJUNTOR;;#N/D;;0;0;
S202-C06;S202-C06;K;0;0;ABB;MINI DISJUNTOR;;#N/D;;0;0;
S202-C10;S202-C10;K;40;0;ABB;MINI DISJUNTOR;;#N/D;;95;55;
S202-C100;2CDS252001R0824;K;0;CERTO;ABB;MINI DISJUNTOR;;X;;0;0;
S202-C16;2TAZ110200R1164;K;15;0;ABB ;MINI DISJUNTOR;;;;16;1;
S202-C20;2CDS252001R0204;K;0;0;ABB;MINI DISJUNTOR;;#N/D;;21;21;
S202-C25;2CDS252001R0254;K;15;0;ABB;MINI DISJUNTOR;;#N/D;;15;0;
S202-C32;2CDS252001R0324;K;19;0;ABB;MINI DISJUNTOR;;#N/D;;19;0;
S202-C40;2CDS252001R0404;K;6;CERTO;ABB;MINI DISJUNTOR;;#N/D;;6;0;
S202-C50;2CDS252001R0504;K;15;0;ABB;MINI DISJUNTOR;DISJ.ANT;#N/D;;15;0;
S202-C6;2CDS252001R0064;K;12;0;ABB;MINI DISJUNTOR;;#N/D;;12;0;
S202-C63;2CDS252001R0634;K;7;0;ABB;MINI DISJUNTOR;DISJ.ANT;#N/D;;7;0;
S202-C80;2CDS252001R0804;K;0;0;ABB;MINI DISJUNTOR;;#N/D;;0;0;
S202-K16A;2CDS252001R0467;N/A;0;0;ABB;MINI DISJUNTOR;;#N/D;;0;0;
S202-K2A;2CDS252001R0277;N/A;0;0;ABB;MINI DISJUNTOR;;#N/D;;0;0;
S202-K4A;2CDS252001R0337;N/A;0;0;ABB;MINI DISJUNTOR;;#N/D;;0;0;
S202M-C02;2CDS272001R0024;L 16;2;0;ABB;MINI DISJUNTOR;;#N/D;;2;0;
S202M-C04;2CDS272001R0044;L 16;2;0;ABB;MINI DISJUNTOR;;#N/D;;2;0;
S202M-C40;2CDS272001R0404;L 16;40;0;ABB;MINI DISJUNTOR;;#N/D;;40;0;
S202M-K63A;2CDS272001R0607;L 16;0;0;ABB;MINI DISJUNTOR;;#N/D;;0;0;
S202P-C4;2CDS282001R0044;N/A;71;0;ABB;MINI DISJUNTOR;;#N/D;;71;0;
S202T-C10;S202T-C10;L 14;2;CERTO;ABB;MINI DISJUNTOR;;#N/D;;2;0;
S203-C0,5;2CDS253001R0984;K;2;CERTO;ABB;MINI DISJUNTOR;;X;;2;0;
S203-C02;2CDS253001R0024;K;1;CERTO;ABB;MINI DISJUNTOR;;#N/D;;1;0;
S203-C04;2CDS253001R0044;K;3;0;ABB;MINI DISJUNTOR;;#N/D;;3;0;
S203-C06;2CDS253001R0064;K;1;0;ABB;MINI DISJUNTOR;;#N/D;;1;0;
S203-C10;2CDS253001R0104;K;0;0;ABB;MINI DISJUNTOR;;#N/D;;4;4;
S203-C100;S203-C100;K;0;CERTO;ABB;MINI DISJUNTOR;;#N/D;;1;1;
S203-C20;2CDS253001R0204;K;2;0;ABB;MINI DISJUNTOR;;#N/D;;2;0;
S203-C25;;K;1;0;ABB;MINI DISJUNTOR;;;;1;0;
S203-C40;2CDS253001R0404;K;0;0;ABB;MINI DISJUNTOR;;#N/D;;0;0;
S203-C50;2CDS253001R0504;K;0;0;ABB;MINI DISJUNTOR;;#N/D;;2;2;
S203-C63;2TAZ110300R1634;K;2;0;ABB;MINI DISJUNTOR;;#N/D;;4;2;
S203-C80;2CDS253001R0804;K;0;0;ABB;MINI DISJUNTOR;;#N/D;;0;0;
S203-K40;2CDS253001R0557;N/A;4;CERTO;ABB;MINI DISJUNTOR;;X;;4;0;
S203M-C20;2CDS273001R0204;N/A;15;0;ABB;MINI DISJUNTOR;;#N/D;;15;0;
S203M-C63;2CDS273001R0634;N/A;0;0;ABB;MINI DISJUNTOR;;#N/D;;0;0;
S203M-K10;2CDS273001R0427;N/A;37;0;ABB;MINI DISJUNTOR;;#N/D;;37;0;
S203M-K16;2CDS273001R0467;N/A;2;0;ABB;MINI DISJUNTOR;;#N/D;;2;0;
S203M-K50;2CDS273001R0577;N/A;0;0;ABB;MINI DISJUNTOR;;#N/D;;0;0;
S203P-C10;2CDS283001R0104;N/A;1;0;ABB;MINI DISJUNTOR;;#N/D;;1;0;
S203P-C32;2CDS283001R0324;N/A;2;0;ABB;MINI DISJUNTOR;;#N/D;;2;0;
S203P-K20;2CDS283001R0487;N/A;8;0;ABB;MINI DISJUNTOR;;#N/D;;8;0;
S203P-K50;2CDS283001R0577;N/A;1;0;ABB;MINI DISJUNTOR;;#N/D;;1;0;
S223K16A;GHS2230001R0467;CAIXA OBS;6;0;ABB;;;#N/D;;6;0;
S261C10;S261C10;N/A;1;0;ABB;MINI DISJUNTOR;;#N/D;;1;0;
S261C2;S261C2;N/A;2;0;ABB;MINI DISJUNTOR;;#N/D;;2;0;
S261C50;S261C50;N/A;323;0;ABB;MINI DISJUNTOR;;#N/D;;323;0;
S261C63;S261C63;N/A;69;0;ABB;MINI DISJUNTOR;;#N/D;;69;0;
S262C06;S262C06;CAIXA OBS;2;0;ABB;;;#N/D;;2;0;
S262C1;S262C1;N/A;63;0;ABB;MINI DISJUNTOR;;#N/D;;63;0;
S262C4;S262C4;N/A;24;0;ABB;MINI DISJUNTOR;;#N/D;;24;0;
S262C63;S262C63;N/A;2;0;ABB;MINI DISJUNTOR;F\CX;#N/D;;2;0;
S263C1;S263C1;N/A;84;0;ABB;MINI DISJUNTOR;;#N/D;;84;0;
S263C2;S263C2;N/A;8;0;ABB;MINI DISJUNTOR;;#N/D;;8;0;
S263C4;S263C4;N/A;19;0;ABB;MINI DISJUNTOR;;#N/D;;19;0;
S272C10;S272C10;N/A;1;0;ABB;MINI DISJUNTOR;CX\F;#N/D;;1;0;
S281K0,75A;S281K0,75A;N/A;2;0;ABB;MINI DISJUNTOR;;#N/D;;2;0;
S281K20A;S281K20A;N/A;1;0;ABB;MINI DISJUNTOR;;#N/D;;1;0;
S281K4A;S281K4A;N/A;6;0;ABB;MINI DISJUNTOR;;#N/D;;6;0;
S281UCC6;S281UCC6;CAIXA OBS;32;0;ABB;;;#N/D;;32;0;
S282UCC4;S282UCC4;N/A;1;0;ABB;MINI DISJUNTOR;;#N/D;;1;0;
S282UCC50;S282UCC50;N/A;1;0;ABB;MINI DISJUNTOR;;#N/D;;1;0;
S282UCK0,5A;S282UCK0,5A;N/A;3;0;ABB;MINI DISJUNTOR;;#N/D;;3;0;
S291C80;GHS2912001R0804;CAIXA OBS;37;0;ABB;;;#N/D;;37;0;
S293D80;GHS2932001R0801;CAIXA OBS;9;0;ABB;;;#N/D;;9;0;
S2CA1;2CDS200909R0001;L 07;1;0;ABB;;;#N/D;;1;0;
S2CH11L;2CDS200936R0001;L 07;44;0;ABB;;;#N/D;;57;13;
S2C-H6R;2CDS200912R0001;L 13;8;0;ABB;;;#N/D;;8;0;
S2CUA24AC;2CSS200911R0002;L 13;5;CERTO;ABB;;;#N/D;;5;0;
S2H11;GHS2701916R0001;N/A;8;0;ABB;;;#N/D;;8;0;
S2-S/H;GHS2801902R0008;L 13;11;CERTO;ABB;;;#N/D;;11;0;
S33M2-BS2-BGS2;1VCF339750S0395;G 02;1;CERTO;ABB;;;#N/D;;3;2;
S502UCB10;S502UCB10;N/A;1;0;ABB;;CX\F;#N/D;;1;0;
S-60-5;S-60-5;N/A;1;0;ABB;MINI DISJUNTOR;POWER SUPPLY;#N/D;;1;0;
S61B10;S61B10;N/A;0;0;ABB;MINI DISJUNTOR;;#N/D;;0;0;
S61B16;S61B16;N/A;0;0;ABB;MINI DISJUNTOR;;#N/D;;0;0;
S61C06;S61C06;N/A;0;0;ABB;MINI DISJUNTOR;;#N/D;;0;0;
S61C10;S61C10;N/A;0;0;ABB;MINI DISJUNTOR;F\CX;#N/D;;0;0;
S61C16;S61C16;N/A;0;0;ABB;MINI DISJUNTOR;;#N/D;;0;0;
S61C2;S61C2;N/A;0;0;ABB;MINI DISJUNTOR;;#N/D;;0;0;
S61C20;S61C20;N/A;0;0;ABB;MINI DISJUNTOR;;#N/D;;0;0;
S61C25;S61C25;N/A;0;0;ABB;MINI DISJUNTOR;;#N/D;;0;0;
S61C32;S61C32;N/A;0;0;ABB;MINI DISJUNTOR;;#N/D;;0;0;
S61C40;S61C40;N/A;0;0;ABB;MINI DISJUNTOR;;#N/D;;0;0;
S61C50;S61C50;N/A;0;0;ABB;MINI DISJUNTOR;;#N/D;;0;0;
S61C63;S61C63;N/A;0;0;ABB;MINI DISJUNTOR;;#N/D;;0;0;
S61TB6;S61TB6;N/A;0;0;ABB;MINI DISJUNTOR;;#N/D;;0;0;
S62C10;S62C10;N/A;0;0;ABB;MINI DISJUNTOR;;#N/D;;0;0;
S62C16;S62C16;N/A;0;0;ABB;MINI DISJUNTOR;;#N/D;;0;0;
S62C2;S62C2;N/A;0;0;ABB;MINI DISJUNTOR;;#N/D;;0;0;
S62C20;S62C20;N/A;0;0;ABB;MINI DISJUNTOR;;#N/D;;0;0;
S62C25;S62C25;N/A;0;0;ABB;MINI DISJUNTOR;;#N/D;;0;0;
S62C32;S62C32;N/A;0;0;ABB;MINI DISJUNTOR;;#N/D;;0;0;
S62C4;S62C4;N/A;0;0;ABB;MINI DISJUNTOR;;#N/D;;0;0;
S62C40;S62C40;N/A;0;0;ABB;MINI DISJUNTOR;;#N/D;;0;0;
S62C50;S62C50;N/A;0;0;ABB;MINI DISJUNTOR;;#N/D;;0;0;
S62C63;S62C63;N/A;0;0;ABB;MINI DISJUNTOR;;#N/D;;0;0;
S63C10;S63C10;N/A;0;0;ABB;MINI DISJUNTOR;;#N/D;;0;0;
S63C16;S63C16;N/A;0;0;ABB;MINI DISJUNTOR;;#N/D;;0;0;
S63C20;S63C20;N/A;0;0;ABB;MINI DISJUNTOR;;#N/D;;0;0;
S63C32;S63C32;N/A;0;0;ABB;MINI DISJUNTOR;;#N/D;;0;0;
S63C4;S63C4;N/A;0;0;ABB;MINI DISJUNTOR;;#N/D;;0;0;
S63C40;S63C40;N/A;0;0;ABB;MINI DISJUNTOR;;#N/D;;0;0;
S63C50;S63C50;N/A;0;0;ABB;MINI DISJUNTOR;;#N/D;;0;0;
S63C6;S63C6;N/A;0;0;ABB;MINI DISJUNTOR;;#N/D;;0;0;
S63C63;S63C63;N/A;0;0;ABB;MINI DISJUNTOR;;#N/D;;0;0;
S64TC50;S64TC50;N/A;0;0;ABB;MINI DISJUNTOR;;#N/D;;0;0;
S7S 1250 R1000 4P;AD05065207;N/A;1;0;ABB;;;#N/D;;1;0;
S800SOR400;2CCS800900R0231;N/A;23;0;ABB;;;#N/D;;23;0;
S802SC80;2CCS862001R0804;N/A;33;0;ABB;;;#N/D;;33;0;
S803SC100;2CCS863001R0824;N/A;0;0;ABB;;;#N/D;;0;0;
SA1;GJF1101903R0001;N/A;0;CERTO;ABB;;;#N/D;;6;6;
SA1E;SA1E;N/A;30;CERTO;ABB;;;#N/D;;30;0;
SA3 CADEADO;GJF1101903R0003;N/A;4;0;ABB;;;#N/D;;4;0;
SC;1SNK900101R0000;N/A;0;0;ETE;;SEPARADOR DE CIRCUITO;#N/D;;0;0;
SCOP45DX485G;SCOP45DX485G;N/A;1;0;ABB;;;#N/D;;1;0;
SD834;3BSC610067R1;N/A;0;0;ABB;;;#N/D;;0;0;
SDCS-COM-81;3ADT314900R1002;D 06;1;0;ABB;;;#N/D;;2;1;
SDCSDSL4SET;3ADT2000005R0001;N/A;2;0;ABB;;;#N/D;;2;0;
SDCS-FEX-425 INT;3ADT209022R0001;N/A;0;0;ABB;;DC DRIVE;#N/D;;0;0;
S-DT12BC;S-DT12BC;N/A;1;CERTO;MITSUBISHI;;;#N/D;;1;0;
S-DT21BC;S-DT21BC;N/A;2;CERTO;MITSUBISHI;;;#N/D;;2;0;
S-DT50BC;SHA12-27;N/A;1;CERTO;MITSUBISHI;;;#N/D;;1;0;
SENSOR E4;1SDA069664R1;N/A;1;0;ABB;;;#N/D;;1;0;
SENTRY SSR10;2TLA010050R0000;E;4;CERTO;ABB;;;X;;25;21;
SENTRY SSR10M;2TLA010050R0100;E;1;CERTO;ABB;;;X;;7;6;
SF11580A;1083HBL.GN;N/A;0;0;SUNON;;VENTILADOR;#N/D;;0;0;
SH201-C40;2CDS211001R0404;N/A;10;0;ABB;MINI DISJUNTOR;OBSOLETO;#N/D;;10;0;
SH201L-C40;SH201L-C40;N/A;3;0;ABB;MINI DISJUNTOR;OBSOLETO;#N/D;;3;0;
SH201L-C63;SH201L-C63;N/A;12;0;ABB;MINI DISJUNTOR;OBSOLETO;#N/D;;12;0;
SH201T-C02;2CDS231001R0024;L 21;0;0;ABB;MINI DISJUNTOR;OBSOLETO;#N/D;;0;0;
SH201T-C04;SH201T-C04;L 21;9;0;ABB;MINI DISJUNTOR;OBSOLETO;#N/D;;9;0;
SH201T-C06;2CDS231001R0064;L 21;1;0;ABB;MINI DISJUNTOR;OBSOLETO;#N/D;;1;0;
SH201T-C10;2CDS231001R0104;L 21;0;0;ABB;MINI DISJUNTOR;OBSOLETO;#N/D;;0;0;
SH201T-C16;2CDS231001R0164;L 21;0;0;ABB;MINI DISJUNTOR;OBSOLETO;#N/D;;0;0;
SH201T-C20;2CDS231001R0204;L 21;9;0;ABB;MINI DISJUNTOR;OBSOLETO;#N/D;;9;0;
SH201T-C25;2CDS231001R0254;L 21;0;0;ABB;MINI DISJUNTOR;OBSOLETO;#N/D;;0;0;
SH201T-C32;2CDS231001R0324;L 21;54;0;ABB;MINI DISJUNTOR;OBSOLETO;#N/D;;54;0;
SH201T-C40;2CDS231001R0404;L 21;2;0;ABB;MINI DISJUNTOR;OBSOLETO;#N/D;;2;0;
SH201T-C50;2CDS231001R0504;L 21;25;0;ABB;MINI DISJUNTOR;OBSOLETO;#N/D;;25;0;
SH201T-C63;2CDS231001R0634;L 21;8;0;ABB;MINI DISJUNTOR;OBSOLETO;#N/D;;8;0;
SH202L-C20;2CDS242001R0204;L09;4;0;ABB;MINI DISJUNTOR;OBSOLETO;#N/D;;4;0;
SH202T-C02;2CDS232001R0024;L 22;28;0;ABB;MINI DISJUNTOR;OBSOLETO;#N/D;;28;0;
SH202T-C04;2CDS232001R0044;L 22;50;0;ABB;MINI DISJUNTOR;OBSOLETO;#N/D;;50;0;
SH202T-C06;2CDS232001R0064;L 22;0;0;ABB;MINI DISJUNTOR;OBSOLETO;#N/D;;0;0;
SH202T-C10;2CDS232001R0104;L 22;0;0;ABB;MINI DISJUNTOR;OBSOLETO;#N/D;;0;0;
SH202T-C16;2CDS232001R0164;L 22;0;0;ABB;MINI DISJUNTOR;OBSOLETO;#N/D;;0;0;
SH202T-C20;2CDS232001R0204;L 22;0;0;ABB;MINI DISJUNTOR;OBSOLETO;#N/D;;0;0;
SH202T-C25;2CDS232001R0254;L 22;0;0;ABB;MINI DISJUNTOR;OBSOLETO;#N/D;;0;0;
SH202T-C32;2CDS232001R0324;L 22;0;0;ABB;MINI DISJUNTOR;OBSOLETO;#N/D;;0;0;
SH202T-C40;2CDS232001R0404;L 22;50;0;ABB;MINI DISJUNTOR;OBSOLETO;#N/D;;53;3;
SH202T-C50;2CDS232001R0504;L 22;2;0;ABB;MINI DISJUNTOR;OBSOLETO;#N/D;;2;0;
SH202T-C63;2CDS232001R0634;L 22;6;0;ABB;MINI DISJUNTOR;OBSOLETO;#N/D;;6;0;
SH203-C10;2CDS213001R0104;N/A;17;0;ABB;MINI DISJUNTOR;OBSOLETO;#N/D;;17;0;
SH203-C16;2CDS213001R0164;N/A;6;0;ABB;MINI DISJUNTOR;OBSOLETO;#N/D;;6;0;
SH203-L04;SH203-L04;N/A;4;0;ABB;MINI DISJUNTOR;OBSOLETO;#N/D;;4;0;
SH203-L06;SH203-L06;N/A;1;0;ABB;MINI DISJUNTOR;OBSOLETO;#N/D;;1;0;
SH203L-C16 ;SH203L-C16 ;N/A;8;0;ABB;MINI DISJUNTOR;OBSOLETO;#N/D;;8;0;
SH203T-C02;2CDS233001R0024;L 23;2;0;ABB;MINI DISJUNTOR;OBSOLETO;#N/D;;2;0;
SH203T-C04;2CDS233001R0044;L 23;4;0;ABB;MINI DISJUNTOR;OBSOLETO;#N/D;;4;0;
SH203T-C06;2CDS233001R0064;L 23;7;0;ABB;MINI DISJUNTOR;OBSOLETO;#N/D;;7;0;
SH203T-C10;2CDS233001R0104;L 23;15;0;ABB;MINI DISJUNTOR;OBSOLETO;#N/D;;15;0;
SH203T-C16;2CDS233001R0164;L 23;4;0;ABB;MINI DISJUNTOR;OBSOLETO;#N/D;;4;0;
SH203T-C20;2CDS233001R0204;L 23;9;0;ABB;MINI DISJUNTOR;OBSOLETO;#N/D;;9;0;
SH203T-C25;2CDS233001R0254;L 23;0;0;ABB;MINI DISJUNTOR;OBSOLETO;#N/D;;0;0;
SH203T-C32;2CDS233001R0324;L 23;0;0;ABB;MINI DISJUNTOR;OBSOLETO;#N/D;;0;0;
SH203T-C40;2CDS233001R0404;L 23;0;0;ABB;MINI DISJUNTOR;OBSOLETO;#N/D;;0;0;
SH203T-C50;2CDS233001R0504;L 23;0;0;ABB;MINI DISJUNTOR;OBSOLETO;#N/D;;0;0;
SH203T-C63;2CDS233001R0634;L 23;0;0;ABB;MINI DISJUNTOR;OBSOLETO;#N/D;;0;0;
SH803-C100;2TAZ190300R0824;L 04;9;0;ABB;MINI DISJUNTOR;;#N/D;;16;7;
SH803-C125;2TAZ190300R0844;L 04;13;0;ABB;MINI DISJUNTOR;;#N/D;;24;11;
SH803-C80;2TAZ190300R0804;L 04;5;0;ABB;MINI DISJUNTOR;;#N/D;;19;14;
SHUNT - 120AC-DC;1SDA062069R1;G 15;2;CERTO;ABB;;;#N/D;;2;0;
SHUNT - 24V-AC-DC;1SDA062065R1;G 15;1;CERTO;ABB;;;#N/D;;1;0;
SHUNT25A;SHUNT25A;C 11;3;0;SIEMENS;;25AX60mV;#N/D;;3;0;
SIDIN80630APF;SIDIN80630APF;N/A;1;0;FERRAZ SHAWMUT;;630V X 700V;#N/D;;1;0;
SIGNALLING YU E1/6-T8;1SDA038340R1;G 02;4;0;ABB;;;#N/D;;4;0;
SJ201C32;2TAZ141100R0324;N/A;1;0;ABB;MINI DISJUNTOR;;#N/D;;1;0;
SJ201T-C02;2TAZ144100R0024;L 03;30;CERTO;ABB;MINI DISJUNTOR;;X;;122;92;
SJ201T-C04;2TAZ144100R0044;L 03;63;CERTO;ABB;MINI DISJUNTOR;;#N/D;;96;33;
SJ201T-C06;2TAZ144100R0064;L 03;47;CERTO;ABB;MINI DISJUNTOR;;#N/D;;83;36;
SJ201T-C10;2TAZ144100R0104;L 03;346;CERTO;ABB;MINI DISJUNTOR;;#N/D;;457;111;
SJ201T-C16;2TAZ144100R0164;L 03;355;CERTO;ABB;MINI DISJUNTOR;;#N/D;;493;138;
SJ201T-C20;2TAZ144100R0204;L 03;96;CERTO;ABB;MINI DISJUNTOR;;X;;691;595;
SJ201T-C25;2TAZ144100R0254;L 03;286;CERTO;ABB;MINI DISJUNTOR;;X;;375;89;
SJ201T-C32;2TAZ144100R0324;L 03;348;CERTO;ABB;MINI DISJUNTOR;;X;;376;28;
SJ201T-C40;2TAZ144100R0404;L 03;33;CERTO;ABB;MINI DISJUNTOR;;X;;106;73;
SJ201T-C50;2TAZ144100R0504;L 03;59;CERTO;ABB;MINI DISJUNTOR;;X;;65;6;
SJ201T-C63;2TAZ144100R0634;L 03;109;CERTO;ABB;MINI DISJUNTOR;;X;;111;2;
SJ202-C04;2TAZ141200R0044;;3;0;ABB;MINI DISJUNTOR;;;;3;0;
SJ202T-C02;2TAZ144200R0024;L 04;15;CERTO;ABB;MINI DISJUNTOR;;X;;34;19;
SJ202T-C04;2TAZ144200R0044;L 04;86;CERTO;ABB;MINI DISJUNTOR;;X;;97;11;
SJ202T-C06;2TAZ144200R0064;L 04;1;CERTO;ABB;MINI DISJUNTOR;;X;;72;71;
SJ202T-C10;2TAZ144200R0104;L 04;184;CERTO;ABB;MINI DISJUNTOR;;X;;241;57;
SJ202T-C16;2TAZ144200R0164;L 04;94;CERTO;ABB;MINI DISJUNTOR;;#N/D;;152;58;
SJ202T-C20;2TAZ144200R0204;L 04;22;CERTO;ABB;MINI DISJUNTOR;;X;;96;74;
SJ202T-C25;2TAZ144200R0254;L 04;36;CERTO;ABB;MINI DISJUNTOR;;#N/D;;93;57;
SJ202T-C32;2TAZ144200R0324;L 04;43;CERTO;ABB;MINI DISJUNTOR;;#N/D;;66;23;
SJ202T-C40;2TAZ144200R0404;L 04;4;CERTO;ABB;MINI DISJUNTOR;;X;;25;21;
SJ202T-C50;2TAZ144200R0504;L 04;1;CERTO;ABB;MINI DISJUNTOR;;#N/D;;7;6;
SJ202T-C63;2TAZ144200R0634;L 04;56;CERTO;ABB;MINI DISJUNTOR;;X;;60;4;
SJ203T-C02;2TAZ144300R0024;L 05;39;CERTO;ABB;MINI DISJUNTOR;;X;;52;13;
SJ203T-C04;2TAZ144300R0044;L 05;42;CERTO;ABB;MINI DISJUNTOR;;X;;57;15;
SJ203T-C06;2TAZ144300R0064;L 05;58;CERTO;ABB;MINI DISJUNTOR;;X;;59;1;
SJ203T-C10;2TAZ144300R0104;L 05;22;CERTO;ABB;MINI DISJUNTOR;;X;;37;15;
SJ203T-C16;2TAZ144300R0164;L 05;73;CERTO;ABB;MINI DISJUNTOR;;X;;86;13;
SJ203T-C20;2TAZ144300R0204;L 05;56;CERTO;ABB;MINI DISJUNTOR;CABLE;X;;70;14;
SJ203T-C25;2TAZ144300R0254;L 05;24;CERTO;ABB;MINI DISJUNTOR;;X;;47;23;
SJ203T-C32;2TAZ144300R0324;L 05;35;CERTO;ABB;MINI DISJUNTOR;;#N/D;;54;19;
SJ203T-C40;2TAZ144300R0404;L 05;15;CERTO;ABB;MINI DISJUNTOR;;#N/D;;73;58;
SJ203T-C50;2TAZ144300R0504;L 05;49;CERTO;ABB;MINI DISJUNTOR;;#N/D;;55;6;
SJ203T-C63;2TAZ144300R0634;L 05;41;CERTO;ABB;MINI DISJUNTOR;;X;;56;15;
SK1-02;1SAM201903R1003;C 19;9;CERTO;ABB;Proteção para motores;;X;;9;0;
SK1-11;1SAM201903R1001;C 19;21;0;ABB;Proteção para motores;;#N/D;;30;9;
SK411;1SAM401904R1001;D 26;1;0;ABB;Proteção para motores;;#N/D;;1;0;
SK615546-6;SK615546-6;E 16;11;CERTO;ABB;;;#N/D;;44;33;
SK616001A;SK616001A;N/A;0;0;ABB;;;#N/D;;0;0;
SK616001B;SK616001B;N/A;2;0;ABB;;;#N/D;;2;0;
SK616003A;SK616003A;N/A;9;0;ABB;;;#N/D;;9;0;
SK825400-AE;SK825400-AE;C 19;2;0;ABB;;110V  F\CX;#N/D;;2;0;
SKG9FAN3F56;SKG9FAN3F56;F;1;0;ALLEN BRADLEY;;;#N/D;;1;0;
SKH1GDB1F13D;SKH1GDB1F13D;F;1;0;ALLEN BRADLEY;;;#N/D;;1;0;
SKKH250\18E;SKKH250\18E;N/A;0;0;SEMIKRON;;TIRISTOR;#N/D;;0;0;
SK-M9-FAN1-E1;SK-M9-FAN1-E1;F;1;0;ALLEN BRADLEY;;;#N/D;;1;0;
SKR1CBPH1F8;SKR1CBPH1F8;F;1;0;ALLEN BRADLEY;;;#N/D;;1;0;
SKR1CBPRES2F8;SKR1CBPRES2F8;F;1;0;ALLEN BRADLEY;;;#N/D;;1;0;
SKR1PWRS1EFF8;SKR1PWRS1EFF8;F;1;0;ALLEN BRADLEY;;;#N/D;;1;0;
SMIO-01C;3AFE68631343;ARMARIO 01;0;CERTO;ABB;;;#N/D;;0;0;
SNAT602;EXC61001395;ARMARIO 01;1;CERTO;ABB;;TERMINAL+CONN.SET ;#N/D;;1;0;
SNAT7261;58422177;ARMARIO 01;2;CERTO;ABB;Módulo eletrônico;MAIN CIRC. INTERFACE;#N/D;;2;0;
SNAT7640;60032076;ARMARIO 01;2;CERTO;ABB;Módulo eletrônico;CONTROL  INTERFACE;#N/D;;2;0;
SNK12830K;SNK12830K;N/A;5;0;ABB;;;#N/D;;5;0;
SOR 110V S6-S7;1SDA014138R1;N/A;1;0;ABB;;;#N/D;;1;0;
SOR 220/230V S6-S7;1SDA014140R1;N/A;4;0;ABB;;;#N/D;;4;0;
SORXT5-XT6;1SDA104926R1;G 20;1;CERTO;ABB;;;#N/D;;1;0;
SPA-ZC21;SR951021;D 06;3;0;ABB;;RS951021;#N/D;;3;0;
SPA-ZC22A0B2M;SPA-ZC22A0B2M;D 06;1;0;ABB;;;;;1;0;
SPF3000TLHVM48;SPF3000TLHVM48;N/A;0;0;GROWATT;;;#N/D;;0;0;
SPRINGS T7M-X1;1SDA062107R1;G 15;1;CERTO;ABB;;;#N/D;;1;0;
SRN10625K;SRN10625K;N/A;0;0;ABB;;;#N/D;;0;0;
SRN12630K;SRN12630K;N/A;4;0;ABB;;;#N/D;;4;0;
SRN6420K;SRN6420K;N/A;1;0;ABB;;;#N/D;;1;0;
SRN7520K;SRN7520K;N/A;0;0;ABB;;;#N/D;;0;0;
SRN8625K;SRN8625K;N/A;4;0;ABB;;;#N/D;;4;0;
SS822;3BSC610042R1;ARMARIO 01;1;CERTO;ABB;;;#N/D;;1;0;
SS832;3BSC610068R1;N/A;2;0;ABB;;F\CX  24Vdc;#N/D;;2;0;
SSPORD;1VCF309599S1011;G 21;1;0;ABB;;;#N/D;;1;0;
S-T10;S-T10;N/A;4;CERTO;MITSUBISHI;;;#N/D;;4;0;
S-T10BC;S-T10BC;N/A;1;CERTO;MITSUBISHI;;;#N/D;;1;0;
S-T12BC;S-T12BC;N/A;1;CERTO;MITSUBISHI;;;#N/D;;1;0;
S-T21BC;S-T21BC;N/A;0;CERTO;MITSUBISHI;;;#N/D;;0;0;
S-T25BC;S-T25BC;N/A;0;CERTO;MITSUBISHI;;;#N/D;;0;0;
S-T35BC;S-T35BC;N/A;1;CERTO;MITSUBISHI;;;#N/D;;1;0;
ST6;C9025866700;N/A;1;0;ABB;;;#N/D;;1;0;
S-T80CW;SHA12-362;N/A;1;CERTO;MITSUBISHI;;;#N/D;;1;0;
SZAST25I;2CDL200001R2501;N/A;0;0;ABB;;;#N/D;;0;0;
SZESK2;2CDL200001R3501;E 03;100;0;ABB;;;#N/D;;100;0;
SZKLB12;GJI2320071R0013;N/A;10;0;ABB;;;#N/D;;10;0;
SZ-KTR40122;GJ2024027R0001;N/A;94;0;ABB;;;#N/D;;94;0;
SZN6\3C;GHV0360876R0011;N/A;10;0;ABB;;;#N/D;;10;0;
T16-1,3;1SAZ711201R1025;N/A;0;CERTO;ABB;;;X;;0;0;
T1EA100R15;TMAXT1EA100R15;G 13;2;0;ABB;;;#N/D;;2;0;
T1T3;1SDA051383R1;N/A;0;0;ABB;;;#N/D;;0;0;
T4-T5-T7-T7M-X1-A3 ;1SDA054970R1;H 22;5;0;ABB;;;#N/D;;5;0;
T7 (4 PÓLOS);RA3651804ZZ;N/A;1;0;ABB;;;#N/D;;1;0;
T7DU0,16A;1SAZ111301R0001;N/A;14;0;ABB;;;#N/D;;14;0;
T7DU6A;1SAZ111301R0009;N/A;1;0;ABB;;;#N/D;;1;0;
T7MX1;1SDA062115R1;G 16;1;CERTO;ABB;;110V;#N/D;;5;4;
T7T7MX1;1SDA063119R1;N/A;0;0;ABB;;;#N/D;;0;0;
T7-T7M-X1;1SDA063093R1;N/A;0;0;ABB;;;#N/D;;0;0;
T7-T7M-X1;1SDA063116R1;N/A;0;0;ABB;;;#N/D;;0;0;
T7-XT7;1SDA063120R1;G 03;7;0;ABB;;TERMINAL HORIZONTAL;#N/D;;7;0;
T8;LAMPADA TUBULAR1;N/A;117;0;ELGIN;;18W-6500K-1850LUMENS;#N/D;;117;0;
T8;LAMPADA TUBULAR2;N/A;117;0;OSRAM;;18W-6500K-1850LUMENS;#N/D;;117;0;
T8442;T8442;F;1;0;ALLEN BRADLEY;;;#N/D;;1;0;
T8461;T8461;F;1;0;ALLEN BRADLEY;;;#N/D;;1;0;
T8480;T8480;F;1;0;ALLEN BRADLEY;;;#N/D;;1;0;
TA030DM0,4A;TA030DM040NA;N/A;12;0;ABB;Proteção para motores;;#N/D;;12;0;
TA030DM0,9A;TA030DM090NA;N/A;12;0;ABB;Proteção para motores;;#N/D;;12;0;
TA030DM1,3A;TA030DM113NA;N/A;4;0;ABB;Proteção para motores;;#N/D;;4;0;
TA030DM15A;TA030DM215NA;N/A;1;0;ABB;Proteção para motores;;#N/D;;1;0;
TA030DM19A;TA030DM219NA;N/A;1;0;ABB;Proteção para motores;;#N/D;;1;0;
TA030DM3,3A;TA030DM133NA;N/A;5;0;ABB;Proteção para motores;;#N/D;;5;0;
TA030DM32A;TA030DM232NA;N/A;2;0;ABB;Proteção para motores;;#N/D;;2;0;
TA030DM8,5A;TA030DM185NA;N/A;1;0;ABB;Proteção para motores;;#N/D;;1;0;
TA110DU-110M;TA110DU-110M;N/A;3;0;ABB;Proteção para motores;;#N/D;;3;0;
TA110DU-110M;1SAZ411201R2002;;3;0;ABB;Proteção para motores;;;;3;0;
TA25DU-0,16M;1SAZ211201R2005;N/A;3;0;ABB;Proteção para motores;;#N/D;;3;0;
TA25DU-0,25M;1SAZ211201R2009;N/A;3;0;ABB;Proteção para motores;;#N/D;;3;0;
TA25DU-0,4A;1SAZ211201R1013;E 05;8;0;ABB;Proteção para motores;;#N/D;;8;0;
TA25DU-0,63M;1SAZ211201R2017;E 05;6;CERTO;ABB;Proteção para motores;;X;;6;0;
TA25DU-0.4M;1SAZ211201R2013;;1;0;ABB;Proteção para motores;;;;1;0;
TA25DU-1.0M;1SAZ211201R2021;E 05;2;0;ABB;Proteção para motores;;;;2;0;
TA25DU-1.4M;1SAZ211201R2023;E 05;4;0;ABB;Proteção para motores;;#N/D;;4;0;
TA25DU-1.8M;1SAZ211201R2025;E 05;8;0;ABB;Proteção para motores;;#N/D;;8;0;
TA25DU-11M;1SAZ211201R2043;E 05;0;0;ABB;Proteção para motores;;#N/D;;3;3;
TA25DU-14A;1SAZ211201R1045;E 05;0;0;ABB;Proteção para motores;;#N/D;;1;1;
TA25DU-14M;1SAZ211201R2045;E 05;1;0;ABB;Proteção para motores;;;;2;1;
TA25DU-19M;1SAZ211201R2047;N/A;3;0;ABB;Proteção para motores;;#N/D;;3;0;
TA25DU-2.4M;1SAZ211201R2028;E 05;4;CERTO;ABB;Proteção para motores;;X;;4;0;
TA25DU-25M;1SAZ211201R2051;E 05;6;0;ABB;Proteção para motores;;#N/D;;6;0;
TA25DU-25M;1SAZ211201R2051;;6;0;ABB;Proteção para motores;;;;6;0;
TA25DU-3.1M;1SAZ211201R2031;N/A;3;0;ABB;Proteção para motores;;#N/D;;3;0;
TA25DU-32M;1SAZ211201R2053;E 05;4;0;ABB;Proteção para motores;;#N/D;;4;0;
TA25DU-4.0M;1SAZ211201R2033;N/A;2;CERTO;ABB;Proteção para motores;;X;;4;2;
TA25DU-5.0M;1SAZ211201R2035;N/A;3;0;ABB;Proteção para motores;;#N/D;;3;0;
TA25DU-6.5M;1SAZ211201R2038;E 05;3;CERTO;ABB;Proteção para motores;;X;;3;0;
TA25DU-8.5M;1SAZ211201R2040;E 05;3;CERTO;ABB;Proteção para motores;;X;;3;0;
TA42DU-25M;1SAZ311201R2001;N/A;3;0;ABB;Proteção para motores;;#N/D;;3;0;
TA42DU-32M;1SAZ311201R2002;N/A;3;0;ABB;Proteção para motores;;#N/D;;3;0;
TA42DU-42M;1SAZ311201R2003;N/A;0;0;ABB;Proteção para motores;;#N/D;;3;3;
TA565-11;1TNE968901R3106;D 06;0;;ABB;Contatores;;;;0;0;
TA565-9;1TNE968901R3105;D 06;0;;ABB;Contatores;;;;0;0;
TA75DU-25M;1SAZ321201R2001;E 04;1;0;ABB;Proteção para motores;;;;2;1;
TA75DU-32M;1SAZ321201R2002;N/A;3;0;ABB;Proteção para motores;;#N/D;;3;0;
TA75DU-42M;1SAZ321201R2003;N/A;3;0;ABB;Proteção para motores;;#N/D;;3;0;
TA75DU-52M;1SAZ321201R2004;N/A;4;0;ABB;Proteção para motores;;#N/D;;4;0;
TA75DU-63M;1SAZ321201R2005;N/A;3;0;ABB;Proteção para motores;;#N/D;;3;0;
TA75DU-80M;1SAZ321201R2006;N/A;3;0;ABB;Proteção para motores;;#N/D;;3;0;
TA80DU-42;1SAZ331201R1003;N/A;3;0;ABB;Proteção para motores;;#N/D;;3;0;
TA80DU-52;1SAZ331201R2004;;2;0;ABB;Proteção para motores;;;;2;0;
TA80DU-80M;1SAZ331201R2006;N/A;3;CERTO;N;Proteção para motores;;#N/D;;3;0;
TAC-W7-G5-RD-MC-0;ABB6AGC085386;B 01;1;0;ABB;;CARREGADOR TERRA AC;#N/D;;1;0;
TAL16-30-10-55;1SBL183061R5510;N/A;10;0;ABB;;50-90VDC  /  400V;#N/D;;10;0;
TAL26-30-10RT-57;1SBL243060R5710;N/A;8;0;ABB;;400V;#N/D;;8;0;
TAL30-30-10RT-55;1SBL283060R5510;N/A;3;0;ABB;;400V;#N/D;;3;0;
TAL9-30-10;1SBL143061R5110;N/A;4;0;ABB;;32VDC;#N/D;;4;0;
TAL9-40-00;1SBL143261R6600;N/A;2;0;ABB;;90\150V;#N/D;;2;0;
TAMPA DE BRAÇO S6 ISO;1SDA014040R1;N/A;1;0;ABB;;;#N/D;;1;0;
TB511ETHC1;1SAP111100R0270;D 06;0;0;ABB;EPRs – Produtos eletrônicos e relés;;#N/D;;3;3;
TB557J2E000J1;TB557J2E000J1;N/A;1;0;ABB;;;#N/D;;1;0;
TBC16-30-10;FPL1813061R6106;N/A;1;0;ABB;;90\150V;#N/D;;1;0;
TCA80M4-1CV-60HZ-B3;1009420-BR;N/A;0;0;MARATHON;;;#N/D;;0;0;
TCTAB-120-2500/5;2CNM519170R2500;N/A;3;0;ABB;Medidores;;#N/D;;3;0;
TCTAB-40-20/5A;2CNM519130R0020;D 05;1;0;ABB;Medidores;;#N/D;;1;0;
TCTAB-40-60/5A;2CNM519130R0060;D 05;2;0;ABB;Medidores;;#N/D;;2;0;
TCTAB-78-200/5A;2CNM519150R0200;D 05;0;0;ABB;Medidores;;#N/D;;0;0;
TCTAB-78-250/5A;2CNM519150R0250;D 05;9;0;ABB;Medidores;S/PARAFUSO;#N/D;;9;0;
TCTAB-78-500/5;2CNM519150R0500;D 05;0;0;ABB;Medidores;;#N/D;;0;0;
TCTAB-78-600/5;2CNM519150R0600;D 05;0;0;ABB;Medidores;;#N/D;;0;0;
TCTAB-78-800/5;2CNM519250R0800;D 05;0;0;ABB;Medidores;;#N/D;;3;3;
TCTAB-90-1500/5;2CNM519160R1500;D 05;0;0;ABB;Medidores;;#N/D;;0;0;
TCTAB-90-2500/5;2CNM519160R2500;D 05;0;0;ABB;Medidores;;#N/D;;0;0;
TCTAB-90-400/5;TCTAB-90-400/5;D 05;0;0;ABB;Medidores;;#N/D;;0;0;
TCTAB-90-800/5;2CNM519160R0800;D 05;0;0;ABB;Medidores;;#N/D;;0;0;
TCTABX-120-800/5;2CNM519270R0800;D 05;0;0;ABB;Medidores;;#N/D;;0;0;
TCTABX-78 200/5;2CNM519250R0200;D 05;0;0;ABB;Medidores;;#N/D;;0;0;
TCTABX-78 400/5;2CNM519250R0400;D 05;0;0;ABB;Medidores;;#N/D;;3;3;
TCTABX-78-100/5;2CNM519250R0100;D 05;0;0;ABB;Medidores;;#N/D;;3;3;
TCTABX-78-150/5A;2CNM519150R0150;D 05;3;0;ABB;Medidores;;#N/D;;3;0;
TCTABX-90-1600/5;2CNM519260R1600;D 05;3;0;ABB;Medidores;;#N/D;;4;1;
TCTABX-90-400/5;2CNM519260R0400;D 05;3;0;ABB;Medidores;;#N/D;;3;0;
TCTABX-90-600/5;TCTABX-90-600/5;D 05;3;0;ABB;Medidores;;#N/D;;3;0;
TD190N16SOF;G2332;ARMARIO 01;0;CERTO;INFINEON;;;#N/D;;0;0;
TD320N18OF;G2305;ARMARIO 01;0;CERTO;INFINEON;;;#N/D;;0;0;
TE4\D;TE4\D;N/A;1;0;ABB;;;#N/D;;1;0;
TEF5-OFF;1SBN020314R1000;N/A;6;CERTO;ABB;Contatos temporizados eletronicamente;;#N/D;;8;2;
TERM - KIT 1/2 3p F;1SDA038053R1;N/A;2;0;ABB;;;#N/D;;2;0;
TF140DU-142;1SAZ431201R1004;N/A;5;CERTO;ABB;;;X;;5;0;
TF42-13;TF42-13;N/A;0;CERTO;ABB;Proteção para motores;;#N/D;;1;1;
TF42-16;TF42-16;N/A;3;0;ABB;Proteção para motores;;#N/D;;3;0;
TF42-20;1SAZ721201R1049;N/A;2;CERTO;ABB;Proteção para motores;;#N/D;;2;0;
TF42-29;1SAZ721201R1052;;1;0;ABB;;;;;1;0;
TF42-38;1SAZ721201R1055;N/A;1;0;ABB;Proteção para motores;;#N/D;;1;0;
TF42-5.7;1SAZ721201R1038;N/A;26;CERTO;ABB;Proteção para motores;;X;;26;0;
TF85WE40;4000K;N/A;30;0;PHILIPS;;LAMPADA TF;#N/D;;30;0;
TGE865;TGE865;F;1;0;ALLEN BRADLEY;;;#N/D;;1;0;
TH2.5CM;1SCA114297R1001;C 09;1;0;ABB;;;#N/D;;1;0;
TINA4;2TLJ020054R0300;N/A;12;0;JOKAB;;;#N/D;;12;0;
TINA4;2TLA020054R0300;N/A;12;0;ABB;;;#N/D;;12;0;
TK212A;3BSC630197R1;N/A;1;0;AQ   WIRING;;;#N/D;;1;0;
TLZ530NA;TLZ530NA;N/A;0;0;TASCO;;TERMOSTATO;#N/D;;0;0;
TM5;1SNA216112R1000;N/A;10;0;ABB;;;#N/D;;10;0;
TRAFO-HB602-60/1;N003610040H1;D 05;1;0;ABB;;40X5A;#N/D;;1;0;
TRAFO-TAS704;R03670800H1;D 05;3;0;ABB;;800-5A;#N/D;;3;0;
TRAFO-TAS704;R03671200H1;D 05;3;0;ABB;;1200X5A;#N/D;;3;0;
TRAFO-TC602-100/5A;N003630100H1;D 05;1;0;ABB;;;#N/D;;1;0;
TRAFO-TC602-400/5A;N003630400H1;D 05;3;0;ABB;;;#N/D;;3;0;
TRAFO-TC602-50/5A;N003630050H1;D 05;1;0;ABB;;;#N/D;;1;0;
TRAFO-TC603-200/5A;N003650200H1;D 05;1;0;ABB;;;#N/D;;1;0;
TRAFO-TC603-300/5A;N003650300H1;D 05;2;0;ABB;;;#N/D;;2;0;
TRANSDUTOR CORRENTE ;64572814D;ARMARIO 01;0;0;ABB;;;;;1;1;
TS61000;1SDA064321R1;N/A;7;0;ABB;;;#N/D;;7;0;
TU515;1SAP212200R0001;D 06;6;0;ABB;EPRs – Produtos eletrônicos e relés;2 - S/CAIXA;#N/D;;6;0;
TU516;1SAP212000R0001;D 06;2;0;ABB;EPRs – Produtos eletrônicos e relés;2 - S/CAIXA;#N/D;;2;0;
TU811V1;3BSE013231R1;N/A;2;0;ABB;;;#N/D;;2;0;
TU831V1;3BSE013235R1;D 06;1;0;ABB;;;#N/D;;2;1;
UA1-230VAC;1SAM201904R1005;D 26;2;0;ABB;;;#N/D;;2;0;
UA16-30-10-36;1SBL181022R3610;D 27;3;0;ABB;;;;;9;6;
UA16-30-10-84;1SBL181022R3610;N/A;12;0;ABB;;110V;#N/D;;12;0;
UA26-30-10;1SBL241022R3610;N/A;1;CERTO;ABB;;;#N/D;;1;0;
UA26-30-10;1SBL241022R8110;N/A;1;CERTO;ABB;;220V;X;;1;0;
UA30-30-10-36;1SBL281022R3610;N/A;1;CERTO;ABB;;;X;;1;0;
UA50-30-00-26;1SBL351024R2600;N/A;0;0;ABB;;127V;#N/D;;0;0;
UA50-30-00-36;1SBL351022R3600;N/A;0;0;ABB;;220V  ;#N/D;;1;1;
UA50-30-00-81;;C 07;0;;ABB;;24VAC;;;0;0;
UA50-30-00-84;1SBL351022R8400;N/A;1;0;ABB;;110V;#N/D;;3;2;
UA63-30-00;1SBL371022R3600;N/A;0;0;ABB;;220V;#N/D;;0;0;
UA95-30-00-36;1SFL431022R3600;N/A;4;0;ABB;CONTATOR ;;#N/D;;5;1;
UKH95;VALME175;N/A;0;0;PHOENIX;;;#N/D;;0;0;
UL ACS800 R8 IGBT WIRE SP K3 ;68689023;ARMARIO 01;2;0;ABB;;;;;2;0;
UMAX120V;UMAX120V;N/A;0;0;ABB;;C\AB;#N/D;;0;0;
UMC100.3DC;1SAJ530000R0100;D 32;2;CERTO;ABB;;;#N/D;;2;0;
UMC1003UC;1SAJ530000R1100;D 32;2;0;ABB;;;#N/D;;2;0;
UMC100FBP0A3;1SAJ520000R0101;D 32;0;0;ABB;;;#N/D;;0;0;
UMC22FBP0A2;UMC22FBP0A2;D 32;2;0;ABB;;;#N/D;;2;0;
UMC22FBP0A6;1SAJ510000R0600;D 32;1;0;ABB;;;#N/D;;1;0;
UNIT400;3BSE041301R1;N/A;1;0;ABB;;;#N/D;;1;0;
USB-1747-PIC;USB-1747-PIC;F 15;1;0;ALLEN BRADLEY;;;#N/D;;1;0;
UT- MAL1A(1NO);1GN030;N/A;2;CERTO;MITSUBISHI;;;#N/D;;2;0;
UT- MAX1A(1NO);1GN034;N/A;2;CERTO;MITSUBISHI;;;#N/D;;2;0;
UT- MAX1B(1NC);1GN035;N/A;2;CERTO;MITSUBISHI;;;#N/D;;2;0;
UT- ML11BC;1PL551;N/A;1;CERTO;MITSUBISHI;;;#N/D;;1;0;
UT-AX11BC1A1B;1PL508;N/A;5;CERTO;MITSUBISHI;;;#N/D;;5;0;
UT-AX2BC;1PL502;N/A;5;CERTO;MITSUBISHI;;;#N/D;;5;0;
UT-AX4BC;1PL505;N/A;5;CERTO;MITSUBISHI;;;#N/D;;5;0;
UT-MT20;1GN040;N/A;1;CERTO;MITSUBISHI;;;#N/D;;1;0;
UT-MT32;1GN041;N/A;1;CERTO;MITSUBISHI;;;#N/D;;1;0;
UT-SA21;UT-SA21;N/A;1;CERTO;MITSUBISHI;;;#N/D;;1;0;
UT-SA22;UT-SA22;N/A;1;CERTO;MITSUBISHI;;;#N/D;;1;0;
UT-SA23;UT-SA23;N/A;1;CERTO;MITSUBISHI;;;#N/D;;1;0;
UVR-C T1-T2-T3;1SDA051351R1;N/A;0;0;ABB;;24VAC;#N/D;;0;0;
UXAB159440200;UXAB159440200;G 16;0;CERTO;ABB;;;#N/D;;0;0;
UXAB159446300;UXAB159446300;N/A;0;0;ABB;;;#N/D;;0;0;
UXAB169224002;UXAB169224002;N/A;2;0;ABB;;;#N/D;;2;0;
UXAB169225013;UXAB169225013;N/A;0;0;ABB;;;#N/D;;0;0;
UXAB169260003;UXAB169260003;F;1;0;ALLEN BRADLEY;;OBSOLETO;#N/D;;1;0;
UXAB169264002;UXAB169264002;N/A;5;0;ABB;;OBSOLETO;#N/D;;5;0;
UXAB179001R013;UXAB179001R013;F;4;0;ALLEN BRADLEY;;OBSOLETO;#N/D;;4;0;
UXAB189401R013;UXAB189401R013;F;1;0;ALLEN BRADLEY;;OBSOLETO;#N/D;;1;0;
UXAB239290918;UXAB239290918;N/A;1;0;ABB;;OBSOLETO;#N/D;;1;0;
UXAB389825912;UXAB389825912;N/A;0;0;ABB;;;#N/D;;0;0;
V-1SV;2Y447;N/A;2;CERTO;MITSUBISHI;;;#N/D;;2;0;
V320063C;V320063C;N/A;3;0;FERRAZ SHAWMUT;;100A X 690V;#N/D;;3;0;
V-AD3S;V-AD3S;N/A;1;CERTO;MITSUBISHI;;;#N/D;;1;0;
V-AD5S;V-AD5S;N/A;1;CERTO;MITSUBISHI;;;#N/D;;1;0;
VAZ-2FK-B3;VAZ-2FK-B3;N/A;5;0;ASI;;;#N/D;;5;0;
VB6A-30-01-80;GJL1211911R8010;C 32;12;0;ABB;;220-240V;#N/D;;12;0;
VBC6A-30-10;GJL1213911R0104;C 32;5;0;ABB;;125VDC;#N/D;;5;0;
VBC7A-30-01;VBC7A-30-01;C 32;2;0;ABB;;50 VD;#N/D;;2;0;
VDE0636NH00100A;VDE0636NH00100A;N/A;0;0;ELETROMEC;;100A X 500V;#N/D;;0;0;
VDE0636NH00160A;VDE0636NH00160A;N/A;0;0;ELETROMEC;;160A X 500V;#N/D;;0;0;
VDE0636NH0050A;VDE0636NH0050A;N/A;1;0;ELETROMEC;;50A X 500V;#N/D;;1;0;
VDE0636NH00UR100A;VDE0636NH00UR100A;N/A;2;0;ELETROMEC;;100A X 500V;#N/D;;2;0;
VDE0636NH00UR25A;VDE0636NH00UR25A;N/A;3;0;ELETROMEC;;25A X 500V;#N/D;;3;0;
VDE0636NH00UR80A;VDE0636NH00UR80A;N/A;3;0;ELETROMEC;;80A X 500V;#N/D;;3;0;
VDE0636NH1125A;VDE0636NH1125A;N/A;1;0;ELETROMEC;;125A X 500V;#N/D;;1;0;
VDE0636NH1UR200A;VDE0636NH1UR200A;N/A;12;0;ELETROMEC;;200A X 500V;#N/D;;12;0;
VDE0636NH3500V;VDE0636NH3500V;N/A;3;0;ELETROMEC;;500A X 500V;#N/D;;3;0;
VDE0636NH3630A;VDE0636NH3630A;N/A;3;0;ELETROMEC;;630A X 500V;#N/D;;3;0;
VDE636RET125A;VDE636RET125A;N/A;1;0;ETE;;125A X 500V;#N/D;;1;0;
VDE636RET25A;VDE636RET25A;N/A;3;0;ETE;;25A X 500V;#N/D;;3;0;
VDE636RET36A;VDE636RET36A;N/A;3;0;ETE;;36A X 500V;#N/D;;3;0;
VDE636RET50A;VDE636RET50A;N/A;1;0;ETE;;50A X 500V;#N/D;;1;0;
VE5-1;1SBN030110R1000;C;4;CERTO;ABB;Intertravamento mecânico e elétrico;;X;;4;0;
VE5-2;VE5-2;C;0;0;ABB;;;#N/D;;0;0;
VEM4;1SBN030111R1000;C 26;6;CERTO;ABB;Intertravamento mecânico e elétrico;;X;;6;0;
VENTILADOR;PM3Y631B23;N/A;1;0;ABB;;VENTILADOR;#N/D;;1;0;
VENTILADOR DC24V;MB40202V2-000U-A99;N/A;1;CERTO;SUNON;;;#N/D;;1;0;
VERSAVIEW5400BOX;6200P-12WS3A1;N/A;1;0;ABB;;F/CX;#N/D;;1;0;
VH800;SK829070-F;N/A;1;0;ABB;;;#N/D;;1;0;
VHS;VHS;F;0;0;ALLEN BRADLEY;;;#N/D;;0;0;
VM19;1SFN030300R1000;C 20;0;CERTO;ABB;Contatores;;X;;3;3;
VM300H;1SFN034700R1000;N/A;1;0;ABB;Contatores;;#N/D;;1;0;
VM4;1SBN030105T1000;C;0;CERTO;ABB;Intertravamento mecânico e elétrico;;#N/D;;1;1;
VM5-1;1SBN030100R1000;C 27;0;CERTO;ABB;Intertravamento mecânico e elétrico;;#N/D;;1;1;
VM750H ;1SFN035700R1000;N/A;0;0;ABB;Contatores;;#N/D;;0;0;
VM96-4;1SBN033405T1000;C 20;5;0;ABB;Intertravamento mecânico e elétrico;;#N/D;;6;1;
VMAX 17.12.25;211260;N/A;1;0;ABB;Módulo de acionamento;;;;1;0;
VOL-15KV;N104310130WC;D 18;8;0;ABB;;ESCALA LIG. A TP 13800X 115V (1QD);#N/D;;8;0;
VOL-250V;R104301250WE;D 18;3;0;ABB;;1 ESTA INCOMPLETO;#N/D;;3;0;
VOL-300Vcc;VOL-300Vcc;D 18;2;0;ABB;;PARA TRILHO;#N/D;;2;0;
VOL-600V;N104301600W1;D 18;3;0;ABB;;FM 96X96;#N/D;;3;0;
VOL-600V;R104101600WE;D 18;3;0;ABB;;EFICIENTE LIG. DIRETA 72X72;#N/D;;3;0;
VOL-BMK15-150Vcc;N001252150W1;D 18;1;0;ABB;;ESCALA\CAMPO 96X96BMK15;#N/D;;1;0;
VOL-FM250V;2CNM514213R0250;D 18;1;0;ABB;;LIG. DIR. 72X72;#N/D;;1;0;
VOL-FM40V;VOL-FM40V;D 18;1;0;SPARK;;;#N/D;;1;0;
VOL-FM500V;2CNM514223R0500;D 18;1;0;ABB;;LIG. DIR. 96X96;#N/D;;1;0;
W70;W70;F 46;1;0;ALLEN BRADLEY;;;#N/D;;1;0;
XLBM00;1SEP407742R0001;N/A;3;0;ABB;;estado duvidoso;#N/D;;3;0;
XLBM003P;1SEP102140R121;N/A;1;0;ABB;;estado duvidoso;#N/D;;1;0;
XLBM3;XLBM3;N/A;1;0;ABB;;estado duvidoso;#N/D;;1;0;
XLP00;1SEP101890R0002;C 22;1;CERTO;ABB;;DISPLAY  CX.  AMARELA;X;;5;4;
XLP000-6CC;1SEP201428R0001;C 22;6;0;ABB;;29/set;#N/D;;7;1;
XLP002P;1SEP600114R0001;N/A;0;CERTO;ABB;;DISPALY  CX.  VERDE;X;;0;0;
XLP1;1SEP101891R0002;D 17;2;CERTO;ABB;;;#N/D;;4;2;
XLP2;1SEP101892R0002;C 22;2;0;ABB;;;#N/D;;2;0;
XLP3;XLP3;N/A;0;0;ABB;;FORA DA CAIXA ;#N/D;;0;0;
XT1B160R100;1SDA066807R1;G 10;0;CERTO;ABB;;C/ABERTA;#N/D;;0;0;
XT1B160R125;1SDA066808R1;G 10;0;CERTO;ABB;;;#N/D;;0;0;
XT1B160R160;1SDA066809R1;G 10;3;CERTO;ABB;;;X;;3;0;
XT1B160R20;1SDA066800R1;G 10;1;CERTO;ABB;;IMCOMPLETO;#N/D;;1;0;
XT1B160R32;1SDA066802R1;G 10;0;CERTO;ABB;;;#N/D;;0;0;
XT1B160R63;1SDA066805R1;G 10;0;CERTO;ABB;;;#N/D;;0;0;
XT1B160R80;1SDA066806R1;G 10;0;CERTO;ABB;;;#N/D;;0;0;
XT1C160R25;1SDA067391R1;G 10;2;CERTO;ABB;;;X;;3;1;
XT1C160R32;1SDA067392R1;G 10;0;0;ABB;;;#N/D;;0;0;
XT1C160R40;1SDA067393R1;G 10 ;1;0;ABB;;;;;1;0;
XT1C160R50;1SDA067394R1;G 10 ;1;0;ABB;;1 CAIXA ABERTA ;;;2;1;
XT1FC160R60;1SDA065906R1;G 13;1;0;ABB;;;#N/D;;1;0;
XT1N160R100;1SDA067416R1;G 10;0;0;ABB;;1 C/ABERTA;#N/D;;0;0;
XT1N160R160;1SDA067418R1;G 10;0;0;ABB;;1 C/ABERTA;#N/D;;1;1;
XT1N160R32;1SDA067411R1;G 10;0;0;ABB;;;#N/D;;0;0;
XT1N160R40;1SDA050918R1;G 10;2;0;ABB;;C/ABERTA;#N/D;;2;0;
XT1N160R50;1SDA067413R1;G 10;0;0;ABB;;;#N/D;;0;0;
XT1N160R63;1SDA067414R1;G 10;0;0;ABB;;;#N/D;;0;0;
XT1N160R80;1SDA067415R1;G 10;1;0;ABB;;;#N/D;;1;0;
XT1S160R50;1SDA067431R1;G 10;2;CERTO;ABB;;;X;;2;0;
XT2H160R10;1SDA067592R1;N/A;0;0;ABB;;;#N/D;;0;0;
XT2H160R100;1SDA068165R1;N/A;0;CERTO;ABB;;;#N/D;;1;1;
XT2H160R20;1SDA051039R1;G 11;4;0;ABB;;;#N/D;;4;0;
XT2H160R40;1SDA051042R1;G 11;1;0;ABB;;;#N/D;;1;0;
XT2H160R40;1SDA067598R1;N/A;1;0;ABB;;;#N/D;;1;0;
XT2H160R80;1SDA067601R1;N/A;0;0;ABB;;;#N/D;;0;0;
XT2L160R100;1SDA051236R1;G 11;0;0;ABB;;;#N/D;;0;0;
XT2N160R10;1SDA067008R1;G 12;1;0;ABB;;;#N/D;;1;0;
XT2N160R100;1SDA067018R1;G 12;0;0;ABB;;;#N/D;;2;2;
XT2N160R16;1SDA050950R1;G 11;2;0;ABB;;;#N/D;;2;0;
XT2N160R160;1SDA067020R1;G 12;0;0;ABB;;;#N/D;;0;0;
XT2N160R63;1SDA067016R1;G 12;0;0;ABB;;;#N/D;;0;0;
XT2N160TMA40;1SDA067014R1BR;N/A;0;0;ABB;;;#N/D;;0;0;
XT2S160R100;1SDA067558R1;G 12;0;0;ABB;;;#N/D;;0;0;
XT2S160R16;1SDA067550R1;G 12;2;0;ABB;;;#N/D;;2;0;
XT2S160R20;1SDA050995R1;G 11;5;0;ABB;;;#N/D;;5;0;
XT2S160R20;1SDA067551R1;G 12;5;0;ABB;;;#N/D;;5;0;
XT2S160R25;1SDA067552R1;G 12;1;0;ABB;;;#N/D;;1;0;
XT2S160R63;1SDA067556R1;G 12;1;0;ABB;;;#N/D;;1;0;
XT2V160R160;1SDA067990R1;G 12;1;0;ABB;;C/ABERTA;#N/D;;1;0;
XT3C250R200;1SDA070416R1;G 13;0;0;ABB;;;#N/D;;0;0;
XT3C250R250;1SDA070417R1;G 13;0;0;ABB;;;#N/D;;0;0;
XT3N250R125;1SDA068072R1;G 13;1;CERTO;ABB;;;X;;1;0;
XT3N250R160;1SDA068057R1;G 13;3;CERTO;ABB;;;X;;3;0;
XT3N250R200;1SDA068058R1;G 13;0;0;ABB;;;#N/D;;0;0;
XT3N250R250;1SDA068059R1;G 13;0;0;ABB;;;#N/D;;0;0;
XT4N160R63;1SDA068138R1;G 13;0;CERTO;ABB;;;#N/D;;0;0;
XT4N250R250;TMAXXT4N250R250;G 13;1;0;ABB;;SEM CAIXA ;#N/D;;1;0;
XT4N320R320;1SDA054117R1;G 13;0;0;ABB;;;#N/D;;0;0;
XT5N400R400;1SDA054437R1;G 04;0;0;ABB;;;#N/D;;0;0;
XT5N630R630;1SDA054396R1;G 04;0;0;ABB;;;#N/D;;0;0;
XT5S630R630;1SDA100425R1BR;H 08;0;0;ABB;;;#N/D;;1;1;
XT5S630R630;1SDA054406R1;N/A;0;0;ABB;;;#N/D;;1;1;
XT6N630R630;1SDA060231R1;N/A;0;0;ABB;;;#N/D;;0;0;
XT6S800R800;1SDA060216R1;G 03;0;0;ABB;;;#N/D;;0;0;
XT7S600R1600;1SDA062994R1;G 03;0;0;ABB;;;#N/D;;0;0;
XT7XMLC;1SDA062127R1;N/A;0;0;ABB;;05/out;#N/D;;0;0;
XT7XT7M - HTC;1SDA105029R1;G 06;0;0;ABB;;;#N/D;;1;1;
YUB24V DC;1SDA046626R1;G 15;1;CERTO;ABB;;;#N/D;;1;0;
ZA110-127V;1SFN154310R2606;N/A;3;0;ABB;Contatores;R 26;#N/D;;3;0;
ZA110-220V;1FN154310R2606;N/A;39;0;ABB;bobina para contator;R 36;#N/D;;39;0;
ZA110-220V;1SFN154310R7506;N/A;39;0;ABB;Contatores;R 75;#N/D;;39;0;
ZA110-400V;ZA110-400V;N/A;7;0;ABB;bobina para contator;R 85;#N/D;;7;0;
ZA150-400V;ZA150-400V;N/A;5;0;ABB;bobina para contator;R 85;#N/D;;5;0;
ZA150X-220V;ZA150X-220V;N/A;1;0;ABB;bobina para contator;;#N/D;;1;0;
ZA16-120V;1SBN151410R8406;N/A;21;0;ABB;bobina para contator;R84;#N/D;;21;0;
ZA16-127V;1SBN151410R2606;N/A;2;0;ABB;bobina para contator;R26;#N/D;;2;0;
ZA16-140V;1SBN151410R2906;N/A;4;0;ABB;bobina para contator;R29;#N/D;;4;0;
ZA16-220V;1SBN151410R7506;N/A;20;0;ABB;bobina para contator;R36;#N/D;;20;0;
ZA16-220V;ZA16-220V;N/A;20;0;ABB;bobina para contator;R75;#N/D;;20;0;
ZA16-240V;1SBN151410R8006;N/A;1;0;ABB;bobina para contator;R80;#N/D;;1;0;
ZA16-24V;1SBN151410R8106;N/A;0;0;ABB;bobina para contator;R81  = TOTAL  151;#N/D;;0;0;
ZA16-415V;ZA16-415V;N/A;1;0;ABB;bobina para contator;R85;#N/D;;1;0;
ZA16-48V;1SBN151410R8306;N/A;1;0;ABB;bobina para contator;R83;#N/D;;1;0;
ZA185-400V;1SFN154710R3606;N/A;1;0;ABB;Contatores;R 84;#N/D;;1;0;
ZA25X-127V;ZA25X-127V;N/A;21;0;ABB;bobina para contator;R 26;#N/D;;21;0;
ZA25X-220V;ZA25X-220V;N/A;4;0;ABB;bobina para contator;R 75;#N/D;;4;0;
ZA25X-24V;ZA25X-24V;N/A;3;0;ABB;bobina para contator;;#N/D;;3;0;
ZA300-220V;1SFN155110R3606;C 25;0;0;ABB;Contatores;;#N/D;;0;0;
ZA40-120V;1SBN152410R8406;N/A;17;0;ABB;bobina para contator;R84;#N/D;;17;0;
ZA40-127V;1SBN152410R8906;N/A;3;0;ABB;bobina para contator;R26;#N/D;;3;0;
ZA40-127V;ZA40-127V;N/A;3;0;ABB;bobina para contator;R89;#N/D;;3;0;
ZA40-220V;1SBN152410R2606;N/A;16;0;ABB;bobina para contator;R36;#N/D;;16;0;
ZA40-220V;1SBN152410R3606;N/A;16;0;ABB;bobina para contator;R75;#N/D;;16;0;
ZA40-220V;1SBN152410R7506;N/A;16;0;ABB;bobina para contator;R75;#N/D;;16;0;
ZA40-24V;1SBN152410R8106;N/A;4;0;ABB;bobina para contator;R81;#N/D;;4;0;
ZA40-380;ZA40-380;N/A;5;0;ABB;bobina para contator;R85;#N/D;;5;0;
ZA75-110V;1SBN153510R8406;N/A;23;0;ABB;bobina para contator;;#N/D;;23;0;
ZA75-127V;1SBN153510R2606;N/A;21;0;ABB;bobina para contator;;#N/D;;21;0;
ZA75-220V;1SBN153510R7506;N/A;43;0;ABB;bobina para contator;R75;#N/D;;43;0;
ZA75-24V;1SBN153510R8106;N/A;3;0;ABB;bobina para contator;;#N/D;;3;0;
ZA75-42V;1SBN153510R8206;N/A;2;0;ABB;bobina para contator;;#N/D;;2;0;
ZA75-480V;1SBN153510R5106;N/A;1;0;ABB;bobina para contator;;#N/D;;1;0;
ZA75-48V;1SBN153510R8306;N/A;1;0;ABB;bobina para contator;;#N/D;;1;0;
ZAE16-110V;1SBN151490R8706;N/A;2;0;ABB;bobina para contator;R86;#N/D;;2;0;
ZAE16-220V;1SBN151490R8806;N/A;2;0;ABB;bobina para contator;R88;#N/D;;2;0;
ZAE16-24V;ZAE16-24V;N/A;3;0;ABB;bobina para contator;R81;#N/D;;3;0;
ZAE75-125V;ZAE75-125V;N/A;1;0;ABB;bobina para contator;;#N/D;;1;0;
ZAF110-69;1SFN154370R6906;N/A;2;0;ABB;Contatores;R 69  130V;#N/D;;2;0;
ZAF116-13;1SFN154270R1306;N/A;7;CERTO;N;Contatores;;#N/D;;7;0;
ZAF185-69;1SFN154770R6906;N/A;1;0;ABB;Contatores;R 69  130V;#N/D;;1;0;
ZAF185-72;1SFN154770R7206;N/A;3;0;ABB;Contatores;R 72  20/60VCC;#N/D;;3;0;
ZAF300-69;1SFN155170R6906;C 19;4;0;ABB;Contatores;R 69  48-130V;#N/D;;4;0;
ZAF370-13;1SFN155470R1306;C 19;0;0;ABB;Contatores;;#N/D;;0;0;
ZINT-7B1C;3AXD50000037933;ARMARIO 01;1;CERTO;ABB;;m;#N/D;;3;2;
ZK2,5-SF;ZK2,5-SF;E 02;10;0;ABB;;;#N/D;;10;0;
ZK2.5;1SNK705010R0000;N/A;50;0;ETE;;;#N/D;;50;0;
ZK2.5-PE;1SNK705150R0000;N/A;9;0;ETE;;;#N/D;;9;0;
ZK4PE;1SNK706150R0000;N/A;19;0;ETE;;;#N/D;;19;0;
ZL110;1SFN164503R1000;C 20;1;0;ABB;Contatores;;#N/D;;1;0;
ZL185;1SFN164903R1000;N/A;0;0;ABB;Contatores;;#N/D;;0;0;
ZL50;1SBN163503R1000;N/A;0;0;ABB;;;#N/D;;0;0;
ZL75;1SBN164103R1000;C 20;8;0;ABB;;;;;8;0;
ZLS815;2CCF015632R0001;N/A;10;0;ABB;;;#N/D;;10;0;
ZLT75;1SBN164104R1000;C 20;2;0;ABB;;nbj;#N/D;;2;0;
ZMU-02;3AXD50000006010;ARMARIO 01;1;CERTO;ABB;;;#N/D;;1;0;
ZMU-03;3AXD50000223107A;ARMARIO 01;1;CERTO;ABB;;FORA DA CX;#N/D;;4;3;
ZS10;1SNK508010R0000;N/A;250;0;ETE;;;#N/D;;250;0;
ZS10BLUE;1SNK508020R0000;N/A;9;0;ETE;;;#N/D;;9;0;
ZS10PE;1SNK508150R0000;N/A;2;0;ETE;;;#N/D;;2;0;
ZS10SF;1SNK508418R0000;N/A;98;0;ETE;;;#N/D;;98;0;
ZS16;1SNK510010R0000;N/A;0;0;ETE;;;#N/D;;0;0;
ZS16PE;ZS16PE;E 08;28;0;ABB;;;#N/D;;28;0;
ZS16PE;SNK510150R0000;N/A;28;0;N;;;#N/D;;28;0;
ZS25;ZS25;E 08;55;0;ABB;;;#N/D;;55;0;
ZS25;1SKN512010R0000;N/A;55;0;N;;;#N/D;;55;0;
ZS25PE;1SNK512150R0000;N/A;20;0;ETE;;;#N/D;;20;0;
ZS35;1SNK516010R0000;N/A;30;0;ETE;;;#N/D;;30;0;
ZS35BL;1SNK516020R0000;N/A;17;0;ETE;;;#N/D;;17;0;
ZS35PE;1SNK516150R0000;N/A;30;0;ETE;;;#N/D;;30;0;
ZS4;1SNK505010R0000;N/A;284;0;ETE;;;#N/D;;284;0;
ZS4BLUE;1SNK505020R0000;N/A;6;0;ETE;;;#N/D;;6;0;
ZS4D;ZS4D;N/A;7;0;ETE;;;#N/D;;7;0;
ZS4D2;1SNK505210R0000;N/A;148;0;ETE;;;#N/D;;148;0;
ZS4D2SF1;ZS4D2SF1;E 02;26;0;ABB;;;#N/D;;26;0;
ZS4DCHUD;1SNK505214R0000;N/A;48;0;ETE;;;#N/D;;48;0;
ZS4OR;ZS4OR;E 02;47;0;ABB;;;#N/D;;47;0;
ZS4PE;1SNK505150R0000;N/A;200;0;ETE;;;#N/D;;200;0;
ZS4S;1SNK505310R0000;N/A;16;0;ETE;;;#N/D;;16;0;
ZS4SF;ZS4SF;N/A;18;0;ABB;;;#N/D;;18;0;
ZS4SF1;1SNK508410R0000;N/A;17;0;ETE;;;#N/D;;17;0;
ZS4SR1;ZS4SR1;E 02;10;0;ABB;;;#N/D;;10;0;
ZS50;1SNK516011R0000;N/A;12;0;ETE;;;#N/D;;12;0;
ZS50PE;1SNK516151R0000;N/A;16;0;ETE;;;#N/D;;16;0;
ZS6;1SNK506010R0000;N/A;61;0;ETE;;;#N/D;;61;0;
ZS6PE;1SNK506150R0000;N/A;24;0;ETE;;;#N/D;;24;0;
ZS6-W6;1SNK506065R0000;N/A;30;0;ETE;;;#N/D;;30;0;
ZS70;1SNK522010R0000;N/A;1;0;ETE;;;#N/D;;1;0;
ZS70PE;1SNK522150R0000;N/A;21;0;ETE;;;#N/D;;21;0;
ZS95;1SNK526010R0000;N/A;1;0;ETE;;;#N/D;;1;0;
ZS95PE;1SNK526150R0000;N/A;8;0;ETE;;;#N/D;;8;0;
1734-VHSC5;1734-VHSC5;F 03;1;0;ALLEN BRADLEY;;;#N/D;;1;0;
SHA12-376;SHA12-376;N/A;0;;MITSUBISHI;;;#N/D;;0;0;
1783ETAP1F;1783ETAP1F;;0;0;ALLEN BRADLEY;;;#N/D;;0;0;
3AUA0000088115;3AUA0000088115;;7;0;ABB;;;;;9;2;
3AUA0000097468;3AUA0000097468;;3;0;ABB;;;;;4;1;
68569354;68569354;;4;0;ABB;;;;;4;0;
3AXD50000043370;3AXD50000043370;;2;0;ABB;;;;;2;0;
68249805;68249805;;2;0;ABB;;;;;2;0;
;;;0;;;;;;;0;0;
;;;0;;;;;;;0;0;
;;;0;;;;;;;0;0;
;;;0;;;;;;;0;0;
;;;0;;;;;;;0;0;
;;;0;;;;;;;0;0;
;;;0;;;;;;;0;0;
;;;0;;;;;;;0;0;
;;;0;;;;;;;0;0;
;;;0;;;;;;;0;0;
;;;0;;;;;;;0;0;
;;;0;;;;;;;0;0;
;;;0;;;;;;;0;0;
;;;0;;;;;;;0;0;
;;;0;;;;;;;0;0;
;;;0;;;;;;;0;0;
;;;0;;;;;;;0;0;
;;;0;;;;;;;0;0;
;;;0;;;;;;;0;0;
;;;0;;;;;;;0;0;
;;;0;;;;;;;0;0;
;;;0;;;;;;;0;0;
;;;0;;;;;;;0;0;
;;;0;;;;;;;0;0;
;;;0;;;;;;;0;0;
;;;0;;;;;;;0;0;
;;;0;;;;;;;0;0;
;;;0;;;;;;;0;0;
;;;0;;;;;;;0;0;
;;;0;;;;;;;0;0;
;;;0;;;;;;;0;0;
;;;0;;;;;;;0;0;
;;;0;;;;;;;0;0;
;;;0;;;;;;;0;0;
;;;0;;;;;;;0;0;
;;;0;;;;;;;0;0;
;;;0;;;;;;;0;0;
;;;0;;;;;;;0;0;
;;;0;;;;;;;0;0;
;;;0;;;;;;;0;0;
;;;0;;;;;;;0;0;
;;;0;;;;;;;0;0;
;;;0;;;;;;;0;0;
;;;0;;;;;;;0;0;
;;;0;;;;;;;0;0;
;;;0;;;;;;;0;0;
;;;0;;;;;;;0;0;
;;;0;;;;;;;0;0;
;;;0;;;;;;;0;0;
;;;0;;;;;;;0;0;
;;;0;;;;;;;0;0;
;;;0;;;;;;;0;0;
;;;0;;;;;;;0;0;
;;;0;;;;;;;0;0;
;;;0;;;;;;;0;0;
;;;0;;;;;;;0;0;
;;;0;;;;;;;0;0;
;;;0;;;;;;;0;0;
;;;0;;;;;;;0;0;
;;;0;;;;;;;0;0;
;;;0;;;;;;;0;0;
;;;0;;;;;;;0;0;
;;;0;;;;;;;0;0;
;;;0;;;;;;;0;0;
;;;0;;;;;;;0;0;
;;;0;;;;;;;0;0;
;;;0;;;;;;;0;0;
;;;0;;;;;;;0;0;
;;;0;;;;;;;0;0;
;;;0;;;;;;;0;0;
;;;0;;;;;;;0;0;
;;;0;;;;;;;0;0;
;;;0;;;;;;;0;0;
;;;0;;;;;;;0;0;
;;;0;;;;;;;0;0;
;;;0;;;;;;;0;0;
;;;0;;;;;;;0;0;
;;;0;;;;;;;0;0;
;;;0;;;;;;;0;0;
;;;0;;;;;;;0;0;
;;;0;;;;;;;0;0;
;;;0;;;;;;;0;0;
;;;0;;;;;;;0;0;
;;;0;;;;;;;0;0;
;;;0;;;;;;;0;0;
;;;0;;;;;;;0;0;
;;;0;;;;;;;0;0;
;;;0;;;;;;;0;0;
;;;0;;;;;;;0;0;
;;;0;;;;;;;0;0;
;;;0;;;;;;;0;0;
;;;0;;;;;;;0;0;
;;;0;;;;;;;0;0;
;;;0;;;;;;;0;0;
;;;0;;;;;;;0;0;
;;;0;;;;;;;0;0;
;;;0;;;;;;;0;0;
;;;0;;;;;;;0;0;
;;;0;;;;;;;0;0;
;;;0;;;;;;;0;0;
;;;0;;;;;;;0;0;
;;;0;;;;;;;0;0;
;;;0;;;;;;;0;0;
;;;0;;;;;;;0;0;
;;;0;;;;;;;0;0;
;;;0;;;;;;;0;0;
;;;0;;;;;;;0;0;
;;;0;;;;;;;0;0;
;;;0;;;;;;;0;0;
;;;0;;;;;;;0;0;
;;;0;;;;;;;0;0;
;;;0;;;;;;;0;0;
;;;0;;;;;;;0;0;
;;;0;;;;;;;0;0;
;;;0;;;;;;;0;0;
;;;0;;;;;;;0;0;
;;;0;;;;;;;0;0;
;;;0;;;;;;;0;0;
;;;0;;;;;;;0;0;
;;;0;;;;;;;0;0;
;;;0;;;;;;;0;0;
;;;0;;;;;;;0;0;
;;;0;;;;;;;0;0;
;;;0;;;;;;;0;0;
;;;0;;;;;;;0;0;
;;;0;;;;;;;0;0;
;;;0;;;;;;;0;0;
;;;0;;;;;;;0;0;
;;;0;;;;;;;0;0;
;;;0;;;;;;;0;0;
;;;0;;;;;;;0;0;
;;;0;;;;;;;0;0;
;;;0;;;;;;;0;0;
;;;0;;;;;;;0;0;
;;;0;;;;;;;0;0;
;;;0;;;;;;;0;0;
;;;0;;;;;;;0;0;
;;;0;;;;;;;0;0;
;;;0;;;;;;;0;0;
;;;0;;;;;;;0;0;
;;;0;;;;;;;0;0;
;;;0;;;;;;;0;0;
;;;0;;;;;;;0;0;
;;;0;;;;;;;0;0;
;;;0;;;;;;;0;0;
;;;0;;;;;;;0;0;
;;;0;;;;;;;0;0;
;;;0;;;;;;;0;0;
;;;0;;;;;;;0;0;
;;;0;;;;;;;0;0;
;;;0;;;;;;;0;0;
;;;0;;;;;;;0;0;
;;;0;;;;;;;0;0;
;;;0;;;;;;;0;0;
;;;0;;;;;;;0;0;
;;;0;;;;;;;0;0;
;;;0;;;;;;;0;0;
;;;0;;;;;;;0;0;
;;;0;;;;;;;0;0;
;;;0;;;;;;;0;0;
;;;0;;;;;;;0;0;
;;;0;;;;;;;0;0;
;;;0;;;;;;;0;0;
;;;0;;;;;;;0;0;
;;;0;;;;;;;0;0;
;;;0;;;;;;;0;0;
;;;0;;;;;;;0;0;
;;;0;;;;;;;0;0;
;;;0;;;;;;;0;0;
;;;0;;;;;;;0;0;
;;;0;;;;;;;0;0;
;;;0;;;;;;;0;0;
;;;0;;;;;;;0;0;
;;;0;;;;;;;0;0;
;;;0;;;;;;;0;0;
;;;0;;;;;;;0;0;
;;;0;;;;;;;0;0;
;;;0;;;;;;;0;0;
;;;0;;;;;;;0;0;
;;;0;;;;;;;0;0;
;;;0;;;;;;;0;0;
;;;0;;;;;;;0;0;
;;;0;;;;;;;0;0;
;;;0;;;;;;;0;0;
;;;0;;;;;;;0;0;
;;;0;;;;;;;0;0;
;;;0;;;;;;;0;0;
;;;0;;;;;;;0;0;
;;;0;;;;;;;0;0;
;;;0;;;;;;;0;0;
;;;0;;;;;;;0;0;
;;;0;;;;;;;0;0;
;;;0;;;;;;;0;0;
;;;0;;;;;;;0;0;
;;;0;;;;;;;0;0;
;;;0;;;;;;;0;0;
;;;0;;;;;;;0;0;
;;;0;;;;;;;0;0;
;;;0;;;;;;;0;0;
;;;0;;;;;;;0;0;
;;;0;;;;;;;0;0;
;;;0;;;;;;;0;0;
;;;0;;;;;;;0;0;
;;;0;;;;;;;0;0;
;;;0;;;;;;;0;0;
;;;0;;;;;;;0;0;
;;;0;;;;;;;0;0;
;;;0;;;;;;;0;0;
;;;0;;;;;;;0;0;
;;;0;;;;;;;0;0;
;;;0;;;;;;;0;0;
;;;0;;;;;;;0;0;
;;;0;;;;;;;0;0;
;;;0;;;;;;;0;0;
;;;0;;;;;;;0;0;
;;;0;;;;;;;0;0;
;;;0;;;;;;;0;0;
;;;0;;;;;;;0;0;
;;;0;;;;;;;0;0;
;;;0;;;;;;;0;0;
;;;0;;;;;;;0;0;
;;;0;;;;;;;0;0;
;;;0;;;;;;;0;0;
;;;0;;;;;;;0;0;
;;;0;;;;;;;0;0;
;;;0;;;;;;;0;0;
;;;0;;;;;;;0;0;
;;;0;;;;;;;0;0;
;;;0;;;;;;;0;0;
;;;0;;;;;;;0;0;
;;;0;;;;;;;0;0;
;;;0;;;;;;;0;0;
;;;0;;;;;;;0;0;
;;;0;;;;;;;0;0;
;;;0;;;;;;;0;0;
;;;0;;;;;;;0;0;
;;;0;;;;;;;0;0;
;;;0;;;;;;;0;0;
;;;0;;;;;;;0;0;
;;;0;;;;;;;0;0;
;;;0;;;;;;;0;0;
;;;0;;;;;;;0;0;
;;;0;;;;;;;0;0;
;;;0;;;;;;;0;0;
;;;0;;;;;;;0;0;
;;;0;;;;;;;0;0;
;;;0;;;;;;;0;0;
;;;0;;;;;;;0;0;
;;;0;;;;;;;0;0;
;;;0;;;;;;;0;0;
;;;0;;;;;;;0;0;
;;;0;;;;;;;0;0;
;;;0;;;;;;;0;0;
;;;0;;;;;;;0;0;
;;;0;;;;;;;0;0;
;;;0;;;;;;;0;0;
;;;0;;;;;;;0;0;
;;;0;;;;;;;0;0;
;;;0;;;;;;;0;0;
;;;0;;;;;;;0;0;
;;;0;;;;;;;0;0;
;;;0;;;;;;;0;0;
;;;0;;;;;;;0;0;
;;;0;;;;;;;0;0;
;;;0;;;;;;;0;0;
;;;0;;;;;;;0;0;
;;;0;;;;;;;0;0;
;;;0;;;;;;;0;0;
;;;0;;;;;;;0;0;
;;;0;;;;;;;0;0;
;;;0;;;;;;;0;0;
;;;0;;;;;;;0;0;
;;;0;;;;;;;0;0;
;;;0;;;;;;;0;0;
;;;0;;;;;;;0;0;
;;;0;;;;;;;0;0;
;;;0;;;;;;;0;0;
;;;0;;;;;;;0;0;
;;;0;;;;;;;0;0;
;;;0;;;;;;;0;0;
;;;0;;;;;;;0;0;
;;;0;;;;;;;0;0;
;;;0;;;;;;;0;0;
;;;0;;;;;;;0;0;
;;;0;;;;;;;0;0;
;;;0;;;;;;;0;0;
;;;0;;;;;;;0;0;
;;;0;;;;;;;0;0;
;;;0;;;;;;;0;0;
;;;0;;;;;;;0;0;
;;;0;;;;;;;0;0;
;;;0;;;;;;;0;0;
;;;0;;;;;;;0;0;
;;;0;;;;;;;0;0;
;;;0;;;;;;;0;0;
;;;0;;;;;;;0;0;
;;;0;;;;;;;0;0;
;;;0;;;;;;;0;0;
;;;0;;;;;;;0;0;
;;;0;;;;;;;0;0;
;;;0;;;;;;;0;0;
;;;0;;;;;;;0;0;
;;;0;;;;;;;0;0;
;;;0;;;;;;;0;0;
;;;0;;;;;;;0;0;
;;;0;;;;;;;0;0;
;;;0;;;;;;;0;0;
;;;0;;;;;;;0;0;
;;;0;;;;;;;0;0;
;;;0;;;;;;;0;0;
;;;0;;;;;;;0;0;
;;;0;;;;;;;0;0;
;;;0;;;;;;;0;0;
;;;;;;;;;;;;
;;;;;;;;;;;;
;;;;;;;;;;;;
;;;;;;;;;;;;
;;;;;;;;;;;;
;;;;;;;;;;;;
;;;;;;;;;;;;
;;;;;;;;;;;;
;;;;;;;;;;;;
;;;;;;;;;;;;
;;;;;;;;;;;;
;;;;;;;;;;;;
;;;;;;;;;;;;
;;;;;;;;;;;;
;;;;;;;;;;;;
;;;;;;;;;;;;
;;;;;;;;;;;;
;;;;;;;;;;;;
;;;;;;;;;;;;
;;;;;;;;;;;;
;;;;;;;;;;;;
;;;;;;;;;;;;
;;;;;;;;;;;;
;;;;;;;;;;;;
;;;;;;;;;;;;
;;;;;;;;;;;;
;;;;;;;;;;;;
;;;;;;;;;;;;
;;;;;;;;;;;;
;;;;;;;;;;;;
;;;;;;;;;;;;
;;;;;;;;;;;;
;;;;;;;;;;;;
;;;;;;;;;;;;
;;;;;;;;;;;;
;;;;;;;;;;;;
;;;;;;;;;;;;
;;;;;;;;;;;;
;;;;;;;;;;;;
;;;;;;;;;;;;
;;;;;;;;;;;;
;;;;;;;;;;;;
;;;;;;;;;;;;
;;;;;;;;;;;;
;;;;;;;;;;;;
;;;;;;;;;;;;
;;;;;;;;;;;;
;;;;;;;;;;;;
;;;;;;;;;;;;
;;;;;;;;;;;;
;;;;;;;;;;;;
;;;;;;;;;;;;
;;;;;;;;;;;;
;;;;;;;;;;;;
;;;;;;;;;;;;
;;;;;;;;;;;;
;;;;;;;;;;;;
;;;;;;;;;;;;
;;;;;;;;;;;;
;;;;;;;;;;;;
;;;;;;;;;;;;
;;;;;;;;;;;;
;;;;;;;;;;;;
;;;;;;;;;;;;
;;;;;;;;;;;;
;;;;;;;;;;;;
;;;;;;;;;;;;
;;;;;;;;;;;;
;;;;;;;;;;;;
;;;;;;;;;;;;
;;;;;;;;;;;;
;;;;;;;;;;;;
;;;;;;;;;;;;
;;;;;;;;;;;;
;;;;;;;;;;;;
;;;;;;;;;;;;
;;;;;;;;;;;;
;;;;;;;;;;;;
;;;;;;;;;;;;
;;;;;;;;;;;;
;;;;;;;;;;;;
;;;;;;;;;;;;
;;;;;;;;;;;;
;;;;;;;;;;;;
;;;;;;;;;;;;
;;;;;;;;;;;;
;;;;;;;;;;;;
;;;;;;;;;;;;
;;;;;;;;;;;;
;;;;;;;;;;;;
;;;;;;;;;;;;
;;;;;;;;;;;;
;;;;;;;;;;;;
;;;;;;;;;;;;
;;;;;;;;;;;;
;;;;;;;;;;;;
;;;;;;;;;;;;
;;;;;;;;;;;;
;;;;;;;;;;;;
;;;;;;;;;;;;
;;;;;;;;;;;;
;;;;;;;;;;;;
;;;;;;;;;;;;
;;;;;;;;;;;;
;;;;;;;;;;;;
;;;;;;;;;;;;
;;;;;;;;;;;;
;;;;;;;;;;;;
;;;;;;;;;;;;
;;;;;;;;;;;;
;;;;;;;;;;;;
;;;;;;;;;;;;
;;;;;;;;;;;;
;;;;;;;;;;;;
;;;;;;;;;;;;
;;;;;;;;;;;;
;;;;;;;;;;;;
;;;;;;;;;;;;
;;;;;;;;;;;;
;;;;;;;;;;;;
;;;;;;;;;;;;
;;;;;;;;;;;;
;;;;;;;;;;;;
;;;;;;;;;;;;
;;;;;;;;;;;;
;;;;;;;;;;;;
;;;;;;;;;;;;
;;;;;;;;;;;;
;;;;;;;;;;;;
;;;;;;;;;;;;
;;;;;;;;;;;;
;;;;;;;;;;;;
;;;;;;;;;;;;
;;;;;;;;;;;;
;;;;;;;;;;;;
;;;;;;;;;;;;
;;;;;;;;;;;;
;;;;;;;;;;;;
;;;;;;;;;;;;
;;;;;;;;;;;;
;;;;;;;;;;;;
;;;;;;;;;;;;
;;;;;;;;;;;;
;;;;;;;;;;;;
;;;;;;;;;;;;
;;;;;;;;;;;;
;;;;;;;;;;;;
;;;;;;;;;;;;
;;;;;;;;;;;;
;;;;;;;;;;;;
;;;;;;;;;;;;
;;;;;;;;;;;;
;;;;;;;;;;;;
;;;;;;;;;;;;
;;;;;;;;;;;;
;;;;;;;;;;;;
;;;;;;;;;;;;
;;;;;;;;;;;;
;;;;;;;;;;;;
;;;;;;;;;;;;
;;;;;;;;;;;;
;;;;;;;;;;;;
;;;;;;;;;;;;
;;;;;;;;;;;;
;;;;;;;;;;;;
;;;;;;;;;;;;
;;;;;;;;;;;;
;;;;;;;;;;;;
;;;;;;;;;;;;
;;;;;;;;;;;;
;;;;;;;;;;;;
;;;;;;;;;;;;
;;;;;;;;;;;;
;;;;;;;;;;;;
;;;;;;;;;;;;
;;;;;;;;;;;;
;;;;;;;;;;;;
;;;;;;;;;;;;
;;;;;;;;;;;;
;;;;;;;;;;;;
;;;;;;;;;;;;
;;;;;;;;;;;;
;;;;;;;;;;;;
;;;;;;;;;;;;
;AJUSTE 19/05/25;;;;;;;;;;;
;AJUSTE 19/05/25;;;;;;;;;;;
;AJUSTE 19/05/25;;;;;;;;;;;
;AJUSTE 19/05/25;;;;;;;;;;;
;AJUSTE 19/05/25;1;;;;;;;;;;
;AJUSTE 19/05/25;1;;;;;;;;;;
;;;;;;;;;;;;
;;;;;;;;;;;;
;;;;;;;;;;;;
;AJUSTE 19/05/25;34;;;;;;;;;;
;;;;;;;;;;;;
;;;;;;;;;;;;
;;;;;;;;;;;;
;;;;;;;;;;;;
;;;;;;;;;;;;
;;;;;;;;;;;;
;;;;;;;;;;;;
;;;;;;;;;;;;
;;;;;;;;;;;;
;ENTRADA 03/06/25;16;;;;;;;;;;
;;;;;;;;;;;;
;;;;;;;;;;;;
;;;;;;;;;;;;
;;;;;;;;;;;;
;;;;;;;;;;;;
;;;;;;;;;;;;
;;;;;;;;;;;;
;;;;;;;;;;;;
;;;;;;;;;;;;
;;;;;;;;;;;;
;;;;;;;;;;;;
;;;;;;;;;;;;
;;;;;;;;;;;;
;;;;;;;;;;;;
;;;;;;;;;;;;
;;;;;;;;;;;;
;;;;;;;;;;;;
;;;;;;;;;;;;
;;;;;;;;;;;;
;;;;;;;;;;;;
;;;;;;;;;;;;
;;;;;;;;;;;;
;;;;;;;;;;;;
;;;;;;;;;;;;
;;;;;;;;;;;;
;;;;;;;;;;;;
;;;;;;;;;;;;
;;;;;;;;;;;;
;;;;;;;;;;;;
;;;;;;;;;;;;
;;;;;;;;;;;;
;;;;;;;;;;;;
;;;;;;;;;;;;
;;;;;;;;;;;;
;;;;;;;;;;;;
;;;;;;;;;;;;
;;;;;;;;;;;;
;;;;;;;;;;;;
;;;;;;;;;;;;
;;;;;;;;;;;;
;;;;;;;;;;;;
;;;;;;;;;;;;
;;;;;;;;;;;;
;;;;;;;;;;;;
;;;;;;;;;;;;
;;;;;;;;;;;;
;;;;;;;;;;;;
;;;;;;;;;;;;
;;;;;;;;;;;;
;;;;;;;;;;;;
;;;;;;;;;;;;
;;;;;;;;;;;;
;;;;;;;;;;;;
;;;;;;;;;;;;
;;;;;;;;;;;;
;;;;;;;;;;;;
;;;;;;;;;;;;
;;;;;;;;;;;;
;;;;;;;;;;;;
;;;;;;;;;;;;
;;;;;;;;;;;;
;;;;;;;;;;;;
;;;;;;;;;;;;
;;;;;;;;;;;;
;;;;;;;;;;;;
;;;;;;;;;;;;
;;;;;;;;;;;;
;;;;;;;;;;;;
;;;;;;;;;;;;
;;;;;;;;;;;;
;;;;;;;;;;;;
;;;;;;;;;;;;
;;;;;;;;;;;;
;;;;;;;;;;;;
;;;;;;;;;;;;
;;;;;;;;;;;;
;;;;;;;;;;;;
;;;;;;;;;;;;
;;;;;;;;;;;;
;;;;;;;;;;;;
;;;;;;;;;;;;
;;;;;;;;;;;;
;;;;;;;;;;;;
;;;;;;;;;;;;
;;;;;;;;;;;;
;;;;;;;;;;;;
;;;;;;;;;;;;
;;;;;;;;;;;;
;;;;;;;;;;;;
;;;;;;;;;;;;
;;;;;;;;;;;;
;;;;;;;;;;;;
;;;;;;;;;;;;
;;;;;;;;;;;;
;;;;;;;;;;;;
;;;;;;;;;;;;
;;;;;;;;;;;;
;;;;;;;;;;;;
;;;;;;;;;;;;
;;;;;;;;;;;;
;;;;;;;;;;;;
;;;;;;;;;;;;
;;;;;;;;;;;;
;;;;;;;;;;;;
;;;;;;;;;;;;
;;;;;;;;;;;;
;;;;;;;;;;;;
;;;;;;;;;;;;
;;;;;;;;;;;;
;;;;;;;;;;;;
;;;;;;;;;;;;
;;;;;;;;;;;;
;;;;;;;;;;;;
;;;;;;;;;;;;
;;;;;;;;;;;;
;;;;;;;;;;;;
;;;;;;;;;;;;
;;;;;;;;;;;;
;;;;;;;;;;;;
;;;;;;;;;;;;
;;;;;;;;;;;;
;;;;;;;;;;;;
;;;;;;;;;;;;
;;;;;;;;;;;;
;;;;;;;;;;;;
;;;;;;;;;;;;
;;;;;;;;;;;;
;;;;;;;;;;;;
;;;;;;;;;;;;
;;;;;;;;;;;;
;;;;;;;;;;;;
;;;;;;;;;;;;
;;;;;;;;;;;;
;;;;;;;;;;;;
;;;;;;;;;;;;
;;;;;;;;;;;;
;;;;;;;;;;;;
;;;;;;;;;;;;
;;;;;;;;;;;;
;;;;;;;;;;;;
;;;;;;;;;;;;
;;;;;;;;;;;;
;;;;;;;;;;;;
;;;;;;;;;;;;
;;;;;;;;;;;;
;;;;;;;;;;;;
;;;;;;;;;;;;
;;;;;;;;;;;;
;;;;;;;;;;;;
;;;;;;;;;;;;
;;;;;;;;;;;;
;;;;;;;;;;;;
;;;;;;;;;;;;
;;;;;;;;;;;;
;;;;;;;;;;;;
;;;;;;;;;;;;
;;;;;;;;;;;;
;;;;;;;;;;;;
;;;;;;;;;;;;
;;;;;;;;;;;;
;;;;;;;;;;;;
;;;;;;;;;;;;
;;;;;;;;;;;;
;;;;;;;;;;;;
;;;;;;;;;;;;
;;;;;;;;;;;;
;;;;;;;;;;;;
;;;;;;;;;;;;
;;;;;;;;;;;;
;;;;;;;;;;;;
;;;;;;;;;;;;
;;;;;;;;;;;;
;;;;;;;;;;;;
;;;;;;;;;;;;
;;;;;;;;;;;;
;;;;;;;;;;;;
;;;;;;;;;;;;
;;;;;;;;;;;;
;;;;;;;;;;;;
;;;;;;;;;;;;
;;;;;;;;;;;;
;;;;;;;;;;;;
;;;;;;;;;;;;
;;;;;;;;;;;;
;;;;;;;;;;;;
;;;;;;;;;;;;
;;;;;;;;;;;;
;;;;;;;;;;;;
;;;;;;;;;;;;
;;;;;;;;;;;;
;;;;;;;;;;;;
;;;;;;;;;;;;
;;;;;;;;;;;;
;;;;;;;;;;;;
;;;;;;;;;;;;
;;;;;;;;;;;;
;;;;;;;;;;;;
;;;;;;;;;;;;
;;;;;;;;;;;;
;;;;;;;;;;;;
;;;;;;;;;;;;
;;;;;;;;;;;;
;;;;;;;;;;;;
;;;;;;;;;;;;
;;;;;;;;;;;;
;;;;;;;;;;;;
;;;;;;;;;;;;
;;;;;;;;;;;;
;;;;;;;;;;;;
;;;;;;;;;;;;
;;;;;;;;;;;;
;;;;;;;;;;;;
;;;;;;;;;;;;
;;;;;;;;;;;;
;;;;;;;;;;;;
;;;;;;;;;;;;
;;;;;;;;;;;;
;;;;;;;;;;;;
;;;;;;;;;;;;
;;;;;;;;;;;;
;;;;;;;;;;;;
;;;;;;;;;;;;
;;;;;;;;;;;;
;;;;;;;;;;;;
;;;;;;;;;;;;
;;;;;;;;;;;;
;;;;;;;;;;;;
;;;;;;;;;;;;
;;;;;;;;;;;;
;;;;;;;;;;;;
;;;;;;;;;;;;
;;;;;;;;;;;;
;;;;;;;;;;;;
;;;;;;;;;;;;
;;;;;;;;;;;;
;;;;;;;;;;;;
;;;;;;;;;;;;
;;;;;;;;;;;;
;;;;;;;;;;;;
;;;;;;;;;;;;
;;;;;;;;;;;;
;;;;;;;;;;;;
;;;;;;;;;;;;
;;;;;;;;;;;;
;;;;;;;;;;;;
;;;;;;;;;;;;
;;;;;;;;;;;;
;;;;;;;;;;;;
;;;;;;;;;;;;
;;;;;;;;;;;;
;;;;;;;;;;;;
;;;;;;;;;;;;
;;;;;;;;;;;;
;;;;;;;;;;;;
;;;;;;;;;;;;
;;;;;;;;;;;;
;;;;;;;;;;;;
;;;;;;;;;;;;
;;;;;;;;;;;;
;;;;;;;;;;;;
;;;;;;;;;;;;
;;;;;;;;;;;;
;;;;;;;;;;;;
;;;;;;;;;;;;
;;;;;;;;;;;;
;;;;;;;;;;;;
;;;;;;;;;;;;
;;;;;;;;;;;;
;;;;;;;;;;;;
;;;;;;;;;;;;
;;;;;;;;;;;;
;;;;;;;;;;;;
;;;;;;;;;;;;
;;;;;;;;;;;;
;;;;;;;;;;;;
;;;;;;;;;;;;
;;;;;;;;;;;;
;;;;;;;;;;;;
;;;;;;;;;;;;
;;;;;;;;;;;;
;;;;;;;;;;;;
;;;;;;;;;;;;
;;;;;;;;;;;;
;;;;;;;;;;;;
;;;;;;;;;;;;
;;;;;;;;;;;;
;;;;;;;;;;;;
;;;;;;;;;;;;
;;;;;;;;;;;;
;;;;;;;;;;;;
;;;;;;;;;;;;
;;;;;;;;;;;;
;;;;;;;;;;;;
;;;;;;;;;;;;
;;;;;;;;;;;;
;;;;;;;;;;;;
;;;;;;;;;;;;
;;;;;;;;;;;;
;;;;;;;;;;;;
;;;;;;;;;;;;
;;;;;;;;;;;;
;;;;;;;;;;;;
;;;;;;;;;;;;
;;;;;;;;;;;;
;;;;;;;;;;;;
;;;;;;;;;;;;
;;;;;;;;;;;;
;;;;;;;;;;;;
;;;;;;;;;;;;
;;;;;;;;;;;;
;;;;;;;;;;;;
;;;;;;;;;;;;
;;;;;;;;;;;;
;;;;;;;;;;;;
;;;;;;;;;;;;
;;;;;;;;;;;;
;;;;;;;;;;;;
;;;;;;;;;;;;
;;;;;;;;;;;;
;;;;;;;;;;;;
;;;;;;;;;;;;
;;;;;;;;;;;;
;;;;;;;;;;;;
;;;;;;;;;;;;
;;;;;;;;;;;;
;;;;;;;;;;;;
;;;;;;;;;;;;
;;;;;;;;;;;;
;;;;;;;;;;;;
;;;;;;;;;;;;
;;;;;;;;;;;;
;;;;;;;;;;;;
;;;;;;;;;;;;
;;;;;;;;;;;;
;;;;;;;;;;;;
;;;;;;;;;;;;
;;;;;;;;;;;;
;;;;;;;;;;;;
;;;;;;;;;;;;
;;;;;;;;;;;;
;;;;;;;;;;;;
;;;;;;;;;;;;
;;;;;;;;;;;;
;;;;;;;;;;;;
;;;;;;;;;;;;
;;;;;;;;;;;;
;;;;;;;;;;;;
;;;;;;;;;;;;
;;;;;;;;;;;;
;;;;;;;;;;;;
;;;;;;;;;;;;
;;;;;;;;;;;;
;;;;;;;;;;;;
;;;;;;;;;;;;
;;;;;;;;;;;;
;;;;;;;;;;;;
;;;;;;;;;;;;
;;;;;;;;;;;;
;;;;;;;;;;;;
;;;;;;;;;;;;
;;;;;;;;;;;;
;;;;;;;;;;;;
;;;;;;;;;;;;
;;;;;;;;;;;;
;;;;;;;;;;;;
;;;;;;;;;;;;
;;;;;;;;;;;;
;;;;;;;;;;;;
;;;;;;;;;;;;
;;;;;;;;;;;;
;;;;;;;;;;;;
;;;;;;;;;;;;
;;;;;;;;;;;;
;;;;;;;;;;;;
;;;;;;;;;;;;
;;;;;;;;;;;;
;;;;;;;;;;;;
;;;;;;;;;;;;
;;;;;;;;;;;;
;;;;;;;;;;;;
;;;;;;;;;;;;
;;;;;;;;;;;;
;;;;;;;;;;;;
;;;;;;;;;;;;
;;;;;;;;;;;;
;;;;;;;;;;;;
;;;;;;;;;;;;
;;;;;;;;;;;;
;;;;;;;;;;;;
;;;;;;;;;;;;
;;;;;;;;;;;;
;;;;;;;;;;;;
;;;;;;;;;;;;
;;;;;;;;;;;;
;;;;;;;;;;;;
;;;;;;;;;;;;
;;;;;;;;;;;;
;;;;;;;;;;;;
;;;;;;;;;;;;
;;;;;;;;;;;;
;;;;;;;;;;;;
;;;;;;;;;;;;
;;;;;;;;;;;;
;;;;;;;;;;;;
;;;;;;;;;;;;
;;;;;;;;;;;;
;;;;;;;;;;;;
;;;;;;;;;;;;
;;;;;;;;;;;;
;;;;;;;;;;;;
;;;;;;;;;;;;
;;;;;;;;;;;;
;;;;;;;;;;;;
;;;;;;;;;;;;
;;;;;;;;;;;;
;;;;;;;;;;;;
;;;;;;;;;;;;
;;;;;;;;;;;;
;;;;;;;;;;;;
;;;;;;;;;;;;
;;;;;;;;;;;;
;;;;;;;;;;;;
;;;;;;;;;;;;
;;;;;;;;;;;;
;;;;;;;;;;;;
;;;;;;;;;;;;
;;;;;;;;;;;;
;;;;;;;;;;;;
;;;;;;;;;;;;
;;;;;;;;;;;;
;;;;;;;;;;;;
;;;;;;;;;;;;
;;;;;;;;;;;;
;;;;;;;;;;;;
;;;;;;;;;;;;
;;;;;;;;;;;;
;;;;;;;;;;;;
;;;;;;;;;;;;
;;;;;;;;;;;;
;;;;;;;;;;;;
;;;;;;;;;;;;
;;;;;;;;;;;;
;;;;;;;;;;;;
;;;;;;;;;;;;
;;;;;;;;;;;;
;;;;;;;;;;;;
;;;;;;;;;;;;
;;;;;;;;;;;;
;;;;;;;;;;;;
;;;;;;;;;;;;
;;;;;;;;;;;;
;;;;;;;;;;;;
;;;;;;;;;;;;
;;;;;;;;;;;;
;;;;;;;;;;;;
;;;;;;;;;;;;
;;;;;;;;;;;;
;;;;;;;;;;;;
;;;;;;;;;;;;
;;;;;;;;;;;;
;;;;;;;;;;;;
;;;;;;;;;;;;
;;;;;;;;;;;;
;;;;;;;;;;;;
;;;;;;;;;;;;
;;;;;;;;;;;;
;;;;;;;;;;;;
;;;;;;;;;;;;
;;;;;;;;;;;;
;;;;;;;;;;;;
;;;;;;;;;;;;
;;;;;;;;;;;;
;;;;;;;;;;;;
;;;;;;;;;;;;
;;;;;;;;;;;;
;;;;;;;;;;;;
;;;;;;;;;;;;
;;;;;;;;;;;;
;;;;;;;;;;;;
;;;;;;;;;;;;
;;;;;;;;;;;;
;;;;;;;;;;;;
;;;;;;;;;;;;
;;;;;;;;;;;;
;;;;;;;;;;;;
;;;;;;;;;;;;
;;;;;;;;;;;;
;;;;;;;;;;;;
;;;;;;;;;;;;
;;;;;;;;;;;;
;;;;;;;;;;;;
;;;;;;;;;;;;
;;;;;;;;;;;;
;;;;;;;;;;;;
;;;;;;;;;;;;
;;;;;;;;;;;;
;;;;;;;;;;;;
;;;;;;;;;;;;
;;;;;;;;;;;;
;;;;;;;;;;;;
;;;;;;;;;;;;
;;;;;;;;;;;;
;;;;;;;;;;;;
;;;;;;;;;;;;
;;;;;;;;;;;;
;;;;;;;;;;;;
;;;;;;;;;;;;
;;;;;;;;;;;;
;;;;;;;;;;;;
;;;;;;;;;;;;
;;;;;;;;;;;;
;;;;;;;;;;;;
;;;;;;;;;;;;
;;;;;;;;;;;;
;;;;;;;;;;;;
;;;;;;;;;;;;
;;;;;;;;;;;;
;;;;;;;;;;;;
;;;;;;;;;;;;
;;;;;;;;;;;;
;;;;;;;;;;;;
;;;;;;;;;;;;
;;;;;;;;;;;;
;;;;;;;;;;;;
;;;;;;;;;;;;
;;;;;;;;;;;;
;;;;;;;;;;;;
;;;;;;;;;;;;
;;;;;;;;;;;;
;;;;;;;;;;;;
;;;;;;;;;;;;
;;;;;;;;;;;;
;;;;;;;;;;;;
;;;;;;;;;;;;
;;;;;;;;;;;;
;;;;;;;;;;;;
;;;;;;;;;;;;
;;;;;;;;;;;;
;;;;;;;;;;;;
;;;;;;;;;;;;
;;;;;;;;;;;;
;;;;;;;;;;;;
;;;;;;;;;;;;
;;;;;;;;;;;;
;;;;;;;;;;;;
;;;;;;;;;;;;
;;;;;;;;;;;;
;;;;;;;;;;;;
;;;;;;;;;;;;
;;;;;;;;;;;;
;;;;;;;;;;;;
;;;;;;;;;;;;
;;;;;;;;;;;;
;;;;;;;;;;;;
;;;;;;;;;;;;
;;;;;;;;;;;;
;;;;;;;;;;;;
;;;;;;;;;;;;
;;;;;;;;;;;;
;;;;;;;;;;;;
;;;;;;;;;;;;
;;;;;;;;;;;;
;;;;;;;;;;;;
;;;;;;;;;;;;
;;;;;;;;;;;;
;;;;;;;;;;;;
;;;;;;;;;;;;
;;;;;;;;;;;;
;;;;;;;;;;;;
;;;;;;;;;;;;
;;;;;;;;;;;;
;;;;;;;;;;;;
;;;;;;;;;;;;
;;;;;;;;;;;;
;;;;;;;;;;;;
;;;;;;;;;;;;
;;;;;;;;;;;;
;;;;;;;;;;;;
;;;;;;;;;;;;
;;;;;;;;;;;;
;;;;;;;;;;;;
;;;;;;;;;;;;
;;;;;;;;;;;;
;;;;;;;;;;;;
;;;;;;;;;;;;
;;;;;;;;;;;;
;;;;;;;;;;;;
;;;;;;;;;;;;
;;;;;;;;;;;;
;;;;;;;;;;;;
;;;;;;;;;;;;
;;;;;;;;;;;;
;;;;;;;;;;;;
;;;;;;;;;;;;
;;;;;;;;;;;;
;;;;;;;;;;;;
;;;;;;;;;;;;
;;;;;;;;;;;;
;;;;;;;;;;;;
;;;;;;;;;;;;
;;;;;;;;;;;;
;;;;;;;;;;;;
;;;;;;;;;;;;
;;;;;;;;;;;;
;;;;;;;;;;;;
;;;;;;;;;;;;
;;;;;;;;;;;;
;;;;;;;;;;;;
;;;;;;;;;;;;
;;;;;;;;;;;;
;;;;;;;;;;;;
;;;;;;;;;;;;
;;;;;;;;;;;;
;;;;;;;;;;;;
;;;;;;;;;;;;
;;;;;;;;;;;;
;;;;;;;;;;;;
;;;;;;;;;;;;
;;;;;;;;;;;;
;;;;;;;;;;;;
;;;;;;;;;;;;
;;;;;;;;;;;;
;;;;;;;;;;;;
;;;;;;;;;;;;
;;;;;;;;;;;;
;;;;;;;;;;;;
;;;;;;;;;;;;
;;;;;;;;;;;;
;;;;;;;;;;;;
;;;;;;;;;;;;
;;;;;;;;;;;;
;;;;;;;;;;;;
;;;;;;;;;;;;
;;;;;;;;;;;;
;;;;;;;;;;;;
;;;;;;;;;;;;
;;;;;;;;;;;;
;;;;;;;;;;;;
;;;;;;;;;;;;
;;;;;;;;;;;;
;;;;;;;;;;;;
;;;;;;;;;;;;
;;;;;;;;;;;;
;;;;;;;;;;;;
;;;;;;;;;;;;
;;;;;;;;;;;;
;;;;;;;;;;;;
;;;;;;;;;;;;
;;;;;;;;;;;;
;;;;;;;;;;;;
;;;;;;;;;;;;
;;;;;;;;;;;;
;;;;;;;;;;;;
;;;;;;;;;;;;
;;;;;;;;;;;;
;;;;;;;;;;;;
;;;;;;;;;;;;
;;;;;;;;;;;;
;;;;;;;;;;;;
;;;;;;;;;;;;
;;;;;;;;;;;;
;;;;;;;;;;;;
;;;;;;;;;;;;
;;;;;;;;;;;;
;;;;;;;;;;;;
;;;;;;;;;;;;
;;;;;;;;;;;;
;;;;;;;;;;;;
;;;;;;;;;;;;
;;;;;;;;;;;;
;;;;;;;;;;;;
;;;;;;;;;;;;
;;;;;;;;;;;;
;;;;;;;;;;;;
;;;;;;;;;;;;
;;;;;;;;;;;;
;;;;;;;;;;;;
;;;;;;;;;;;;
;;;;;;;;;;;;
;;;;;;;;;;;;
;;;;;;;;;;;;
;;;;;;;;;;;;
;;;;;;;;;;;;
;;;;;;;;;;;;
;;;;;;;;;;;;
;;;;;;;;;;;;
;;;;;;;;;;;;
;;;;;;;;;;;;
;;;;;;;;;;;;
;;;;;;;;;;;;
;;;;;;;;;;;;
;;;;;;;;;;;;
;;;;;;;;;;;;
;;;;;;;;;;;;
;;;;;;;;;;;;
;;;;;;;;;;;;
;;;;;;;;;;;;
;;;;;;;;;;;;
;;;;;;;;;;;;
;;;;;;;;;;;;
;;;;;;;;;;;;
;;;;;;;;;;;;
;;;;;;;;;;;;
;;;;;;;;;;;;
;;;;;;;;;;;;
;;;;;;;;;;;;
;;;;;;;;;;;;
;;;;;;;;;;;;
;;;;;;;;;;;;
;;;;;;;;;;;;
;;;;;;;;;;;;
;;;;;;;;;;;;
;;;;;;;;;;;;
;;;;;;;;;;;;
;;;;;;;;;;;;
;;;;;;;;;;;;
;;;;;;;;;;;;
;;;;;;;;;;;;
;;;;;;;;;;;;
;;;;;;;;;;;;
;;;;;;;;;;;;
;;;;;;;;;;;;
;;;;;;;;;;;;
;;;;;;;;;;;;
;;;;;;;;;;;;
;;;;;;;;;;;;
;;;;;;;;;;;;
;;;;;;;;;;;;
;;;;;;;;;;;;
;;;;;;;;;;;;
;;;;;;;;;;;;
;;;;;;;;;;;;
;;;;;;;;;;;;
;;;;;;;;;;;;
;;;;;;;;;;;;
;;;;;;;;;;;;
;;;;;;;;;;;;
;;;;;;;;;;;;
;;;;;;;;;;;;
;;;;;;;;;;;;
;;;;;;;;;;;;
;;;;;;;;;;;;
;;;;;;;;;;;;
;;;;;;;;;;;;
;;;;;;;;;;;;
;;;;;;;;;;;;
;;;;;;;;;;;;
;;;;;;;;;;;;
;;;;;;;;;;;;
;;;;;;;;;;;;
;;;;;;;;;;;;
;;;;;;;;;;;;
;;;;;;;;;;;;
;;;;;;;;;;;;
;;;;;;;;;;;;
;;;;;;;;;;;;
;;;;;;;;;;;;
;;;;;;;;;;;;
;;;;;;;;;;;;
;;;;;;;;;;;;
;;;;;;;;;;;;
;;;;;;;;;;;;
;;;;;;;;;;;;
;;;;;;;;;;;;
;;;;;;;;;;;;
;;;;;;;;;;;;
;;;;;;;;;;;;
;;;;;;;;;;;;
;;;;;;;;;;;;
;;;;;;;;;;;;
;;;;;;;;;;;;
;;;;;;;;;;;;
;;;;;;;;;;;;
;;;;;;;;;;;;
;;;;;;;;;;;;
;;;;;;;;;;;;
;;;;;;;;;;;;
;;;;;;;;;;;;
;;;;;;;;;;;;
;;;;;;;;;;;;
;;;;;;;;;;;;
;;;;;;;;;;;;
;;;;;;;;;;;;
;;;;;;;;;;;;
;;;;;;;;;;;;
;;;;;;;;;;;;
;;;;;;;;;;;;
;;;;;;;;;;;;
;;;;;;;;;;;;
;;;;;;;;;;;;
;;;;;;;;;;;;
;;;;;;;;;;;;
;;;;;;;;;;;;
;;;;;;;;;;;;
;;;;;;;;;;;;
;;;;;;;;;;;;
